FECHA;Cluster_0;Cluster_1;Cluster_2
2015-01-02;57.98134704942964;49.17767184247931;63.39560586157914
2015-01-03;59.58145201592427;50.391749724763166;65.52716840225078
2015-01-04;59.13989351797156;52.77531832031293;65.54239228941566
2015-01-05;58.00176383933251;52.14231643746014;63.99647939763665
2015-01-06;59.03842938260332;50.86805555545808;65.43781648982414
2015-01-07;57.826140546547855;49.97318812568854;63.411037845987565
2015-01-08;58.18896891950637;51.09705806636893;64.01781388085999
2015-01-09;58.17520119598902;50.33871955147753;64.5017905468797
2015-01-10;59.21008271948834;51.10065387190591;65.93847654855553
2015-01-11;59.33533541296296;50.239477331569844;65.95454288057557
2015-01-12;57.943305622814556;49.739784140656965;63.21314978316246
2015-01-13;57.20172060102616;50.3383327617123;63.12539077455139
2015-01-14;57.58105685793968;49.6472686458788;63.49529315313138
2015-01-15;57.61588807462851;49.082167053278205;63.68436499381801
2015-01-16;59.18765329420278;51.668502305777615;66.6653339984333
2015-01-17;59.257533268333624;50.28687458425486;66.2581413855465
2015-01-18;59.229607321595346;49.97686209981444;66.2261328422986
2015-01-19;58.579418618164354;51.920353178518056;65.51778725178062
2015-01-20;57.44554480369486;49.32330068595626;63.11847654162807
2015-01-21;57.94228005785787;49.20532784117945;63.55312728930009
2015-01-22;58.23526008758759;50.48613806146492;64.25335978364066
2015-01-23;58.853584962501316;50.22850171326332;65.00968505812259
2015-01-24;59.84843394424851;50.45903895332355;66.36219420972357
2015-01-25;59.066341702963115;50.005129737483415;65.61581514143724
2015-01-26;57.22074516963613;50.25812878353288;63.02370544922962
2015-01-27;57.48124107644517;49.38070405875742;63.02570461916745
2015-01-28;57.80727839757535;49.96121983608817;63.61462622395581
2015-01-29;58.14163990420019;50.04284351188404;64.27362244262594
2015-01-30;58.44229050483129;49.81456055188758;64.31040832154754
2015-01-31;60.93814884672892;53.38588226430116;67.68568155384405
2015-02-01;59.79693200652104;50.70553364886167;66.2624067201783
2015-02-02;57.26839678243681;50.18944782819708;63.047206762642745
2015-02-03;57.86799664678347;50.974974977270136;64.23231952848302
2015-02-04;57.93499531529311;50.16486008661598;64.38933463453364
2015-02-05;57.89963423927177;50.25253669379601;64.39358664385371
2015-02-06;58.902233759272555;49.54046793436453;64.87144090154264
2015-02-07;59.26528427078756;49.715426517063115;66.02791266321535
2015-02-08;59.434857300888595;50.0893604539657;66.53628565073426
2015-02-09;57.64290772429214;49.557832868488816;63.33858487748486
2015-02-10;57.12241602702558;49.465093449937825;62.90162216505655
2015-02-11;57.35545597375565;49.47726153653821;63.3098436151768
2015-02-12;57.890292688257375;49.95066955453346;63.786127768678824
2015-02-13;58.75993311956243;49.94401832687237;64.99688374784779
2015-02-14;59.66521703529147;50.58477844965374;66.21116688600168
2015-02-15;61.10828880693528;52.05827357666032;68.27929770570616
2015-02-16;57.46975393545203;48.944159752196;63.1907005273526
2015-02-17;58.46083680779239;51.45951271643472;64.36542253480434
2015-02-18;57.71213449511777;50.222166318019376;63.37760533511058
2015-02-19;58.69383636364149;49.37958329843579;67.57674675246177
2015-02-20;58.19733552714487;49.888519377661765;64.83439743348005
2015-02-21;60.09545887591051;51.01102712477069;67.89960862367985
2015-02-22;59.4307553512911;49.67562481686021;66.03822282174947
2015-02-23;57.66960217908472;49.11636877282384;62.993278065962535
2015-02-24;57.3475046428738;50.37764281133124;62.65998089287037
2015-02-25;57.378793486348485;49.78089453585419;63.24470787022693
2015-02-26;57.892608370504206;49.75277309629245;63.798608150370704
2015-02-27;58.47066525329587;50.17236707176706;64.44769126566396
2015-02-28;59.17788496821987;50.58000695344301;66.12664855621031
2015-03-01;59.83191664276336;50.85025034157923;66.38905211795822
2015-03-02;57.33917132353469;49.56024358022694;63.70972068219213
2015-03-03;57.53690307286702;49.45724043028644;62.7700739045907
2015-03-04;57.1517807058924;49.39289852986724;63.258918590620226
2015-03-05;57.40641554077569;49.646548842655484;63.65440908320019
2015-03-06;57.72377853599929;49.233360942986494;64.08535995006399
2015-03-07;59.182242749162256;50.51437724172069;65.64133754678198
2015-03-08;59.039342412756156;50.64945775476129;65.7892042157825
2015-03-09;57.16532121975647;49.34941209604367;62.551872804079814
2015-03-10;57.15592116507543;50.010266911399995;62.40053432659546
2015-03-11;57.91038765179975;50.40346885697646;63.46209271575801
2015-03-12;57.765021086139726;49.358666725521594;63.25520038632794
2015-03-13;58.16832517060496;50.2197131220415;64.19483271819438
2015-03-14;58.91607677682217;51.558382792619426;65.46103282616201
2015-03-15;59.16680157034324;49.98076048307919;66.06822090805659
2015-03-16;57.64948994190828;48.921495041493515;63.27081454254377
2015-03-17;56.93151454175841;49.40084437270984;62.91410567706626
2015-03-18;57.457770525860695;49.143988652167565;63.13687634733583
2015-03-19;59.47987709971837;51.06687760778992;66.33115906535139
2015-03-20;58.14008954575748;50.80195957418887;63.775336655039624
2015-03-21;59.68796734088581;51.80229843902023;66.72138526756353
2015-03-22;59.75622629211483;51.61255218826787;67.12459936760779
2015-03-23;59.0260907658662;51.85081495319578;65.2975713060731
2015-03-24;58.93111070768133;51.965284238315085;65.44565147545346
2015-03-25;57.82845086101064;52.391146093446835;63.73543587936983
2015-03-26;58.051204860827184;50.873976925209796;63.94353707810764
2015-03-27;58.72598195071468;51.03545674026201;64.82056615573431
2015-03-28;59.60925206505877;51.901917620202354;65.85211276771582
2015-03-29;58.68950058084031;50.81609846923377;65.55374426448661
2015-03-30;57.54862669602303;50.4175480429025;62.8884942610437
2015-03-31;56.98317120226765;50.665290170303415;62.63489915336965
2015-04-01;57.16589805002705;50.45761117222956;62.885849063068584
2015-04-02;57.12267938430273;50.122404204904136;63.05987040440468
2015-04-03;56.96760670065054;50.37717128629039;62.777856393026205
2015-04-04;56.62758845309775;49.84671710225919;62.52505660065922
2015-04-05;57.51653875464819;49.15632439738732;63.60199644509636
2015-04-06;56.982557220939036;49.796181137471294;62.70833512062155
2015-04-07;56.54300068855596;49.50152543549273;62.28953122908598
2015-04-08;56.69718894956426;50.138537800789386;62.82928815191096
2015-04-09;56.72518104758001;49.82207103886401;63.29384056939897
2015-04-10;58.192374026294964;50.420728379191864;64.56474962072636
2015-04-11;59.105264609954915;52.237350418068836;65.71324331645195
2015-04-12;58.7797530322582;51.126247444430994;65.7883373329186
2015-04-13;57.37394569904317;49.89267600934361;62.78252346285173
2015-04-14;56.88892817496851;49.95610781887683;62.36975057325872
2015-04-15;57.29328300716382;50.03960788776474;62.61256140767712
2015-04-16;58.98538639510723;51.64925607191727;65.56941493003998
2015-04-17;58.75667318513809;50.37364431090178;63.8823187038635
2015-04-18;59.11766368907071;50.97540466697524;64.8601420532111
2015-04-19;59.160051090749654;50.28619792091021;65.86909052305545
2015-04-20;57.34080305039835;50.15750166848548;62.68427717835742
2015-04-21;57.00150919545698;49.90741282315472;62.384775414030706
2015-04-22;57.203567302920504;49.750383264106205;62.963268041144445
2015-04-23;58.014120809746494;50.581696401954844;64.2917275852353
2015-04-24;58.29514474419088;50.29307873006506;64.09100328706084
2015-04-25;58.795503215530175;51.17089051411547;65.06169132516999
2015-04-26;59.30343492688918;51.68363545819499;66.27023233621438
2015-04-27;57.680602187522894;50.47288142596834;63.233575000940704
2015-04-28;57.2438441841268;49.927266190646726;63.4972180886497
2015-04-29;57.06301344655505;50.47029902398812;62.856214948715355
2015-04-30;57.85560811263545;50.8278659516686;63.45006428630613
2015-05-01;58.44646352463873;51.41833350564302;64.6497848532162
2015-05-02;57.911359395041934;51.93500232787215;64.22611338128469
2015-05-03;57.87109337965083;55.54976727341591;64.12218300307204
2015-05-04;56.99851624560289;49.51583395303567;62.63692757196853
2015-05-05;57.29656285734973;51.86137767575809;62.43324828407594
2015-05-06;57.240557796411764;50.05921966359055;62.864679017300766
2015-05-07;57.37469346575183;50.81588826161486;63.21247325373908
2015-05-08;57.96296105574538;51.13009903459126;64.28560667566005
2015-05-09;59.04541538687024;52.87936961981469;64.81424296072397
2015-05-10;59.112536638553124;51.856717333894906;65.2364454155732
2015-05-11;57.527733958711266;51.18223151960022;62.42036692277888
2015-05-12;57.03339604785886;50.75034115118545;62.494385345303584
2015-05-13;57.12420501071145;51.08452558697478;62.75828869164584
2015-05-14;58.136327078643184;51.772646457123784;64.09460251055413
2015-05-15;58.383502722237175;52.415359546070086;64.28287491324255
2015-05-16;58.27934330995778;52.222137256602245;64.40620880627532
2015-05-17;58.75562673840639;51.7531515655418;64.95516285855167
2015-05-18;57.28193400505767;56.49635322507666;62.895559273043176
2015-05-19;57.33090292413529;50.40045374159306;62.05858150580433
2015-05-20;57.557749380742536;50.67817140537162;62.785325327408714
2015-05-21;58.73922040258003;51.06482789564158;63.456219418830386
2015-05-22;58.22541979301239;51.26866943055977;63.97856653757155
2015-05-23;58.991455867310655;52.433932553984526;65.04224746333789
2015-05-24;59.07015037922436;53.12655255484433;65.61195525326517
2015-05-25;57.552284865386326;51.35929587814402;63.430838304976106
2015-05-26;57.28346065752116;50.86073556777036;62.72526306452595
2015-05-27;57.17677828800734;51.61533848924214;62.934911343378076
2015-05-28;57.49735563491061;50.97537173139044;63.2032142850845
2015-05-29;58.043282331432366;51.899004329090616;63.721994417839085
2015-05-30;58.44418489405467;51.81221732202319;64.84806891636089
2015-05-31;58.48934416337673;52.145845551312135;64.98437125022708
2015-06-01;57.235071513777726;50.716212035833365;63.08215296120214
2015-06-02;57.01785413754514;50.56636661559371;62.8288402568041
2015-06-03;57.60027951924027;51.789356849927515;63.287578161870506
2015-06-04;57.85112595089223;51.77855551407097;64.20842722116252
2015-06-05;57.340607541793275;51.461579103249136;63.08938155666866
2015-06-06;58.21430870769607;51.82295763240344;64.59587143672812
2015-06-07;57.98192220520795;52.846268786753974;64.97179226196592
2015-06-08;57.30490477302286;51.180251660076635;62.58430126920481
2015-06-09;57.22735315157899;50.363572750250974;62.3874767264127
2015-06-10;57.28961512001746;51.799993329031906;62.894015233658145
2015-06-11;59.460077789414115;55.99914714610107;65.19495851365991
2015-06-12;58.09937677637066;51.089060935215834;64.47600560077049
2015-06-13;58.605912774381025;52.206066540059936;65.31603815191093
2015-06-14;59.16647117856132;51.35153352398264;65.25860629318649
2015-06-15;57.93076549967191;51.343200155234925;63.958880174306216
2015-06-16;57.374288825129554;50.777115468888745;63.35755467411133
2015-06-17;57.33837353581434;50.73779411490845;63.36981722842366
2015-06-18;57.754094578443286;52.70541224051669;63.70977466550082
2015-06-19;58.110370323593735;52.06448669596749;69.95697603394059
2015-06-20;58.99073996051755;53.37059063572233;65.05353332180073
2015-06-21;58.980841144457315;52.43136167649648;64.86652337458506
2015-06-22;57.44677566681204;50.980945964184144;62.528365500524146
2015-06-23;57.21257142249839;51.13032270733194;62.80284512888612
2015-06-24;57.35863772619804;51.364266186958965;63.37162165801714
2015-06-25;57.976479789672965;51.62838015681886;63.522555547835
2015-06-26;58.225121883152724;51.86877032668214;64.456539782003
2015-06-27;58.973510944311656;52.660005225148765;65.22350899740233
2015-06-28;58.61161673770375;53.169921978047824;64.6711662664361
2015-06-29;57.55723235413011;51.510700111222754;62.80410287056216
2015-06-30;57.12669711739717;51.39244907188869;62.826686470617084
2015-07-01;57.145326641112455;51.83176016379746;63.49125193026106
2015-07-02;57.67636796970821;51.172245928003505;63.787033125846484
2015-07-03;58.60693675966192;52.70228308657281;64.35025046360488
2015-07-04;59.0923007969555;52.66026035321982;65.27631527045722
2015-07-05;59.07782359574468;52.28058370801928;68.25290572547485
2015-07-06;57.70747159489111;51.04937561614861;62.8465066724446
2015-07-07;57.93476109930605;51.824036459662665;64.02864898124342
2015-07-08;57.682261402346;51.43684882524951;63.59992519418618
2015-07-09;58.10198486641383;52.54584694389386;63.61970486663472
2015-07-10;58.36003236442841;52.437395152627815;64.07180207933418
2015-07-11;58.93842886813903;52.24345161415826;64.56290515783009
2015-07-12;58.577455716560706;54.13271611525111;64.47574138531311
2015-07-13;57.500325487806485;50.697617375530406;62.840933726794475
2015-07-14;57.36971023011283;51.01515122233228;62.58845338800177
2015-07-15;57.960998624420554;51.783788803173024;63.21396454436682
2015-07-16;57.80513371719675;52.160383794109904;63.25375585381291
2015-07-17;58.22593312026352;53.21651716795035;65.07363245058403
2015-07-18;58.43312845662474;56.84416065399957;64.41421735749283
2015-07-19;58.13142051821545;56.77829750228405;64.68035792083688
2015-07-20;57.49174033712123;55.27167376079888;62.98362077129883
2015-07-21;57.54970231078437;51.21972988069989;62.62359471819276
2015-07-22;57.46260782368995;51.296432732335624;62.97540725124617
2015-07-23;58.031000676394655;52.12757111750956;63.85525767702496
2015-07-24;57.95233562683676;51.94634596253906;64.96478157273825
2015-07-25;57.926991258613505;51.27356703409855;64.4809245009059
2015-07-26;58.07296681955101;52.7323364421279;64.24775384374244
2015-07-27;57.37562964574674;51.217160565946855;62.67729757280328
2015-07-28;56.66706409674764;51.2085848763647;62.492955952916596
2015-07-29;57.28718391026865;51.215104744673845;63.021105909607954
2015-07-30;57.882953018457776;51.61243367453289;63.71666495177955
2015-07-31;57.51425681544347;52.848024693297205;63.86880179828338
2015-08-01;57.878146880731634;51.87913008202877;63.88657798550872
2015-08-02;57.86416139320103;51.015710430787145;63.97439668532072
2015-08-03;57.04905612975001;50.887846610485795;62.40245358526643
2015-08-04;56.489109176343256;51.52243797249335;62.30655723821165
2015-08-05;56.99923992239559;50.85885423163398;62.39381998277514
2015-08-06;56.74039742927209;50.87184227993242;62.6453595241336
2015-08-07;57.41166593803012;50.19126117326124;62.81279323174228
2015-08-08;57.217624522672466;50.76788890811024;63.235983528963466
2015-08-09;57.78533094234235;51.58381901236311;63.71124570429855
2015-08-10;56.61603394680626;50.90702168905972;61.770663456895235
2015-08-11;56.69420928060237;51.92672021424727;61.62715525756154
2015-08-12;56.78344006883677;50.72872732228521;62.34934603195433
2015-08-13;56.64401601878389;50.367144139341804;62.1844073044054
2015-08-14;57.196019109185976;50.069448591763894;62.62416728301603
2015-08-15;57.25275543301896;49.79957012612401;62.59188433526021
2015-08-16;56.94804590268766;49.83490130013042;63.26797521635764
2015-08-17;56.55598602648713;49.632533181813294;61.620611932132775
2015-08-18;56.13765002244048;53.96183775531788;61.30054273207073
2015-08-19;56.84462301817602;51.10479099571673;63.04927247867535
2015-08-20;56.67312289731255;49.83396262091644;61.921703502654644
2015-08-21;57.07701864161595;50.07948036315351;62.21344371374062
2015-08-22;60.54313078319236;56.09282044255535;64.11344159209202
2015-08-23;57.29808951934806;50.720235821603474;63.20503416976351
2015-08-24;57.86687997178032;51.14007258339109;62.47305197718572
2015-08-25;57.002855998624625;49.59489720893056;61.47898271195751
2015-08-26;57.321751766843846;50.082749230920854;62.10756663007821
2015-08-27;57.37996204133158;50.69609917097218;62.26044351967791
2015-08-28;57.55435780543167;50.02653059209752;62.80053743353524
2015-08-29;57.80657816684352;51.219955343472385;63.542949780866905
2015-08-30;57.637971808576616;50.445232070057536;64.3414467178937
2015-08-31;57.99693612845832;50.23996239188257;62.955647403591314
2015-09-01;57.18684584610112;50.764776322946126;62.84156047444091
2015-09-02;57.21751665164487;50.71463924453064;62.70090283166944
2015-09-03;57.73152345982207;50.13534654256698;63.0711890588364
2015-09-04;57.885458578821215;54.65811590574454;63.771308906823315
2015-09-05;58.55595230433352;54.04621591755212;64.9678367168332
2015-09-06;58.474015128916506;53.215941600564264;64.88238005448171
2015-09-07;57.21533369227938;55.17921989099047;62.56802778517063
2015-09-08;56.91914396931484;49.059807560922934;62.66720308525298
2015-09-09;57.39245584305223;50.14235142553591;62.74049815180562
2015-09-10;57.24028883258734;49.5723533991755;62.95512241650802
2015-09-11;57.80372835433706;50.110274147594474;65.574958933702
2015-09-12;59.255570724181716;51.28666000197004;67.46524506683795
2015-09-13;58.94065167616117;54.472224864773224;65.03795125919915
2015-09-14;59.58076592694514;50.57131700377045;62.55258525732785
2015-09-15;56.664541798869934;49.53265344949507;62.452612958385565
2015-09-16;57.19497876084385;50.03316016907999;63.43209441320368
2015-09-17;57.59385174282726;50.31893694958961;63.83506464054308
2015-09-18;57.99432686764756;50.78529322483198;64.55716508869929
2015-09-19;58.70425538027712;51.0223730909031;65.60362359134828
2015-09-20;58.98661557927862;51.347519221271476;65.85287308799519
2015-09-21;57.104038606018875;49.82170544835566;62.51705622529822
2015-09-22;56.79458525535437;49.42206694843031;62.19700137423033
2015-09-23;56.8964782214841;49.94119533649909;62.752907528621826
2015-09-24;57.254611377716856;49.720813774347555;63.15662896102494
2015-09-25;57.539132934005146;50.47538298871672;64.13696047761897
2015-09-26;58.4618846701253;50.7128332220649;65.4843676816881
2015-09-27;58.850204959224264;50.36260540326496;65.74692769909828
2015-09-28;56.870098491952525;49.197336315779296;62.386165414106756
2015-09-29;56.70344744337537;49.501834476275654;62.76852500488993
2015-09-30;57.10525731720086;49.73148192237272;62.986651570986574
2015-10-01;57.58428976951586;49.922518110432705;66.74911815314984
2015-10-02;57.65711106457685;50.269620154151404;63.92876278230087
2015-10-03;58.682483278428265;51.45317565470456;65.9931557403314
2015-10-04;58.95177264665059;50.350908898870976;65.39507925397308
2015-10-05;57.931341052063594;51.08335441688219;63.46516957045674
2015-10-06;58.40616840184378;52.593622499437515;64.3886291865584
2015-10-07;57.29302977738058;49.4454423558292;63.37309633138447
2015-10-08;57.371599302482224;49.789878711822986;64.70721000945737
2015-10-09;58.353302535025165;50.42918032897005;64.19228283936515
2015-10-10;58.69364273099822;50.98827536972262;65.65619644467785
2015-10-11;62.10211986000022;49.930532545892454;65.67976549890795
2015-10-12;59.7903932010907;48.872428359102116;63.47785583476718
2015-10-13;58.222816745767;49.52818198494555;62.58337274614156
2015-10-14;57.22445932569724;50.266826670074806;63.70106381780544
2015-10-15;57.43096419998331;50.020100622909034;65.01702106717173
2015-10-16;57.973916907384755;50.5641283900163;64.4663051605825
2015-10-17;58.84330465966217;50.76194840438761;65.48214393018704
2015-10-18;59.89660953817423;51.630064708377034;67.54326533295115
2015-10-19;57.703072038258;50.20477480961972;64.2182393019956
2015-10-20;57.31995419834978;50.06135494959514;62.69562299597293
2015-10-21;57.286928612899366;50.17053886036656;63.83450412432242
2015-10-22;57.74348052922193;50.31636025815838;63.75508050818988
2015-10-23;58.32833013676964;50.65458934653642;64.18988978004067
2015-10-24;58.997084601579026;51.86885328107965;65.38783261116505
2015-10-25;59.085979821434464;50.73840785671575;65.33312446247425
2015-10-26;56.70360999612973;49.14810699561777;62.56003033306201
2015-10-27;57.279232727092165;49.52546812691095;62.52988272388488
2015-10-28;58.15459016446781;50.80251234001854;64.25430546995278
2015-10-29;57.44374684214284;50.19383304452728;63.8031178246704
2015-10-30;58.00165131942896;50.556187447787394;64.41901917178073
2015-10-31;58.87116668479695;50.48331791063209;65.51894627283707
2015-11-01;59.404537336814;51.470597856158264;66.11530713547812
2015-11-02;59.08192265642419;52.60474128175245;65.19044155154998
2015-11-03;58.146295047723754;50.884429915511866;64.31243543120924
2015-11-04;57.84576248820276;50.14509756965807;64.32615049087488
2015-11-05;57.797632408669116;50.284421753490285;64.01692936175449
2015-11-06;58.50309427598027;50.55865511588919;64.45004115409952
2015-11-07;59.17933226225016;51.02561041454476;65.2805607127172
2015-11-08;58.780531991155186;50.14938710464303;65.6725977125807
2015-11-09;57.809593700136176;50.37527082741741;63.73808378760343
2015-11-10;57.66885348671739;50.414620373874826;63.04705484975496
2015-11-11;57.39192888671367;50.902193530983915;63.22656463549486
2015-11-12;57.766641778487944;50.48783146634095;63.60712767324305
2015-11-13;58.43508782249502;50.67900158819499;64.27052516449265
2015-11-14;59.415309970143596;50.81403864803914;65.28473285124491
2015-11-15;58.88560556114638;50.469570191550936;65.81594126408964
2015-11-16;57.066400088416984;49.22697321283992;63.880860687245296
2015-11-17;57.42799146209705;49.692048484298645;62.8074379371219
2015-11-18;57.91165403863302;50.419549835536664;63.267111344912806
2015-11-19;57.75373207081028;49.94725831942023;63.81218052188047
2015-11-20;58.13637781059234;50.87620871180788;63.971960551126855
2015-11-21;58.94873988959668;52.01029250826754;65.23110512302645
2015-11-22;58.91415029710929;50.04644525788606;65.87030419808167
2015-11-23;57.325521641816295;50.491555397141006;63.100430511693084
2015-11-24;57.722901020518236;51.2596459572092;67.01128101758202
2015-11-25;57.59648882542039;50.18140313962175;63.498623599637
2015-11-26;57.902644290859115;50.24315683650485;63.665764222713825
2015-11-27;57.816886205332416;50.927525155744924;63.12726939347278
2015-11-28;59.01361654809064;51.535482128854156;64.21836084928208
2015-11-29;59.28412944757086;51.47696219039765;64.55700354122772
2015-11-30;57.846204703629176;51.69518660810216;63.33237187949037
2015-12-01;57.072391495632644;50.8936454779265;61.862338286301835
2015-12-02;57.48724072690743;50.464063877459324;62.71809334530768
2015-12-03;57.92524646463204;52.5877349052475;64.09413597581116
2015-12-04;59.04033722590213;51.14712711709052;65.20596290518908
2015-12-05;59.30262568140458;52.71742236647272;65.46186046644338
2015-12-06;59.0339670188407;50.8511303750317;65.43889571871588
2015-12-07;57.97193292576072;50.5020461909847;63.50904257665775
2015-12-08;58.170791881880426;50.16423321210777;64.04854110522368
2015-12-09;57.90212020542689;50.14043148149401;63.487418119917564
2015-12-10;57.936968922858995;50.242712461043276;63.96831080402404
2015-12-11;58.657905577713734;50.92799339351031;65.13001536578183
2015-12-12;59.608594521995585;51.06964851566972;66.20554385028368
2015-12-13;59.894636897219335;50.370985973322945;66.71889364273585
2015-12-14;57.245154610170886;50.3046142592498;62.97590766005353
2015-12-15;57.56096164707368;49.81716840930517;63.62317125708743
2015-12-16;58.061872651722545;50.663588220868334;64.15693957072844
2015-12-17;58.440190036495714;51.30061347136519;64.8276318071396
2015-12-18;59.40539056115834;51.58583979431202;65.89720649410137
2015-12-19;60.295920103938414;52.28055434303823;66.62761237620307
2015-12-20;60.15512572969775;52.021003519141985;66.76285009219785
2015-12-21;58.456938456616285;49.83674661772922;63.32775640350736
2015-12-22;58.577521059816874;51.24618120810797;64.4070865857697
2015-12-23;59.36459037531782;51.4438308209072;65.51209016881506
2015-12-24;59.06181046144105;51.371775731806295;65.0630886134364
2015-12-25;65.56769749770262;59.53897091368042;64.77865860480757
2015-12-26;57.68379936843574;49.95420965380815;63.38702659618717
2015-12-27;60.682097887036896;51.53062616051538;65.56573929449327
2015-12-28;60.44042839882636;50.096860611053856;63.60420828055396
2015-12-29;60.03669415985136;51.314169619382895;65.32189876417833
2015-12-30;58.72782340384255;49.588211150244206;64.46869506854794
2015-12-31;59.220458298270344;51.01139338660407;64.23844913307191
2016-01-01;71.16894273904556;74.88715057189602;66.40917195863796
2016-01-02;57.39084060416627;50.65365739939219;63.36203775181487
2016-01-03;60.41005000784302;50.63589621387603;64.59013475170433
2016-01-04;59.091625646611796;52.06211094527583;63.29993629331583
2016-01-05;58.222376621068754;51.154499314211;64.08148979453561
2016-01-06;59.698335756239665;59.387780924225815;63.98829104125747
2016-01-07;58.56579339049135;51.569688080213695;62.117578392917025
2016-01-08;58.61716534787423;51.63371182641849;63.170672258476976
2016-01-09;60.363351994380096;52.300121864032846;66.1398055585424
2016-01-10;61.03295503064644;51.767389079014656;64.44179371799657
2016-01-11;59.61341751096195;54.40142232119065;63.65303600367278
2016-01-12;57.54365593126943;50.736971629056;61.83903292359243
2016-01-13;57.98179703815087;50.24492663016232;61.924942956170135
2016-01-14;57.9951513287837;50.64579055268282;64.01636592561789
2016-01-15;59.17086877567266;50.46628256473869;65.3829961916357
2016-01-16;59.671507839759634;51.061852709903015;65.77509164560789
2016-01-17;60.044988926892096;50.84890494287506;66.26308469265574
2016-01-18;57.49255408684023;49.402361033380096;63.20920177557152
2016-01-19;57.20221078746466;49.58892210934698;63.021789574049684
2016-01-20;57.77332812195895;50.15638266171887;63.74977616371126
2016-01-21;57.92699723364525;49.51457271495242;64.36057993605816
2016-01-22;58.497816313690045;50.18001630863884;65.02080360087021
2016-01-23;59.70738013695047;50.8500448614216;67.41384727234616
2016-01-24;59.338851130584416;51.37676871503891;66.04933086868571
2016-01-25;57.3833789906855;50.21118478359415;63.15858461502674
2016-01-26;57.05342086461926;50.3216484046923;63.08348505700621
2016-01-27;57.705920470734696;50.03737409323488;63.549417312377024
2016-01-28;57.76560639208307;50.357716250909306;63.7876113146189
2016-01-29;59.439505205894996;51.488871633190584;66.52766872897067
2016-01-30;59.475562634918155;51.24467729011209;65.8772399103657
2016-01-31;59.23903215166313;50.31499366780787;66.06228281439448
2016-02-01;57.9063128489231;50.73208064206444;63.801847730309795
2016-02-02;57.20126662306335;50.032153333726335;63.09887013174294
2016-02-03;57.51281548533675;51.088614185681735;63.34432208695802
2016-02-04;57.74951938072536;50.75648355424563;64.3470939935653
2016-02-05;58.281951959069204;51.02673793537632;64.83161951591691
2016-02-06;59.38056865537448;51.0622407718667;65.95053521513086
2016-02-07;60.91180405084902;53.936542230725486;68.40520763755364
2016-02-08;57.66587685627178;50.34659285415241;63.868249356945356
2016-02-09;57.372329223919685;50.846691712185965;62.738919311598465
2016-02-10;58.006257766498344;51.041949364735416;63.6364758289339
2016-02-11;58.17823168045787;50.52899905254169;64.12301889774233
2016-02-12;59.19249366727094;51.40468456886863;64.62116544354929
2016-02-13;60.066727040623995;52.94462698036177;66.31826511780248
2016-02-14;60.93943491047855;52.20164172017476;66.82970951425376
2016-02-15;58.40923529986658;50.31494961535018;63.918076411228746
2016-02-16;57.890599180092806;50.3609045645787;63.26473523880886
2016-02-17;57.95743795287887;49.837902787174926;63.81845903568284
2016-02-18;58.80990035769844;51.7315708852308;65.36703926061446
2016-02-19;58.7124462326213;51.23117051255772;65.38883450623244
2016-02-20;59.04368489101233;51.00741546122718;65.71292916971433
2016-02-21;59.301746433597785;50.66808867614;65.80169854827949
2016-02-22;57.47650160320156;50.4319228334474;63.00583336142867
2016-02-23;57.6077775093419;50.30544086317049;62.938224533061025
2016-02-24;57.4685125864217;50.251277461617676;63.47615947395682
2016-02-25;58.432684901244905;50.61571709735184;64.44871119868294
2016-02-26;58.481054332045794;50.40742820642219;64.77751234987318
2016-02-27;60.46365582364401;52.2735863799366;66.89496984660333
2016-02-28;60.0533285791261;51.78195611148098;65.75172225080759
2016-02-29;58.442513220028104;50.122344952112684;63.089860533276536
2016-03-01;57.39651557374343;50.75359695414494;63.16888681156826
2016-03-02;57.91841139163707;50.9755173833824;63.617742468266215
2016-03-03;57.69979036479701;49.96819714004402;63.74922986310025
2016-03-04;58.37838383166856;50.82467157394693;64.774132075579
2016-03-05;59.32222466107141;51.20627084274341;66.04498436841428
2016-03-06;59.57405301757031;50.01472933652402;65.95177244361307
2016-03-07;58.124945704137325;50.6131305986043;63.541252476961986
2016-03-08;57.28467108567895;50.140382218720674;63.13740921440201
2016-03-09;57.95201926791161;50.62295927238723;64.17566594110716
2016-03-10;57.73515371692589;50.281775676202585;63.775801253522246
2016-03-11;58.31211373303755;50.63561970979513;64.69637872175119
2016-03-12;59.241488049965724;50.588698902799685;65.92882512648931
2016-03-13;58.86677247457699;50.56592192587944;65.52845455080677
2016-03-14;57.66569696071319;49.926214353014295;62.9873222404354
2016-03-15;57.20516438704696;49.76303459378694;63.23661014990063
2016-03-16;57.960216909217976;50.544976158482356;63.572260001113946
2016-03-17;57.93422468187005;53.52010240623238;64.0708286009323
2016-03-18;58.52076763309764;51.144765880807405;64.72233568158688
2016-03-19;61.03598387676062;53.12373430614443;68.47629159503799
2016-03-20;59.139219672673555;50.18071457240951;65.24708304349463
2016-03-21;57.30723822698154;50.351559297926194;63.582468191803386
2016-03-22;59.20194001146855;53.24975689774506;65.85783955282297
2016-03-23;57.8586200662097;50.17943826268705;63.40250672299385
2016-03-24;57.64654615611525;49.33568709339559;63.3726299457318
2016-03-25;57.13302706570592;49.033428537020015;62.65635180898002
2016-03-26;57.98071684275029;48.77170081331503;63.25454130257445
2016-03-27;58.25690760963536;49.95338985739372;65.00235128881529
2016-03-28;57.58542437575548;51.63938743839821;63.161184428179794
2016-03-29;57.15758426299878;50.684594010676406;62.701790890675085
2016-03-30;57.518124772541086;50.191698115292596;62.88912436124796
2016-03-31;58.353574382174926;51.427356235800445;63.7083282115435
2016-04-01;58.433647723461945;51.078971781190646;64.62313073138347
2016-04-02;58.938195231550814;51.91263647094634;65.45512061844713
2016-04-03;59.63804339777546;50.22456081712044;65.12353715472264
2016-04-04;58.275923633740135;51.594432751923314;64.46685215509204
2016-04-05;58.101520489535744;50.38198462739758;63.699608282510354
2016-04-06;58.12187334967913;50.41426354701947;63.48968351757701
2016-04-07;57.83615998571135;50.28394632134065;63.745057832763486
2016-04-08;58.13496304932417;51.07354096009515;64.5226072669955
2016-04-09;58.563061154371994;50.80489028634833;65.2319084694736
2016-04-10;59.20426441831381;50.61099114132972;65.37986137732175
2016-04-11;57.89055425853414;50.36957108060247;63.57390336005123
2016-04-12;58.05987299973505;50.451581544876916;64.56404269353898
2016-04-13;59.62541619327518;51.73499336759978;65.90168780847294
2016-04-14;59.51512265072622;51.76945259051409;64.03723572971992
2016-04-15;58.55230662974097;50.43535730271892;64.42435219984303
2016-04-16;59.382231740098995;51.16408210609773;66.33245610317954
2016-04-17;59.34020610956317;51.40178622742964;66.03979825484222
2016-04-18;58.17301836758752;49.985704071116565;63.31088416571851
2016-04-19;56.931988582305976;51.019362562354324;62.36866177432474
2016-04-20;59.350616114179225;53.67096155102377;65.54184341846259
2016-04-21;59.168964866431665;51.607614313951665;65.71161745933715
2016-04-22;58.62979647749437;51.85730282630203;65.17431153161573
2016-04-23;59.71231724904109;50.93850593178446;65.91736150062837
2016-04-24;59.825606101061496;51.129105124071614;65.8007134189907
2016-04-25;57.106033531439316;50.42056455842606;63.01864857763781
2016-04-26;56.979005557575235;50.71632662890593;62.73937349742912
2016-04-27;57.70704731297079;53.28936783859187;62.95364483245045
2016-04-28;57.7452298682871;51.036701472391066;63.67375530568567
2016-04-29;58.35312653557339;50.4701027828823;64.3017206154826
2016-04-30;59.8273758696801;53.49192994521205;65.8812967293848
2016-05-01;58.743785809491406;50.6511973639439;64.87734558724927
2016-05-02;57.90047400427468;50.43603000197221;62.94536739116917
2016-05-03;56.8494203695431;56.796756701700275;62.786195691416594
2016-05-04;57.6942846543558;51.22029597233097;63.13710133577839
2016-05-05;57.96826942707659;51.16653693985552;65.13260743086065
2016-05-06;58.12453225063544;50.4588036428218;64.41345212988283
2016-05-07;59.630115811678095;51.57280327819015;66.8135398813831
2016-05-08;59.84225177739786;51.782879297063;66.79932071484214
2016-05-09;57.431676597730615;50.19485267735054;63.65114984520603
2016-05-10;57.63304784284941;50.879893193945406;63.73699370869264
2016-05-11;57.81218721875455;50.77753838973641;64.34929687257298
2016-05-12;58.814825026439664;51.42111394118256;65.55603939583811
2016-05-13;57.97339205986732;51.04266820627045;64.54858448404278
2016-05-14;58.85260789980148;51.61934617200476;65.285329568791
2016-05-15;58.38780304243588;50.69432590064339;64.87716201098588
2016-05-16;57.668756277911925;51.09469034355356;63.638247324572944
2016-05-17;57.912931349135704;57.239060128554726;62.524445282683075
2016-05-18;57.05357345173307;51.016268376191725;62.85835305961722
2016-05-19;57.11303707724315;50.94772712913237;63.30519052453017
2016-05-20;57.71181905514582;51.8972115639599;64.35344291514653
2016-05-21;58.75904005783778;51.8178004583456;64.98170282927912
2016-05-22;58.3438165948852;51.90341765783326;64.8959635722114
2016-05-23;57.36955302581954;50.17545016740388;63.07916440438727
2016-05-24;56.45720628220144;50.49083329407083;62.627408997787526
2016-05-25;56.79458440739637;50.53624938645679;62.99779364100222
2016-05-26;57.07884451383029;50.16228980291463;63.075768159833316
2016-05-27;57.908509177399495;50.63867482220893;64.4087202818023
2016-05-28;59.01524906282427;51.341845203919256;64.9755738805807
2016-05-29;62.0366105016097;61.65457645743552;71.27607343894712
2016-05-30;57.169988043648274;50.63148372218822;65.42410399598356
2016-05-31;57.047807057944844;51.10259350125623;63.89810270097894
2016-06-01;57.688360943754674;51.17840634274499;63.56181410635649
2016-06-02;57.67888780096235;52.78085800502666;63.562819298658006
2016-06-03;57.74212238172381;51.64733827413428;65.03094209314683
2016-06-04;58.44787924947586;52.698130770379805;64.62558615795905
2016-06-05;58.91314477206699;51.603865423359174;66.61265221135854
2016-06-06;58.07809384550161;51.66259963009581;62.5366304528022
2016-06-07;56.79981022408295;50.48627431459478;62.52315724317057
2016-06-08;57.39350200379071;51.095901886796995;63.0258190485208
2016-06-09;57.29438394856258;51.58548083879087;63.303895114781234
2016-06-10;57.632496776588894;51.27496442543735;64.14834018161814
2016-06-11;58.924483109176926;53.68456400927929;64.72469720195069
2016-06-12;58.63500982904175;52.02707170333741;64.5892896434229
2016-06-13;57.568751588069375;51.92965110429347;62.75329307330885
2016-06-14;57.406022073056356;51.60058551881072;62.46789928310656
2016-06-15;57.44939048155388;50.92275490876329;62.94601727141525
2016-06-16;57.45226759661666;50.720748832483736;63.52985297327069
2016-06-17;58.17868100104815;50.87300417755735;64.39544657409728
2016-06-18;58.58577717762298;52.330489427112795;64.92816081407081
2016-06-19;58.70076116344657;52.193248800254025;65.07701070743023
2016-06-20;57.3848857789665;50.520415614822326;62.7004433079334
2016-06-21;56.749150531742806;52.7758830515514;62.181798126004935
2016-06-22;57.45431026914282;53.644004303437434;63.078526269701015
2016-06-23;57.8004864155194;52.05208034708758;63.534896283571925
2016-06-24;58.11495572864766;54.46176909886696;64.10162852577933
2016-06-25;58.443950114917584;53.95215588156999;64.71918977255447
2016-06-26;58.79757938626397;52.71918084844898;64.95110224929749
2016-06-27;57.574812873417535;51.88226394945598;63.01027251316209
2016-06-28;56.92374365980128;51.308269068141726;62.80821561272488
2016-06-29;57.1510918877005;51.52603840062675;63.344201329164775
2016-06-30;57.76779942911472;52.53996132967342;64.50014292107532
2016-07-01;58.79005316975303;52.42800377503254;64.40289665678395
2016-07-02;59.17305138038968;53.755835909758815;64.71765363359478
2016-07-03;59.550673993801965;52.78312920155442;67.41429857378824
2016-07-04;57.517238636981034;51.75196949292116;62.9460516078305
2016-07-05;56.55077270827087;50.669246486110254;62.48183679529667
2016-07-06;58.60565995549148;53.90816323822652;64.48587932799272
2016-07-07;59.19364279101376;56.11872503604212;64.65216806342382
2016-07-08;57.43753677810629;51.637661544992454;64.64401506909114
2016-07-09;58.269120219117305;52.17620443779559;64.3827454337552
2016-07-10;58.166819732050556;52.16272431224175;64.87919254217903
2016-07-11;58.19027513959993;51.89852467393206;62.625907836565844
2016-07-12;57.04668903559771;51.766827479195655;62.176910703468316
2016-07-13;57.59015742408289;51.536232222256125;62.99544782821455
2016-07-14;58.15359071204096;51.94265778071368;63.83924641770864
2016-07-15;58.08375935159723;55.83230050923143;64.50351971257018
2016-07-16;58.170922926162035;57.36380537481148;64.32536015320731
2016-07-17;58.09627534448778;56.23752381536445;64.39217958449981
2016-07-18;56.92279162835518;54.428563452346346;62.27540093532072
2016-07-19;57.43421512775848;51.53046585455036;62.28155686277029
2016-07-20;59.088863922749525;53.143192359414115;63.42856572831153
2016-07-21;58.562182125224524;52.357651244235825;63.19241567564081
2016-07-22;57.538613630346596;52.42306834255737;63.74151912375507
2016-07-23;58.02000630945778;52.29662995116038;64.09615705741456
2016-07-24;59.09245744976897;51.74053290493329;63.957316779544044
2016-07-25;57.26574011781927;50.76637207499984;62.18596643847603
2016-07-26;57.59464975568304;51.969450949634926;62.42655929818263
2016-07-27;56.95604881194051;52.495161906794756;62.68441967657215
2016-07-28;57.40444100438371;51.98952086453774;63.02391002482847
2016-07-29;57.98068515282424;52.15585351121641;63.63678369815386
2016-07-30;58.15282712555219;52.14145784481711;65.80914042096023
2016-07-31;57.889485366690224;50.546917081545814;64.822208356401
2016-08-01;57.02610421382744;50.87011403241468;62.7519272235626
2016-08-02;57.04844251609494;51.33322399945287;62.41949288820053
2016-08-03;56.84587913423199;51.31039511184404;62.57171560725745
2016-08-04;57.35368294745045;51.229864417192374;64.55817471986975
2016-08-05;57.64021999693827;51.593703272625405;63.04336182492676
2016-08-06;58.00678986438199;51.042140588348836;63.38622082434908
2016-08-07;57.4138024580279;50.78551863528095;63.20288830572741
2016-08-08;57.283576445225464;50.71743381284328;61.99248278768559
2016-08-09;56.95158369437409;50.718434773364564;61.81673395816052
2016-08-10;57.47157192563748;51.942557189340434;62.519321968632056
2016-08-11;56.730444250087615;50.39430875552103;62.38463945356624
2016-08-12;56.75446558537747;50.29179898441835;62.69225190768563
2016-08-13;56.8521688614953;50.88612050867937;62.94648672973837
2016-08-14;56.8373792865113;50.15346212629275;62.808795680024765
2016-08-15;55.976052402529255;49.71718818751992;61.86529543319929
2016-08-16;56.154395419693124;50.16423920645678;61.94942106990732
2016-08-17;56.14672904501917;50.979896484551205;62.312805701020054
2016-08-18;56.67488484249732;50.72560545055662;62.01536304133776
2016-08-19;56.434455456709884;50.274567951032566;62.29497141813156
2016-08-20;57.000903359472716;51.38489704593478;62.26874750598162
2016-08-21;57.01144009639034;50.834255588756164;63.03566626215874
2016-08-22;56.53921011402523;50.44266381490864;61.929665747095044
2016-08-23;56.68307625784738;50.3417689777234;62.07404582161716
2016-08-24;56.11646700082231;50.52574571097824;62.24715631684636
2016-08-25;56.85034531849608;51.8390013553241;62.16155519836925
2016-08-26;56.90470285428865;51.26211657476471;62.626798821983016
2016-08-27;57.34125097845756;51.68025337124199;63.05798583071939
2016-08-28;57.250064880709914;51.23686979570542;63.859541407103094
2016-08-29;56.68278194208593;49.720765315078395;62.013867700638656
2016-08-30;56.703606838575176;50.363591815090004;62.14095860292091
2016-08-31;57.29145293851457;50.38666281851292;62.735619231131864
2016-09-01;57.21937153452573;50.7094464252642;62.96613383285326
2016-09-02;57.19832857909741;50.644101385587675;63.584415311388625
2016-09-03;58.38638252388117;51.41860820811458;64.35561965872833
2016-09-04;58.050267631577455;51.40929286686281;65.14870806666094
2016-09-05;56.98702497465832;50.38623083940784;62.45238034515788
2016-09-06;57.073242329816225;50.65949449484513;62.4028476732114
2016-09-07;56.92273496537197;50.98859363389042;62.623837413849735
2016-09-08;56.963349440468036;50.88325720645542;63.13680000248599
2016-09-09;57.362150438557066;53.7778677557192;63.788577678193256
2016-09-10;58.74557654615672;53.81493886080769;64.81742380936674
2016-09-11;58.020951973559946;54.17559819649092;65.00105637471033
2016-09-12;59.16988027695034;55.82601517598896;62.81020686033859
2016-09-13;56.405513264923144;50.117428754523075;62.48410492745304
2016-09-14;57.378985313678605;49.69946180039113;63.41540454849067
2016-09-15;57.135930134958144;49.8465539187902;64.01940135287445
2016-09-16;58.01918355109149;50.40670739533319;64.59101652167858
2016-09-17;58.75764761566319;50.78920052469875;65.05382023832497
2016-09-18;58.677804723558;53.90384063794339;66.91417507315877
2016-09-19;56.88050323665344;50.04551029360169;62.74654334137929
2016-09-20;56.44642024802951;50.23765771081311;62.63183616757263
2016-09-21;57.00446112077263;50.31648463722382;63.18778120531427
2016-09-22;57.069796301317595;51.404832907889016;63.57662803403487
2016-09-23;57.708848249218015;50.662361020994744;64.63884343427374
2016-09-24;58.770217349232475;52.0723740060803;65.2676237379776
2016-09-25;58.67128059791231;51.20074019197762;65.9963059095973
2016-09-26;56.65073507012029;49.51981326596899;62.41201574261677
2016-09-27;56.50204285741197;49.66880413941403;62.45933188711646
2016-09-28;57.222029424431184;50.55632749725567;63.00662386644401
2016-09-29;57.28604309374213;50.75725730335784;63.67768893696777
2016-09-30;58.0373902848751;50.003247819347536;64.62146099043389
2016-10-01;59.180378043309794;50.91273426831182;65.39391182194402
2016-10-02;59.44295057607776;50.09349179853434;65.4292814202289
2016-10-03;57.40195849360308;49.68288223071656;66.06293044668703
2016-10-04;56.909095391707396;50.45316806529488;62.49500602297437
2016-10-05;57.53907470109786;50.57722109335428;63.27079020960611
2016-10-06;56.924218090760384;50.010000785883726;63.2874081814262
2016-10-07;58.05785480635109;50.867899357738445;64.86044673676595
2016-10-08;60.43674843143562;50.64555488708322;65.12321370174658
2016-10-09;61.04783181079551;50.918901246244985;65.32553536702932
2016-10-10;57.016553251084105;49.54410802717977;62.408578314058104
2016-10-11;57.14270513483313;49.77279013264167;62.43087934601343
2016-10-12;60.47030319200956;51.55873553436911;64.83659061478454
2016-10-13;59.3983141119937;50.328722692618264;64.43739629577904
2016-10-14;57.72137944471113;49.69482803167887;64.79557211024398
2016-10-15;58.866944904315204;50.86801026246916;65.66592314113228
2016-10-16;58.9820189399058;51.1971498170227;65.94197183616429
2016-10-17;57.01173923235575;49.837157980356245;62.628706963325705
2016-10-18;57.8894774008269;50.95947415804802;64.37529748899539
2016-10-19;57.69104872450317;50.66224209043988;64.98249074627367
2016-10-20;57.540333471245056;49.690055345898685;64.19829326312863
2016-10-21;58.3443245288474;50.33357565493796;64.9239980522643
2016-10-22;59.122525253781504;50.413541559112254;65.46473681786874
2016-10-23;59.67986005378872;51.91020256429735;66.9657414335754
2016-10-24;58.75498554771562;51.2649735811954;65.85853327085962
2016-10-25;57.49789298106579;50.41840620997235;63.22443981324378
2016-10-26;57.916610590314505;50.75267189522968;63.44132807074433
2016-10-27;57.68531239919294;50.98770946533584;63.699217292340194
2016-10-28;58.330538387013505;50.793662359541955;64.58990627724754
2016-10-29;59.256106716509635;50.977580647405674;65.68093563792898
2016-10-30;58.927300269903036;51.39699332751928;65.24593518972284
2016-10-31;58.39003363700064;51.91319071352521;63.07218022550516
2016-11-01;59.234503598633204;51.952472926953526;65.19861393801011
2016-11-02;56.726497868314155;49.58349660106212;62.74508317490376
2016-11-03;57.205222267041414;49.672385745135124;63.23480286907064
2016-11-04;58.826410671795784;52.15585545238082;65.29842413828834
2016-11-05;60.136318972212734;52.16511811968064;67.30231795752657
2016-11-06;59.20596820372023;50.476499777307346;66.11224109727324
2016-11-07;57.453632127605275;49.375971735220105;62.99073808001637
2016-11-08;57.42246131658818;49.73885120111227;63.37765539426098
2016-11-09;58.68082496052094;50.641779780317144;64.86658967454957
2016-11-10;57.07479802753045;50.77927425232197;63.34679541118117
2016-11-11;58.14712938990276;50.68139028567672;64.78683344760249
2016-11-12;59.1646954157547;50.627495529325785;66.26143703547174
2016-11-13;59.166123402746244;51.03354769857727;66.07015335356213
2016-11-14;57.7642243274478;50.03581389049045;63.40069408207288
2016-11-15;57.48527820766711;50.67868901904263;63.373866751
2016-11-16;57.627761582620316;50.71301987815489;63.3810665383444
2016-11-17;57.78635561667434;50.86018091980729;64.4393212511941
2016-11-18;58.35717650796301;51.352049750259724;64.79451692657197
2016-11-19;59.24458828239179;50.89127358107304;65.7324992548986
2016-11-20;59.94638517152784;51.80694744939015;67.20185060963718
2016-11-21;58.64937730425509;52.04506949585911;65.52943016087225
2016-11-22;57.584543061021606;51.25089150984333;63.64509701538502
2016-11-23;57.722903739961026;50.1809226074062;63.45702346001822
2016-11-24;57.95085353110605;50.05160495742493;64.65059392211933
2016-11-25;58.9175965679631;51.080149876902034;65.29346195148943
2016-11-26;60.90095259281564;52.71732456188008;68.91970568784737
2016-11-27;59.909996919286634;51.82907266731334;67.15122739539915
2016-11-28;59.04883685496789;50.47613045496425;64.2467307639306
2016-11-29;58.03724582606186;51.51895371348378;63.455883536129136
2016-11-30;57.95718771270217;51.11631593168184;64.25523242284173
2016-12-01;58.23316802347584;51.1486150872212;64.18703979108439
2016-12-02;58.54940308831689;50.80845831533354;65.10758305391528
2016-12-03;59.57240855778204;51.325788836951006;66.3109664097364
2016-12-04;61.060175644499175;52.667636615391025;68.8395441266283
2016-12-05;58.01480130589348;50.64526194036861;63.43928870906082
2016-12-06;58.77722449039077;52.68459524340212;64.92076260500244
2016-12-07;57.63323384924455;50.30964468089775;63.27378980116164
2016-12-08;58.89124460958633;50.969823032709094;65.88101566172801
2016-12-09;57.86818914619077;50.47967980649611;64.18140460425154
2016-12-10;59.16874410190285;51.725108778595356;65.62731694773022
2016-12-11;59.19441067073347;52.34982382225361;66.48248935754387
2016-12-12;58.45920711089818;50.16844418732761;63.10619077296971
2016-12-13;57.91324838634491;50.40212472511613;63.857365550706234
2016-12-14;58.075534660610344;50.11211999382542;63.98079510009598
2016-12-15;59.72232596875894;52.056679566777916;67.38948646662608
2016-12-16;60.22398414018603;52.38535197072296;67.64131228488365
2016-12-17;60.26903950753136;53.06716732071243;67.43653903318425
2016-12-18;59.63415156099251;52.96242872622943;67.10237053409165
2016-12-19;57.97479515780169;51.01130797607902;63.86630804915428
2016-12-20;59.51045396348065;52.33900214081054;63.904370829205746
2016-12-21;59.13483541067974;51.3801384207912;65.05492436498295
2016-12-22;59.194819371804535;51.473212606278906;65.49472691898839
2016-12-23;60.055179492037134;52.17932411333475;68.04050637760854
2016-12-24;59.86021983780137;51.671861639357914;65.55121747857903
2016-12-25;61.32835144154494;63.31021997791245;65.4517955676914
2016-12-26;57.740374306231395;50.999655930549046;63.50706678440588
2016-12-27;57.94553200061011;52.86710653437015;63.449576902165774
2016-12-28;58.425005133646366;51.05782372254688;64.08681994835463
2016-12-29;59.1768879345497;56.33708248457011;64.39822371971053
2016-12-30;59.0571640739155;51.900080539504984;65.06410132902879
2016-12-31;60.232029257307865;52.051451122525805;65.53248796274322
2017-01-01;70.10433399340744;75.19180084619737;68.71609961042735
2017-01-02;58.59974161723152;49.57650920318648;63.087695039201996
2017-01-03;57.89550674818413;50.48104428113966;63.57972149386563
2017-01-04;58.11734318686337;50.82950630758262;64.13989008917191
2017-01-05;58.176863025930885;49.7957649838434;64.40829791412186
2017-01-06;59.51079497286421;53.557783122209315;65.04394826787176
2017-01-07;58.44832209240966;50.588669368105876;64.19949121143974
2017-01-08;59.352710839726115;51.21352857047373;65.43100742216802
2017-01-09;57.8962976610417;51.261199207564246;63.21439484399622
2017-01-10;57.55230321299298;49.826077039637006;63.16576367583223
2017-01-11;58.10665327371773;51.48426721868724;63.223128801178454
2017-01-12;58.4754411474955;50.26697745998387;63.96166849661334
2017-01-13;58.1464237006511;51.26010338556477;64.29361797776014
2017-01-14;59.134908669691285;51.364934371685266;65.59723977015015
2017-01-15;59.248020144639355;50.16606425214644;65.76367592019552
2017-01-16;57.80539720057179;51.033379359190675;62.82328022890322
2017-01-17;57.525794690449594;51.15744699864982;62.811973532095486
2017-01-18;58.23327540133573;50.22365027001853;63.022086705029366
2017-01-19;58.121379501534975;50.53646208789209;64.50892899591058
2017-01-20;58.800488082230416;52.31109516921446;65.162344533203
2017-01-21;59.32761342701551;50.58014365031174;66.01780694436462
2017-01-22;59.06122331214172;51.05137119612575;65.91495351909947
2017-01-23;57.53326314997046;50.53649661099562;63.1811944400272
2017-01-24;57.82222905951905;50.035722340447286;63.80372847485826
2017-01-25;57.93900373582976;51.26087766973727;63.85669603008968
2017-01-26;58.63782638135739;50.69999270621673;64.35774343093804
2017-01-27;60.0467014807204;53.012195746743835;66.94235944411196
2017-01-28;59.5982162156459;51.704327823141504;66.40133803550027
2017-01-29;59.4987179797019;54.280798591291955;66.23776668055277
2017-01-30;58.39227935720757;51.049819280279806;64.731638845834
2017-01-31;57.89821322364976;53.53363528817003;63.48723787036639
2017-02-01;57.99776202165289;52.16628754612618;63.81580212748914
2017-02-02;59.25791099648304;52.258063089738506;65.39893034022408
2017-02-03;58.74890501220747;51.413449580678886;65.34730405012422
2017-02-04;60.22400258756623;53.67759393853677;66.74005904244274
2017-02-05;60.94124094115246;53.62088342906706;67.09554765295542
2017-02-06;57.92740057669135;50.824986294879295;63.18567972438791
2017-02-07;57.37678121748544;49.983060205247185;62.89890995202097
2017-02-08;58.18329773602562;50.9836121034475;63.67363373545292
2017-02-09;60.05666815275408;50.5766193653469;63.97755219518034
2017-02-10;58.62787032476185;51.52869638377869;64.74231014306709
2017-02-11;60.67306694642896;52.09538624127214;68.20474374960986
2017-02-12;61.00772487889305;52.35201799327491;68.12137731489771
2017-02-13;60.08574229994865;54.29036759613532;65.72217284729669
2017-02-14;58.06860714111612;51.346622775625676;63.96406240196136
2017-02-15;58.14056680943359;51.72062564066822;64.44634438526359
2017-02-16;58.4473426769562;51.661697914209256;65.31547887348668
2017-02-17;58.6815912837872;52.45880442443682;65.47682359927296
2017-02-18;59.55995550215128;52.776289087369044;65.92234126840721
2017-02-19;60.12452598314308;51.94939239615395;66.82341096551617
2017-02-20;57.407335658411505;51.30203449887762;63.22348323633774
2017-02-21;57.73683398315108;50.92034680670979;63.19851630378291
2017-02-22;57.51848398700745;51.51140487819474;63.18175367447739
2017-02-23;57.8696331549942;51.78106429857719;63.40701696201205
2017-02-24;58.515645365858866;51.40346347721329;65.41769321707812
2017-02-25;59.17719311604294;52.063249294754954;65.97922315758052
2017-02-26;59.24072926144277;51.62306832275435;66.00689573795981
2017-02-27;57.91147323922264;50.730562421567534;66.98828207990864
2017-02-28;57.20353902791526;51.13958111559538;63.41619865711003
2017-03-01;57.885094834721144;51.42653407745556;63.513144888564874
2017-03-02;58.063720071936366;51.104662644546;64.51005899124422
2017-03-03;58.331872769551374;52.79067510353521;64.81647424469237
2017-03-04;59.861101343274385;52.739105105306606;66.58032100941449
2017-03-05;59.26399675295243;51.94601409531128;66.11384095472522
2017-03-06;57.34870945323806;50.567127945546915;63.48502638626599
2017-03-07;57.252748334463405;50.646366501145565;63.27475404986819
2017-03-08;57.834963581246384;51.02123524404675;63.41247098275641
2017-03-09;58.090467043638306;51.81405412610619;63.748602943658426
2017-03-10;58.40529656762644;51.7720607243946;64.4517336479527
2017-03-11;59.06075295230138;51.88183663203062;65.47576094920672
2017-03-12;59.44484653071808;51.19877727252512;65.14289304581426
2017-03-13;58.13829581841379;52.269292430603464;63.79609579031169
2017-03-14;57.706829595161736;51.853279357268946;62.58791683455768
2017-03-15;57.58678918435058;51.20474235905252;63.289229019301025
2017-03-16;57.95413428073303;51.08102416140226;63.704782063883876
2017-03-17;58.62080888949977;52.060354270261506;64.66486408626922
2017-03-18;58.87189005618602;51.756339963114655;64.80380023471224
2017-03-19;58.502843382345056;51.35997237707082;64.55539055034284
2017-03-20;57.71274799902119;51.439300871191776;62.92083218041625
2017-03-21;57.40998414132164;50.53535764482639;62.36590069472661
2017-03-22;57.59245959453623;51.146512746339035;62.639570397945015
2017-03-23;58.69428729020419;51.463941852889675;63.91911417480635
2017-03-24;58.808038702186764;51.146619340593666;65.09747586051348
2017-03-25;60.03309970155335;51.79394787967482;66.53372944350207
2017-03-26;60.60701869144184;52.14429009664619;65.6780269957523
2017-03-27;58.46811278252646;51.543225625885604;64.09567635726484
2017-03-28;58.19574503613288;50.34512924875476;63.535100034229764
2017-03-29;58.357772988477805;51.12998766909389;63.59538091973
2017-03-30;58.17634232510643;51.114927098151526;63.74485805059105
2017-03-31;58.624260117151394;51.173356278496925;64.09771021957566
2017-04-01;59.562258201473995;51.69254741048686;65.49878668871571
2017-04-02;59.1206339998524;50.94374377420198;65.25666808418019
2017-04-03;57.84939387003882;50.40510073974212;63.39196468628107
2017-04-04;57.959969049932916;51.068947361318735;62.66302508518241
2017-04-05;58.411894024412405;50.843573122061386;63.221376693387796
2017-04-06;58.08572605690104;51.0802880742439;63.63938450163522
2017-04-07;58.410546380431335;50.98430995201013;64.51558466608728
2017-04-08;58.763776638167606;51.74087578780923;64.77709098694395
2017-04-09;58.63309762233407;50.271849698318434;65.24781739291406
2017-04-10;57.70559019198774;51.156210943096774;62.69698615990027
2017-04-11;57.475045026763205;50.54146236528624;62.49387616961204
2017-04-12;57.71701380390642;50.55624680160025;62.61929863907617
2017-04-13;57.82292480281555;50.82062420956832;63.179961677647086
2017-04-14;57.39923954516943;49.59639076636393;62.21778196411644
2017-04-15;57.72742219769764;49.04926439107484;62.62783485225584
2017-04-16;57.90750602502216;49.197964415520744;63.487860597416244
2017-04-17;57.30404343011066;50.12425595563914;62.8245125176602
2017-04-18;57.276650202622356;50.292090868154666;62.836801255281074
2017-04-19;57.574410575916886;51.67610182723891;63.97252404723555
2017-04-20;58.49452541777502;51.15847032553106;64.29248858588572
2017-04-21;58.37533277037448;51.44028605438375;64.46896773939064
2017-04-22;59.20160205875041;50.7682147187129;65.0472328940428
2017-04-23;58.80785522879103;51.89902664844177;64.64900795696587
2017-04-24;58.3314722895807;51.81882448857911;63.87803207880714
2017-04-25;57.963183191364266;51.02206379771112;63.34467001217555
2017-04-26;58.08990406876017;50.71122537486264;63.46118267544234
2017-04-27;58.55105435172334;51.794148011135135;64.08191529233409
2017-04-28;58.53342236463859;50.97366616397711;64.42938093894705
2017-04-29;59.342517797912286;52.88133394260995;65.54874490191597
2017-04-30;59.11150725848577;51.13627158412819;65.95314229484033
2017-05-01;58.03500057681187;49.74336742289209;63.92030846999096
2017-05-02;58.63108756804407;50.373475549942526;63.42689080081797
2017-05-03;58.02992464119249;56.084613014919924;63.83362637203202
2017-05-04;57.62450653429149;50.87815254691262;62.98100119758924
2017-05-05;57.908210944898286;50.92574701459909;63.38841681264054
2017-05-06;59.36841957927441;50.892657830337185;64.88252625947302
2017-05-07;59.03689511539816;51.638396483649146;65.13620120222987
2017-05-08;58.00140048539554;51.239461649593636;62.56280207912888
2017-05-09;57.6490595211633;50.93480153945344;62.59949805795089
2017-05-10;57.63338905281435;51.04120713223371;62.694532750279144
2017-05-11;60.53924881355759;53.65271736503061;66.65135757074412
2017-05-12;58.73430927981804;50.95567942588811;64.33890909975909
2017-05-13;59.70549445790522;52.3212422496374;65.19218433636277
2017-05-14;58.900939141444056;52.7095295217621;65.40065884517952
2017-05-15;58.33635165904639;52.026020721995;63.792287752331575
2017-05-16;58.06251948216405;57.425665517021265;62.48211815392156
2017-05-17;57.65715174710439;50.53141726553235;62.43278353953821
2017-05-18;59.068090923974815;53.476309966871995;64.74268348694801
2017-05-19;58.375416083945446;51.01645570886259;64.50079775476125
2017-05-20;59.0212714032421;51.270362362548305;64.97930670300934
2017-05-21;59.42293225947359;51.895403367509125;64.9812877914691
2017-05-22;58.82638161918471;50.58379715990047;66.63394581633936
2017-05-23;57.73928461562292;51.24683503814221;62.43822448523409
2017-05-24;58.20959991028274;51.10540895837111;62.95087334917814
2017-05-25;57.7665817461035;52.41669158198307;63.14001096872851
2017-05-26;58.032314674080325;51.59967831113634;64.22515070212671
2017-05-27;58.62602744746003;52.1462241799091;64.90589988981371
2017-05-28;58.76586166480624;53.57267844417337;65.09725910643536
2017-05-29;57.28499195082311;50.18545042993799;62.538761517825336
2017-05-30;56.99598265800318;50.59873445441545;62.524251554530814
2017-05-31;57.64996214276161;50.5649559320258;62.91129686490328
2017-06-01;58.04622219704464;51.106397169080076;63.58063247514406
2017-06-02;58.27879736693721;52.46075013085309;64.27098191691215
2017-06-03;59.73684354928251;52.27381375506698;64.89403624956975
2017-06-04;60.15523403274372;53.50919320927925;69.7865618167051
2017-06-05;58.28940966866365;51.24465760456519;64.19251010248058
2017-06-06;57.49411225924649;50.935381149203025;62.40087166025717
2017-06-07;57.800893505399664;51.24826424667467;63.24185425011553
2017-06-08;57.83736354572074;51.04829318629876;63.50782148040761
2017-06-09;58.2044998511268;51.73197818759754;63.765045154275874
2017-06-10;58.71697740284272;52.1089149832785;64.73770939700307
2017-06-11;58.65761022532376;51.93954856176202;64.80081397485817
2017-06-12;57.944845957926404;51.326829497738025;62.623488510040126
2017-06-13;57.52841887103201;51.50074091417885;62.578122144529345
2017-06-14;57.57410144612776;52.65964797470028;63.05329172117949
2017-06-15;57.59460533724671;52.067828741645066;63.061397350018595
2017-06-16;58.615040061294444;52.19329380037675;64.856402352907
2017-06-17;58.6524754076477;52.98750839380234;64.8628477461963
2017-06-18;59.24682132926915;53.19393205613008;65.27386966177741
2017-06-19;58.20713007315583;53.39358484978585;63.00690067539445
2017-06-20;57.96597093682297;52.015593435899056;63.483692832562525
2017-06-21;57.444699046306205;52.30593332762205;62.89831279562824
2017-06-22;57.50765264457843;52.005801721278225;63.55913661422748
2017-06-23;58.256704665937605;52.28484310964039;64.03878810143736
2017-06-24;58.08897274880707;53.96805845821451;64.77389129841322
2017-06-25;58.372300485435254;53.294352141448414;65.18483434347475
2017-06-26;58.50290094637613;53.22659496643404;64.46576437427322
2017-06-27;57.04199918634898;52.199172162447326;62.97727927317598
2017-06-28;57.29895881358638;52.405195128942495;63.13957110343097
2017-06-29;58.98846191328641;52.51961229614322;64.15957437524418
2017-06-30;59.550275377704466;51.91990025522073;65.11120354515059
2017-07-01;59.3019488745604;53.11549069098355;65.01047634134207
2017-07-02;58.936239813702755;51.62656358512975;65.15994860071454
2017-07-03;57.533288018358434;50.91293215078493;63.18819443000522
2017-07-04;57.474727925305835;51.32717279971182;63.17153719865122
2017-07-05;57.46146047808775;51.74188127424116;62.86718017643679
2017-07-06;58.58851699069046;54.10925430246408;64.34289324211585
2017-07-07;58.57104623871465;53.27737346908761;64.46905007867244
2017-07-08;58.11463699897558;51.95173247410392;65.1020860585455
2017-07-09;58.531235619354845;51.68214896618122;65.25011060502251
2017-07-10;57.42506664990099;51.977253709711526;63.27904026519171
2017-07-11;57.11524237523289;51.28316687790267;63.051797207449795
2017-07-12;57.53472679609504;52.752944782378364;63.201916208182325
2017-07-13;57.44617827456505;52.651870386422495;63.70890611493118
2017-07-14;57.97777278013012;55.64840444470526;64.02944512508918
2017-07-15;57.88229536314808;56.66466676926473;64.27291828900442
2017-07-16;57.79795356162742;58.22218535922838;64.54055265572835
2017-07-17;57.70481017926271;56.14772601543074;62.87875982483173
2017-07-18;56.94178441293918;52.32716743450822;63.105876657034216
2017-07-19;57.36142082941324;53.08348810487756;62.938401447643
2017-07-20;57.44004851623405;51.64428712068508;63.306093427432224
2017-07-21;58.94579778010169;51.20798360612926;64.15225019573649
2017-07-22;57.968639906931415;52.127129374659816;64.29165099460366
2017-07-23;57.78328062246033;52.28255055241989;64.33550969645876
2017-07-24;56.99412392563566;50.9676090737743;62.81522928237001
2017-07-25;56.786592675148086;52.72206685898219;62.98836856770614
2017-07-26;57.45148492165839;51.433913811420446;62.9953824283679
2017-07-27;57.30114986235847;52.4826866134688;63.293650784794686
2017-07-28;57.44050668360457;52.17163974033809;63.42630710719987
2017-07-29;57.77628813781436;52.45268524981995;64.33052701336113
2017-07-30;57.563034127876335;51.90630399054926;64.00674633053562
2017-07-31;57.051245200611405;51.50951370622127;62.24247688792018
2017-08-01;56.576811792646566;51.23403567266106;62.307165174354964
2017-08-02;56.79655060182425;50.809225499771;62.38367254974841
2017-08-03;56.9685606405865;52.1750293666681;62.85878513835631
2017-08-04;57.12596543293327;51.74122851776893;62.903051364874756
2017-08-05;58.06605151342919;52.050659314149634;63.36623767399154
2017-08-06;57.272058845822755;52.178478175199416;63.456582557299264
2017-08-07;56.705369086555166;50.6897176240735;62.17745654594221
2017-08-08;56.17244561185419;51.28729823372923;61.62186873447681
2017-08-09;56.40398778817223;50.92152388695751;62.064965719993985
2017-08-10;57.511165888597056;51.73887171263339;63.228242622528626
2017-08-11;56.83640544708015;51.19663413433571;62.867462588793344
2017-08-12;56.92217317094449;51.4093525778507;63.11692652198798
2017-08-13;57.00748781686953;51.00662343068283;62.84737413311131
2017-08-14;56.235002367208764;50.30562744996545;61.85977800899887
2017-08-15;56.00725457182988;50.71187074703347;62.61111067950216
2017-08-16;56.274764431297214;50.69815943938313;62.02412467101035
2017-08-17;57.00641151170053;50.62986497480547;63.32352109088396
2017-08-18;56.589124290111855;50.89884822952339;62.69890118603634
2017-08-19;57.28097910530017;51.30800775906869;62.59921404633634
2017-08-20;56.767186284503396;50.79659716561234;62.7871736868651
2017-08-21;55.90918723446439;50.92025900216177;61.69845381599346
2017-08-22;56.2216235581997;50.587110317385395;61.33763785894848
2017-08-23;56.452802959443886;51.30972018860649;61.963973056512586
2017-08-24;56.862804448329015;50.26984273395007;63.11440176895686
2017-08-25;56.98985607787211;51.12840581390345;62.497823358371605
2017-08-26;57.160443814637894;50.87873322241052;63.42659449261215
2017-08-27;56.930488234420615;51.447661236188495;63.49998006307484
2017-08-28;57.269132499777164;51.83263941576157;63.23048640532377
2017-08-29;56.43711888975807;49.307147476252155;62.303634005798976
2017-08-30;57.11246167079813;50.90852281794408;62.42052757186141
2017-08-31;56.791292533997705;50.678564402873334;62.75641349640669
2017-09-01;57.35876326747793;51.50682143991594;63.480326933045944
2017-09-02;58.136855599735924;53.294609371543366;64.73948931797823
2017-09-03;57.9081837773068;53.47231798826827;65.03637154793994
2017-09-04;56.61508213011187;53.33295909480407;62.175712364057475
2017-09-05;56.51959972633287;52.280916929371585;62.58766796504045
2017-09-06;57.43182149359407;51.969066085636165;62.81008860740471
2017-09-07;56.96175085940787;51.94393683645128;63.033983402180354
2017-09-08;57.15055553695339;52.90839034979429;64.1393757409373
2017-09-09;57.5689100002478;54.67388578276904;64.35515827177095
2017-09-10;57.6885008032411;52.19835654512076;64.95327936509224
2017-09-11;56.70063272450223;57.20936902218955;62.607235092722036
2017-09-12;56.52751428198907;52.04054392579576;62.77672436294036
2017-09-13;57.21279554820505;51.80237662821358;62.85823342832026
2017-09-14;57.093943434551406;51.73512297080369;63.66821729842724
2017-09-15;59.58220522979637;51.162067994226206;64.11434288412566
2017-09-16;58.47358180921914;51.69829562123372;65.34837305777536
2017-09-17;58.2849673912544;53.039374761008446;64.86424200972117
2017-09-18;59.16824990187201;50.650925457341486;62.755906724037125
2017-09-19;56.452271974827056;50.43805842515299;62.80443571216114
2017-09-20;57.0262092838428;50.9124690986129;62.88931034986575
2017-09-21;57.63564590961104;52.69241221029396;63.63622398996914
2017-09-22;57.285628673458824;51.70115703865643;64.30410339113715
2017-09-23;57.91188854778817;51.6497579990377;65.25387594558914
2017-09-24;58.24847757595159;53.22198567917907;65.5875533426991
2017-09-25;56.89919863944246;51.83772567933445;62.79959758618031
2017-09-26;56.81620754375038;51.076453728669364;62.63275605774424
2017-09-27;57.19859720189849;50.78174876559794;63.110883834311345
2017-09-28;57.972686446364854;51.1118166453381;63.39414051266679
2017-09-29;57.94771789358396;50.221941161612136;64.29979736973806
2017-09-30;58.89606332745102;51.90459881320653;65.54373644917318
2017-10-01;58.70589013007846;50.49514801512939;65.80615613263436
2017-10-02;57.16893355374377;49.999776959459524;63.16103983371445
2017-10-03;56.82230750695442;49.79644415746725;62.44692957342554
2017-10-04;57.17699885106565;49.663933363754644;63.18093470007283
2017-10-05;57.697445846107925;49.95542552347701;63.60505519288499
2017-10-06;58.97301808523811;50.98574248621078;64.21842826601394
2017-10-07;59.00394239663022;51.26005636323689;65.21755204919484
2017-10-08;59.399364370451934;50.3065094034322;65.40124989766656
2017-10-09;57.46592615722739;50.95310945339904;62.590496433805086
2017-10-10;56.640962219416366;49.97649787814474;62.45571962716531
2017-10-11;57.23085128608342;50.43296335561389;63.249274395985076
2017-10-12;61.40249166260337;50.60792541500525;65.1172076520835
2017-10-13;60.16805213321285;49.911887545362;63.596871796227354
2017-10-14;61.083391964264834;49.911108240044506;64.65893769359626
2017-10-15;61.35499740292432;50.26975716400818;64.90560258284572
2017-10-16;57.23503985657252;50.08208707128376;62.58474923362198
2017-10-17;56.9703876996443;49.759620471348;62.71636116736468
2017-10-18;58.21604634744223;52.935436245080254;65.31298954402297
2017-10-19;58.46099900041353;49.72557847475939;64.64178569696841
2017-10-20;58.516265944462205;50.15012535097354;64.75828072002854
2017-10-21;58.488189864725804;51.248714423516255;65.60409955786164
2017-10-22;58.782474181714434;49.67652179317678;64.63419064453844
2017-10-23;57.351969782997394;49.531179450391676;63.21340437496518
2017-10-24;57.271276483121476;50.00945163436798;63.31451186734122
2017-10-25;56.95725535215673;51.03320830274005;63.30466217993596
2017-10-26;57.28728519956892;50.2895735197101;63.84582066174771
2017-10-27;58.01499186330898;50.77783171317667;64.85983563132922
2017-10-28;58.53644614884655;50.57481904431909;65.43973876940369
2017-10-29;58.078739741542236;50.43524485016433;65.33499802316338
2017-10-30;56.814546372983145;50.093745739526334;62.4876830918642
2017-10-31;56.56692530213883;49.50450832270742;62.77022174115039
2017-11-01;58.70748090915071;53.04081417348267;65.88060032566662
2017-11-02;56.69667683687281;49.44127321327903;62.842582892778225
2017-11-03;57.169910846089095;49.901082004120425;63.931471373865506
2017-11-04;59.15695347533657;51.663211794330444;66.73466830239514
2017-11-05;58.2863717266853;50.29729305174699;65.76569596515472
2017-11-06;57.08555021545066;50.14620401235212;63.56872946950199
2017-11-07;56.43871907335221;49.60754965728833;63.22268337873112
2017-11-08;56.98334516215145;50.37342753542015;64.10684243971423
2017-11-09;57.860278357806465;50.574914328472985;64.41733109544153
2017-11-10;57.345728864480165;50.27879231275559;63.807672899946
2017-11-11;58.241420964781824;50.35246392988164;65.79831748219826
2017-11-12;58.37838861975647;50.136077247437704;65.55022210880774
2017-11-13;57.141494630092694;50.05118925531586;63.16704500878057
2017-11-14;56.64206352976112;49.62525872758408;63.18836095154593
2017-11-15;57.61961096439659;51.69688328478408;63.82162107384915
2017-11-16;57.77574044517313;50.466851144262534;64.0345635714526
2017-11-17;57.95975909614798;51.01622078554425;64.84378334728261
2017-11-18;59.2467130980426;50.993992908132874;67.13401739575465
2017-11-19;59.044600549017694;50.7375269734907;65.85920120463668
2017-11-20;57.57932902007074;50.49448485482198;63.59140854560277
2017-11-21;56.73788188214296;50.529118466578424;63.08689959505191
2017-11-22;57.29190617738438;50.08863081881154;63.62192619462845
2017-11-23;57.32626162858195;50.25845358692705;63.92593212147758
2017-11-24;58.091819586385014;50.98503380325979;67.22466500665436
2017-11-25;58.90892100985282;51.13481029166648;66.0455843486272
2017-11-26;58.44830515202407;50.30313525255178;66.10023769664625
2017-11-27;57.36566112626501;50.08058231277046;63.700344256050954
2017-11-28;56.68230475115585;49.69820716884045;63.56272218547627
2017-11-29;57.96951789597215;50.442712664648674;64.69292976236912
2017-11-30;57.47783921596009;50.6374482360478;63.73282537224733
2017-12-01;58.50268483780937;50.83895285489669;65.57789624784014
2017-12-02;59.04531935400378;50.97893218824895;66.58617598772013
2017-12-03;58.25016825935229;52.06990933770154;66.30667347285963
2017-12-04;57.24864552913626;49.82036176516496;63.597886417990885
2017-12-05;57.25726877784754;51.46272736338163;63.705190455275584
2017-12-06;58.63859749765129;50.82722648010099;65.23079625479963
2017-12-07;57.575953470833696;51.349987755339;64.90319086625036
2017-12-08;57.53579331284469;49.94510343437842;65.10000818713426
2017-12-09;57.57459594492885;50.61364837660669;65.37224375104185
2017-12-10;57.65613884655727;50.02265460055164;65.31821428175446
2017-12-11;60.23079834032562;54.116803401756314;65.76301650807436
2017-12-12;57.514434221612106;50.18371671746111;64.39031842352405
2017-12-13;57.763748017216756;50.38191769802466;64.80961482130122
2017-12-14;58.2226116835146;50.67686071107828;65.04486980412226
2017-12-15;58.57694072958738;51.666170182329495;65.79463804464892
2017-12-16;59.27264782491129;52.53711868554434;66.96759995643318
2017-12-17;59.16254245169366;54.3814265647128;66.89747470198242
2017-12-18;58.43792171417025;51.010566015250575;63.90948154435152
2017-12-19;57.70575287790944;51.322132645968665;64.20639750986304
2017-12-20;58.19853938210427;52.747608279624245;65.03161296855663
2017-12-21;58.414924565724895;52.076142542685425;65.61185804879474
2017-12-22;59.144110797604895;51.92840651418123;66.66102321834539
2017-12-23;59.4888122442851;52.00380418789468;66.52455052288902
2017-12-24;58.38449717169834;50.78868991886522;65.48945274528963
2017-12-25;60.85112197775763;65.15156556085348;65.80476795578042
2017-12-26;57.65016580829447;50.54672770305633;64.26982473655403
2017-12-27;59.21175730012322;52.440247419971186;65.75602113007353
2017-12-28;57.77948242651433;50.41549512394114;64.46831827701656
2017-12-29;58.280550840677904;50.40885693119158;64.87782264051953
2017-12-30;58.446801338966885;50.40501639187796;65.64355073240773
2017-12-31;58.969929773412034;50.5461077077696;65.53097405942373
2018-01-01;70.11597997220122;73.64886086043796;71.02558151269446
2018-01-02;56.446901556449134;51.254595912497514;62.69392512068435
2018-01-03;57.58229920387521;50.70469703762372;63.850122770176185
2018-01-04;57.49820092635947;50.804212702564726;63.887823088701225
2018-01-05;58.906146636096054;50.62729523262453;64.48411663279335
2018-01-06;60.45664241572939;53.349060064126206;68.02086346234299
2018-01-07;59.71446465003207;51.59245537873508;67.7592971483875
2018-01-08;59.478454890069976;51.53896346847041;64.82867320031586
2018-01-09;57.24483443119336;49.75350944559965;63.80961604127737
2018-01-10;58.70044012726122;50.06355141876291;65.45193874809036
2018-01-11;58.112146433179;51.18005455646206;64.95963165846209
2018-01-12;58.093901447645415;50.81037496619672;64.87543748945711
2018-01-13;58.75198865182361;50.62208737843992;66.57618028429881
2018-01-14;59.25673881526037;50.645073302537924;66.88854809924061
2018-01-15;57.911819921643655;51.51593211401333;63.86908115000085
2018-01-16;57.458153402702095;51.078470093165215;63.82477159265858
2018-01-17;57.927199206117805;51.12883841868833;64.34377923981324
2018-01-18;57.15123840961992;50.82178332359882;64.47649794615347
2018-01-19;57.78335884649348;51.41457536303358;65.32812023664972
2018-01-20;59.09933791479439;51.89315889525534;66.20137898869653
2018-01-21;58.8621862342007;50.78081701908462;65.99309887949768
2018-01-22;57.03672041174603;50.46233871491236;63.355379847765946
2018-01-23;56.93536376908966;50.56905497350552;63.58031147096648
2018-01-24;57.468685048365884;50.403330060190626;65.07178445093137
2018-01-25;57.246106445333346;50.244983775548505;65.00234784441966
2018-01-26;58.44849271587175;50.97300833166203;65.97285697544565
2018-01-27;58.90832049815056;51.60560197729442;66.2031435251554
2018-01-28;58.632201959967205;50.70525784311891;66.2851511280162
2018-01-29;57.34986566499529;50.204485565845914;63.40431073935032
2018-01-30;56.89081677178744;50.826632996925184;63.36319666785863
2018-01-31;57.803860300620556;50.69789861752795;63.715333118606395
2018-02-01;57.594393435395695;50.451141767363964;64.02467181280687
2018-02-02;58.19136440879141;50.83131326010665;65.5519988856958
2018-02-03;58.72560478884962;50.41186088519644;66.21335962134488
2018-02-04;58.766177863828275;50.22311645073398;66.37739135189588
2018-02-05;58.211984757237644;50.53840006025916;65.11419958464109
2018-02-06;57.57916838067022;50.79208739128581;65.05864644450013
2018-02-07;57.34138184188296;50.26253057287758;64.17529992856929
2018-02-08;57.66930208186725;51.4081381696508;64.5520040644193
2018-02-09;58.32755484364489;50.05102643722339;65.34482357028958
2018-02-10;58.881980577673225;50.56734347307277;66.3674298954312
2018-02-11;58.98368794327151;50.150255591679795;66.33756897816478
2018-02-12;56.97114724349329;49.549679718919734;63.10413633617433
2018-02-13;57.185100381145844;49.80492874760653;63.81540570573328
2018-02-14;57.11994189908335;50.4661791737412;64.10740889001357
2018-02-15;57.98908483113409;51.91773798485692;65.49751834524255
2018-02-16;57.66429695327325;49.80662057186998;64.73679437072335
2018-02-17;58.73296616302002;50.18679854608668;65.96109788091712
2018-02-18;58.325184598983355;50.994270111849175;66.0435535409192
2018-02-19;56.94686612065905;49.63491166425087;63.042101126146825
2018-02-20;56.46274025346668;51.3026142170193;62.95866950619789
2018-02-21;56.71101237564745;50.335555029014586;63.31194158183986
2018-02-22;57.348137804718036;49.787935268474335;67.69513113448173
2018-02-23;57.54806821478665;50.02612300126336;64.67899035909991
2018-02-24;58.110246621100316;49.99699155954919;65.59775664490589
2018-02-25;58.480950220766424;50.654094611147755;65.51659166970629
2018-02-26;57.11380573291224;49.55143065813421;63.04377932036462
2018-02-27;55.55122216470309;48.58979967655603;62.36559150203959
2018-02-28;59.35881382349061;52.1932666491169;66.93356074223166
2018-03-01;58.80512447522076;52.09716228887136;66.43466865544357
2018-03-02;58.82579922170186;51.04671739772901;65.88664045499246
2018-03-03;60.22512818405991;53.29403196078523;67.94052887541896
2018-03-04;60.66248475231576;53.134165576214116;68.8405494318342
2018-03-05;58.660982713233636;52.01688449308399;65.52505123135052
2018-03-06;57.10046246842559;50.452331745136696;63.705616033031056
2018-03-07;58.02198809019532;50.932573720937725;64.19319414259367
2018-03-08;58.271453520286656;51.57588800428528;65.53784823053982
2018-03-09;58.53106326211089;51.15100825969748;66.04857606025753
2018-03-10;59.87496649660404;53.03717402599679;68.00826939578694
2018-03-11;60.183221983572814;52.08218509465765;68.06966966725889
2018-03-12;57.80889128584087;51.33664295309495;63.998060393067334
2018-03-13;57.56496118573337;50.304568064730056;64.9511754238798
2018-03-14;57.67477572775677;50.53406838740358;63.91978544409254
2018-03-15;59.18381305458738;52.0119128566612;66.40104073335368
2018-03-16;58.47507561557727;50.83731613566668;65.65226452091261
2018-03-17;59.37265921190053;51.53520013615062;66.81218833716116
2018-03-18;58.85161610375248;51.323601494125896;66.64872628260581
2018-03-19;57.11579085518313;50.059764891551985;63.72873634213421
2018-03-20;57.079378577612225;50.701965578591825;63.67047255773813
2018-03-21;57.47457408196602;50.87902086532584;64.26642899663159
2018-03-22;57.88671757355743;50.466591553489266;64.65359834513701
2018-03-23;58.1822976611621;50.21629115762052;65.15623770874973
2018-03-24;60.689158953515516;56.01484636085633;67.49084656411208
2018-03-25;59.270377314691004;50.7803788849902;66.46820354997783
2018-03-26;56.92668915088613;49.774209042388094;63.075214478351775
2018-03-27;56.87098845385589;50.00152809294127;62.8241918684827
2018-03-28;56.81833929042503;50.22891064235884;63.544592966214466
2018-03-29;56.88850590058523;50.109209751593255;63.55590612680239
2018-03-30;57.08868322190699;51.72416314996341;63.188010195879166
2018-03-31;58.186171069436284;50.558707387279426;65.02752810758986
2018-04-01;57.45529831538424;49.79106620878906;64.31916023332388
2018-04-02;57.44956342256817;50.126697276994925;63.04110161986674
2018-04-03;57.80949256529773;50.720921105118855;64.06101354042826
2018-04-04;56.98207275939056;50.87671994978056;63.34465122370251
2018-04-05;57.24760488136067;50.31399148704135;63.7083283045633
2018-04-06;57.659019593749036;50.365441297824056;64.67701780574541
2018-04-07;58.8403393483652;51.06039661199102;65.99727420012746
2018-04-08;59.030663160058914;50.871654617991666;66.53379431436488
2018-04-09;57.63153270303885;51.074683699739786;64.37946031839138
2018-04-10;57.1068094387181;51.172931852091565;63.25046029351995
2018-04-11;57.636988783756465;50.568050127499944;64.60214578097266
2018-04-12;57.6303590037672;51.15974582798866;64.88327409839974
2018-04-13;59.339764396875765;52.648486853775154;66.98023341562384
2018-04-14;59.20311628523287;51.25038987219877;66.16615834577627
2018-04-15;58.47417504695186;50.62000443390404;65.59327064066396
2018-04-16;59.074287294974454;53.02428285168723;65.6647217980966
2018-04-17;56.951875781774;49.82119798248672;63.154826920156765
2018-04-18;56.94644678110382;50.982425892661574;63.69142782393062
2018-04-19;57.192528868440974;50.750363898802384;64.24932989687653
2018-04-20;57.29174798857671;50.503520383222984;64.32848028341002
2018-04-21;58.902413026587254;50.98760765290237;65.03574503538448
2018-04-22;58.358833199582406;51.21018699486933;64.4822789110786
2018-04-23;56.91958923017596;50.1871092755444;62.60046629276374
2018-04-24;56.72894719717817;49.95824636436196;62.739035771343225
2018-04-25;57.07470293881474;50.024840970595;63.080402354113154
2018-04-26;57.004172533250085;50.2680278801142;63.53325341642584
2018-04-27;57.27406551622802;50.818045037950306;63.98167182383935
2018-04-28;58.33632463502635;50.60243772836422;64.78836798030473
2018-04-29;57.99044682145541;50.37989539138111;65.8143209712044
2018-04-30;57.14870794115801;49.68987961046202;63.41447072466732
2018-05-01;56.91834066383195;49.10660620573252;63.988869600471446
2018-05-02;57.775177403405735;50.000297841014486;64.53056489101293
2018-05-03;56.284537826786654;55.46394561603563;62.831164804762516
2018-05-04;57.47496343530014;53.13818626790262;63.88090468727944
2018-05-05;57.7619890878216;50.88546466706731;64.89652539189566
2018-05-06;57.99467641004992;51.08187843974491;65.18464610050911
2018-05-07;57.61006999677056;50.50340882989671;64.31858125235361
2018-05-08;56.558498850074145;50.20676751339228;63.15759568406058
2018-05-09;56.37664235723976;50.55555851384514;63.64125665876651
2018-05-10;56.419612578312304;52.25105821829131;63.12541715136185
2018-05-11;57.57149853589161;50.26297877054424;63.99161169154746
2018-05-12;58.718748994664445;50.88748866634171;64.99886845077995
2018-05-13;57.37154459103023;50.615678061150746;65.4254191136772
2018-05-14;56.09653929728596;49.45029797460621;62.97588189900622
2018-05-15;56.64309024763338;50.767161267576164;64.18755029042276
2018-05-16;56.89116273033168;57.51182073810579;62.90684845597795
2018-05-17;58.102366409111646;51.213451322605735;64.73376552838774
2018-05-18;57.46297262399974;52.02052653143162;63.9664761068214
2018-05-19;57.61325450920954;50.9949774087654;64.94973786097646
2018-05-20;57.74209322954657;51.11121737656526;65.1756777572393
2018-05-21;56.35039858307259;49.98307426346945;62.55783994925675
2018-05-22;56.36291070647716;50.878533811619704;63.40742846673728
2018-05-23;56.5668126533673;50.63024683577609;63.86899817543533
2018-05-24;56.59505413399628;50.47879499019024;63.61802334235753
2018-05-25;62.321627234514985;59.708086672353346;67.07901000603692
2018-05-26;58.064590940635185;50.91290507137221;65.9401815904412
2018-05-27;59.68317363325038;54.80130221693077;68.46049005700543
2018-05-28;57.05437170728884;51.299611367021555;64.12984457843618
2018-05-29;56.801922250323685;51.84666272920176;63.31404386160873
2018-05-30;56.784050354130386;50.99621812065883;63.60883363532122
2018-05-31;57.01774846473462;50.49369122391959;63.413888665662
2018-06-01;57.83580064709943;50.76191620682269;64.39754185186885
2018-06-02;59.460127480674885;51.968361399741156;65.97932149249479
2018-06-03;58.375994174006316;51.707620394836844;65.95904399599391
2018-06-04;56.81446807215153;50.64964250996445;63.240541563191954
2018-06-05;56.12430514607986;49.959310272514124;62.64338211289494
2018-06-06;57.58925990600151;50.746576797426115;64.16877990234588
2018-06-07;56.994043362126156;50.77953834841867;63.67902256861391
2018-06-08;57.88866854993736;51.23098875375859;64.709969930092
2018-06-09;58.35728830716641;50.52532784405618;65.6565364596209
2018-06-10;58.476353127867554;50.74011021167763;65.56334111508684
2018-06-11;57.252700065536004;49.929282233473735;62.843758707014445
2018-06-12;56.944927435810655;49.58957011566618;62.72724759243445
2018-06-13;56.859184512093314;50.35815195315205;63.34462646090173
2018-06-14;57.08706287445917;50.535360345890574;63.53948920807831
2018-06-15;57.386764526323944;50.687863186357106;64.20941547322586
2018-06-16;58.11080391087;51.89004148637311;64.50858820372855
2018-06-17;57.690762265095486;51.99498059332649;64.47557021655237
2018-06-18;56.819784139399175;51.37992113059311;62.692984288407786
2018-06-19;56.68754602543487;50.65778816715075;62.581711632966176
2018-06-20;56.56326041203797;50.36711174482602;62.927122410535944
2018-06-21;57.31616547439033;50.9374216191559;63.05072823970447
2018-06-22;57.63291290911053;51.76966375043416;64.20994513101286
2018-06-23;57.84307547332322;52.438626525467114;64.89208947431703
2018-06-24;57.43043299601875;51.74385609682645;64.61058600330469
2018-06-25;56.4560408561632;51.71493999630799;62.43550247203012
2018-06-26;56.47685088455195;51.80680610935161;62.580672788955965
2018-06-27;56.430598281381705;51.951359582529264;63.40684306018191
2018-06-28;57.24431818206365;51.98307754665145;63.36659263106557
2018-06-29;57.487432855267414;52.10260900177516;64.2476424831747
2018-06-30;57.900949810458556;52.1675132667648;65.4356969852453
2018-07-01;57.96801820990371;51.66994389711721;64.76285196215338
2018-07-02;56.67460031108724;52.05940510500003;63.208469869594595
2018-07-03;56.58477990770423;50.71028800439051;63.01282412877602
2018-07-04;56.99041024579725;52.22838359218922;63.173463736856625
2018-07-05;57.320473955741704;52.600867107776565;63.63234085139986
2018-07-06;57.65059186693715;53.0859644279284;64.28768387328562
2018-07-07;58.23412169463615;53.52336472914782;64.87976284698563
2018-07-08;58.541268731878176;53.05338732429504;69.66674032801413
2018-07-09;56.629882842202875;52.138391456155084;63.001275327271514
2018-07-10;56.51852733975572;52.351276241164236;62.65864709358209
2018-07-11;56.67512187973826;52.08116258213501;62.79156731246627
2018-07-12;57.219478799399596;52.76697327869361;63.19504063251044
2018-07-13;57.035655034283145;53.87749617280359;64.40747066640357
2018-07-14;57.6681649692448;55.67234226817711;65.01161453498865
2018-07-15;57.29476298093461;56.556345450882574;64.63037516616114
2018-07-16;56.80201390483326;54.72876776411982;62.39504562317055
2018-07-17;56.46030886981763;52.036733490960216;62.75079765038682
2018-07-18;57.128186265265946;51.46294346077387;63.13849550463809
2018-07-19;57.04742364401706;51.917403908543456;63.194017477953956
2018-07-20;57.09077256100524;52.36728301788332;64.04207079827775
2018-07-21;57.50077775767102;52.150360825992635;64.28258612557318
2018-07-22;57.594263089017666;52.39389803437106;64.54501756326609
2018-07-23;56.64654508202378;51.37056899852748;62.27534827248036
2018-07-24;56.28677760449516;51.74909016753895;62.09277637983124
2018-07-25;56.22455156337442;50.889500080893946;62.6131949732794
2018-07-26;56.86781621208874;51.678781304386796;63.21396116904563
2018-07-27;56.955293707839196;51.29780247385759;63.675964305330474
2018-07-28;57.71892229742677;52.14959872057932;65.00498407310113
2018-07-29;56.73998485170928;51.93734365101573;63.936181983150334
2018-07-30;56.26741184168463;50.97662084787284;62.425977991451035
2018-07-31;55.8670496982667;52.10005217591785;61.27953453619195
2018-08-01;56.12610776556479;52.32119747169334;61.998963147791564
2018-08-02;56.13794488875143;51.63558069932172;62.35725201809242
2018-08-03;56.91632028148861;51.62142024994302;62.82314330770287
2018-08-04;56.43724553055183;52.252960369914746;62.82020529978908
2018-08-05;56.94190328243486;50.8377863941142;63.11679248828603
2018-08-06;55.964810999379154;52.407917755432294;61.618122155934294
2018-08-07;55.58389846014811;50.81426840303395;61.30966861872939
2018-08-08;55.78546465257075;50.46855421825316;61.66272407185791
2018-08-09;56.47371270780303;51.34978582827251;62.16101273823895
2018-08-10;57.12197276552425;52.40847323967647;63.09412406027982
2018-08-11;56.51457804728982;53.233304925346644;62.67046160063097
2018-08-12;56.039450339256156;50.84827974648348;63.39834029583304
2018-08-13;56.049924593595726;50.69408356221039;61.33885857123555
2018-08-14;55.28981937524015;51.00609891184402;61.84976737535421
2018-08-15;56.64018582962654;52.63113600939822;62.57133384080753
2018-08-16;55.86460097738823;51.30115128056584;61.93287067124228
2018-08-17;55.464877447996614;51.44657853511346;61.94398759901374
2018-08-18;56.36835489061903;51.509131880248056;62.73018825861814
2018-08-19;55.926762454427525;50.87687084511828;62.23552923006088
2018-08-20;56.09151761513634;51.60567730627405;62.46824028889076
2018-08-21;55.437921779493315;50.489703757105744;61.236834780088216
2018-08-22;56.26820317417345;51.14372038193345;61.4007045960049
2018-08-23;55.9582737181358;49.7298068132944;61.93259236358767
2018-08-24;56.185130371077314;50.58785367590989;62.29249886030892
2018-08-25;56.744447448428204;50.37725404483262;62.95535857372134
2018-08-26;56.487295495666444;51.06542872980853;63.03020580927171
2018-08-27;56.17208537630829;50.499069998909064;61.84218877684933
2018-08-28;55.81436313933574;51.329371348036744;61.53119187770688
2018-08-29;55.93499659240006;50.70917660981714;61.89324960015539
2018-08-30;56.23991240773579;51.666944759500126;62.299798942401154
2018-08-31;56.34332653260411;51.29668093808732;62.95878752447406
2018-09-01;57.17891564126496;51.32543886415909;63.41383134427211
2018-09-02;57.02065561423118;54.22067805365884;64.06692687267419
2018-09-03;57.99886264733768;56.379930427359;62.65278111826813
2018-09-04;55.93806058339953;51.14721727285644;62.57422410475933
2018-09-05;56.37638301672574;50.88927215903615;62.361980638649925
2018-09-06;56.32590828848355;50.79017958031511;63.08685397553363
2018-09-07;57.02590177151917;53.34551048263534;63.61860028356756
2018-09-08;57.95188773553454;55.609220243268666;64.32954746531865
2018-09-09;57.47104801880542;53.45808930616378;64.62119351400563
2018-09-10;56.56170845946158;56.29837619349014;62.40134158346372
2018-09-11;55.97151618501097;49.47524899794339;62.278583408247535
2018-09-12;56.16763825561324;50.69490644713386;62.812816189294864
2018-09-13;56.19998767895125;50.28805771360826;62.74076510787401
2018-09-14;56.87599015715713;50.64224237596384;63.85460174297735
2018-09-15;57.49351312683987;52.30541950108695;64.60695843108313
2018-09-16;58.15932391533795;53.4270005801248;64.60855062495638
2018-09-17;59.2519407016606;50.10328336451301;62.21171852795032
2018-09-18;56.42560229706174;49.82770823720526;62.67227656767838
2018-09-19;56.31483894557264;49.85883688776789;62.72192223670465
2018-09-20;56.52763128752866;50.9276125094396;63.96098096599878
2018-09-21;56.77331609127538;50.45481693758563;63.916991954386965
2018-09-22;57.53812597117999;51.851954525854154;64.82047058857124
2018-09-23;57.53189086666046;52.24547975028155;64.83517211560627
2018-09-24;56.93589463579494;50.404560550127826;62.37099216114644
2018-09-25;56.153042855481196;50.09288706598207;62.29818508945898
2018-09-26;56.041678412168295;49.93485857830696;63.050592524154034
2018-09-27;56.58964355347605;49.85867189112899;63.617434398799745
2018-09-28;57.02056886305837;53.02924088943287;64.26110798723636
2018-09-29;57.97782734530796;51.24673911266279;65.48366883146971
2018-09-30;57.7076725598626;51.70692509876779;65.97707393370663
2018-10-01;56.12931134398441;50.73129878785592;62.50453539543936
2018-10-02;56.5271055270399;50.39974736229213;62.61895187954953
2018-10-03;56.36390553731274;49.70012489374737;62.93472464323355
2018-10-04;57.252026602988195;50.291533884940534;63.50160946747664
2018-10-05;57.56175698651539;50.39314343636373;64.07123107902878
2018-10-06;58.71919847934436;51.19158630858098;65.14007513910849
2018-10-07;58.881171701075736;52.09853660668653;64.83625853010265
2018-10-08;56.58921227874504;49.763475491277575;63.15518761323618
2018-10-09;56.3157957866061;49.769722992208365;62.66131204553651
2018-10-10;57.50368466741813;50.110956875018644;64.29352459174757
2018-10-11;56.98675308468174;50.65744544303102;63.7539970315094
2018-10-12;59.61734832150452;51.88497165273592;65.24524654366236
2018-10-13;60.46875805482599;49.685665964202066;64.44317698739523
2018-10-14;60.673430395369216;50.395188573705326;64.73105579017478
2018-10-15;56.509434405905594;49.60944762882388;63.25277777177857
2018-10-16;56.33555590099754;49.531025815112244;62.57365800181834
2018-10-17;56.587056919918325;50.51987467242704;63.23977869055155
2018-10-18;57.42276699825106;49.93973865885736;63.505701337483025
2018-10-19;59.16378611971744;52.59925206527197;66.75327355188044
2018-10-20;58.649666203379375;50.63112690272441;66.49658273034483
2018-10-21;59.015859880831144;51.070807396407154;66.5800321966657
2018-10-22;56.75928676733412;49.71135796521213;63.083974659863074
2018-10-23;56.138642681340016;49.8282073580898;62.56816677516817
2018-10-24;56.91145961677573;50.24834565712011;64.08289514264351
2018-10-25;56.9511251587027;50.98132472193371;63.77790331281392
2018-10-26;57.30022588572197;50.55260632035706;64.66618017166543
2018-10-27;58.35907770379875;50.598568361090926;65.47641381674457
2018-10-28;58.703255435333084;50.718739900085204;66.12664167243437
2018-10-29;56.631580573902056;49.4822852258192;62.84363836137498
2018-10-30;56.62062285705552;50.041645008360966;62.902235881784335
2018-10-31;58.54688175048438;51.80029103912144;66.06621999219533
2018-11-01;59.16939407602648;51.09232785224204;66.57766785554374
2018-11-02;56.898784901865056;49.76014523615538;63.48311396216751
2018-11-03;58.41862153126658;49.908571215975144;65.1626590411947
2018-11-04;58.75726583148597;50.81565334968592;65.38686131491605
2018-11-05;58.73159058524572;52.74661721323597;65.36489840589817
2018-11-06;57.06898103085106;50.86169479605523;63.445064106641496
2018-11-07;56.92191528183169;50.64765527574262;63.85538406062587
2018-11-08;58.44966178664764;50.383544047861236;64.31870763844772
2018-11-09;58.50205948523876;50.7005420003031;65.65753347319452
2018-11-10;58.21349888126928;50.05358517710167;64.98003401456609
2018-11-11;58.43085569451884;50.26773486053615;66.04638916706327
2018-11-12;56.98005409949378;49.28976944901179;63.42518729522814
2018-11-13;56.71316544599378;50.38250058432615;63.578808221743415
2018-11-14;56.87162533867152;50.12116368668381;63.73298408078378
2018-11-15;57.20348240786369;49.60799649884282;64.21995858668693
2018-11-16;58.12162191221355;50.962480492386206;65.17940659826697
2018-11-17;58.36766205831589;51.591212790564185;65.7168554204877
2018-11-18;58.08779339990211;50.39136463348251;65.93909110641331
2018-11-19;57.95809162315598;50.34234981017406;64.94730683150644
2018-11-20;57.55716358188667;50.56946174294406;64.6108852353473
2018-11-21;57.155924068635066;50.44412722083329;64.25478805021154
2018-11-22;57.93249396855488;50.68619706633597;65.14494980926737
2018-11-23;58.6432822201479;52.576872885042306;66.19343480743846
2018-11-24;58.60930366187483;50.9956365488454;66.30822039436927
2018-11-25;59.278788478180076;51.050525695537516;67.60218354391067
2018-11-26;59.16783641027934;53.09871915888664;65.29784154610988
2018-11-27;57.42519397872868;50.4571256103747;63.57561276527059
2018-11-28;57.65871264366843;50.67667603638495;64.20946477276757
2018-11-29;58.06326833197212;50.90153123011759;64.77236166934534
2018-11-30;59.3992518036574;51.71100682942756;67.27059307652465
2018-12-01;59.39945119086985;51.98737801760535;66.49262602681826
2018-12-02;59.30653580884071;50.65513700169327;66.61931765530395
2018-12-03;57.346099194468565;49.49106606418289;63.28737238419922
2018-12-04;57.38350390026631;49.78486193410181;63.2696086744956
2018-12-05;57.72845257014039;50.98075137977918;64.17598735116145
2018-12-06;58.64038262286278;50.95273560782968;65.48684562066987
2018-12-07;57.844662821437765;50.77242762733211;64.77076228066326
2018-12-08;57.88051172057003;50.86300947287646;65.25523352013658
2018-12-09;58.16871358205351;50.90639907249009;65.33919804804458
2018-12-10;57.8165117792041;50.98453699875785;64.57869368995122
2018-12-11;57.58268286458638;51.53902308644254;63.36905842964598
2018-12-12;57.560171243063174;50.639734442506736;64.31488250482707
2018-12-13;58.87524807076791;51.56155269124027;65.70904523837885
2018-12-14;58.911835654650886;51.43597854801022;65.98642689767657
2018-12-15;59.522662975910805;51.64698594154763;66.6916195219808
2018-12-16;59.275334627936616;52.47105286287284;66.92964127208299
2018-12-17;57.22518632546007;49.94240930378969;63.75643546451344
2018-12-18;57.94592596772323;50.75713977821639;64.1094538547634
2018-12-19;58.33005299994512;50.50503843500869;65.79260529884051
2018-12-20;58.317758344922844;51.43696465207437;65.09965272430127
2018-12-21;58.68074330029419;50.9030546599749;66.40556808843557
2018-12-22;59.039198391220495;50.674518134321154;66.47277235789197
2018-12-23;58.76322880305166;50.16055213989921;65.84585443676679
2018-12-24;57.509051278938855;50.9046929912292;63.40239995727535
2018-12-25;61.844220765132;64.19937824414448;64.27644548887146
2018-12-26;56.83690074389937;50.29289107022678;62.579277304526364
2018-12-27;58.0456105098638;51.54423979975974;64.23575159975874
2018-12-28;58.1132067531162;51.234604016334075;65.17019262863681
2018-12-29;58.75934374073495;54.337051283252165;65.39112195818899
2018-12-30;58.313461813213074;52.04570228738298;65.08275753964355
2018-12-31;58.13718192257717;51.1921434384807;63.86186969809266
2019-01-01;70.94791355518412;74.91878110445073;70.12380521496812
2019-01-02;56.78681335882567;50.566487127638176;63.0726781879601
2019-01-03;57.837641013752304;50.630931047209955;63.50133132320509
2019-01-04;57.71350671877517;50.918169430144886;64.09491783872957
2019-01-05;58.40519520876094;50.893647599158314;65.0102374680649
2019-01-06;58.358244536650254;51.91727899797278;65.18845278722046
2019-01-07;57.305831718151374;50.25889376780236;63.4463616292083
2019-01-08;57.20520944420072;50.42543828199684;63.172388783605136
2019-01-09;57.54917923898035;51.52561965158156;63.05547844449639
2019-01-10;57.30146052532632;50.36183455540502;64.42627703280999
2019-01-11;57.45064647179276;51.72140447480586;64.33050639412875
2019-01-12;58.526638485541284;51.11194428243218;65.75118564023435
2019-01-13;58.689112724673976;51.150359455738716;65.78058385599029
2019-01-14;57.24906652480129;50.15110277232055;63.31415557431231
2019-01-15;58.11103559827532;50.79783957961627;63.235167291770395
2019-01-16;57.20246565963337;50.44866230210254;63.35475900070969
2019-01-17;57.04148408026132;49.47312209967598;64.36386365547233
2019-01-18;57.873251195886425;50.8867810586754;64.56879321388905
2019-01-19;58.36440926686493;51.42972160369708;65.72344437464946
2019-01-20;59.843906714623444;51.04745765560431;67.721157721836
2019-01-21;57.2884994338485;50.060101609194675;63.55257206242139
2019-01-22;56.992895143330216;52.04637962866205;62.722026426919484
2019-01-23;57.55926374471957;53.377982750829915;63.18355608068349
2019-01-24;57.19158125960641;52.99555808737887;63.44500181363381
2019-01-25;57.44254722384553;51.74187411374756;64.67705506533575
2019-01-26;57.8521186855302;51.60216263576369;64.81482908761676
2019-01-27;58.874596395647856;50.94469553219304;66.20467497067344
2019-01-28;56.70144999297021;49.9352645708007;61.950449297030346
2019-01-29;56.20308091658046;49.72708317052016;62.211510249073356
2019-01-30;56.33670697813848;51.36826393399036;62.517531815985365
2019-01-31;57.96223368176281;52.849390344325975;64.97288261576387
2019-02-01;58.723062537989094;53.36196366629672;66.05596403911048
2019-02-02;58.30702099470152;51.753739967165984;65.09875371795306
2019-02-03;57.77706850194136;50.634193404227894;64.86553559801523
2019-02-04;56.927135807564596;50.37418173668254;63.468929384770036
2019-02-05;56.54952733485097;50.290537829587336;62.923080622747094
2019-02-06;57.04098785041032;50.91717057142503;63.36706896814162
2019-02-07;57.04709875069712;50.911307960485246;63.81770840125483
2019-02-08;57.55258587797509;50.84091319169275;64.32008540213415
2019-02-09;58.367594136495384;51.072750157510605;65.2908904734709
2019-02-10;58.057985739870624;50.18155986162612;65.62842559193231
2019-02-11;57.04952324897428;49.6159953662912;62.985512472140286
2019-02-12;56.63580941692886;49.83025418065652;63.05719955400795
2019-02-13;57.0067056221739;50.900675447082065;63.06284977349378
2019-02-14;57.52695502489122;50.98428705015844;64.0690536712803
2019-02-15;58.02545242193808;51.097073535250416;65.00018930437162
2019-02-16;58.28978304073274;51.71921608817375;65.50754101668898
2019-02-17;58.140136230079705;50.273462227576104;65.43995452326247
2019-02-18;57.18013686111837;49.84283138462697;64.18335043419886
2019-02-19;56.839128875878124;50.0442427684705;62.9163336993473
2019-02-20;56.99209344730487;50.35187145932844;63.38092475260219
2019-02-21;57.72944480643871;51.11000963870288;64.1021520433286
2019-02-22;58.116655102531276;51.21815322341432;64.468832366251
2019-02-23;58.077956447560254;51.00182506614978;65.15683548072657
2019-02-24;58.07609025721337;50.927365398888426;65.23986886761429
2019-02-25;56.914130913023484;50.89818948285142;62.958434267841554
2019-02-26;56.59153719791972;50.104700819442826;63.00101292951801
2019-02-27;56.5811934684734;50.30760076372138;63.58313657116241
2019-02-28;57.57264956517303;50.74734137443855;64.47503408649305
2019-03-01;57.95972063302129;52.45388527600133;64.86907587676126
2019-03-02;58.15985206286208;51.42670958063344;65.23205719821445
2019-03-03;58.58957872268404;50.550126787485695;65.32650069254655
2019-03-04;57.0618836946801;50.39162355214493;62.8565025542519
2019-03-05;56.177486463915685;49.53150604749687;62.741649585446915
2019-03-06;56.98823792358048;50.67599052473614;63.71356406256659
2019-03-07;57.05127077370713;51.00884642578136;64.05065567508157
2019-03-08;57.83399828378031;50.6974803059103;64.7312733886062
2019-03-09;58.008668624783525;50.57597260813299;65.29598640870338
2019-03-10;58.0190803158426;51.40442469046492;65.30700710435366
2019-03-11;56.55123320705174;50.30304314340829;63.11503150001964
2019-03-12;56.25204343676216;49.966826018442426;62.57299081046119
2019-03-13;57.080375470504656;51.003827259621204;63.1743146654522
2019-03-14;56.869030701362576;50.09260793914961;63.589482002236664
2019-03-15;57.30766281590331;50.42234124867711;64.150490947124
2019-03-16;57.881064792601734;51.04681555019839;65.22834445805461
2019-03-17;57.865524119003624;50.55410282723484;64.972935615109
2019-03-18;57.003451035999944;50.66092881599262;64.65851264359314
2019-03-19;56.13436839010113;49.81134337533294;62.433087748608116
2019-03-20;56.68010864522444;50.26558538667285;63.31493577142041
2019-03-21;56.8278485500074;49.553424516329585;63.35000168660453
2019-03-22;57.49205801084506;50.78338091160382;64.02484709234726
2019-03-23;57.87898296041089;51.291448725294096;64.77219307345112
2019-03-24;57.81509841296707;50.4309330482496;65.02756334735898
2019-03-25;56.41676829781765;49.72024582831774;62.51547473272933
2019-03-26;56.877049411851395;51.326717878639954;62.946160189760946
2019-03-27;56.35711152953804;49.88509524110707;62.50236080554294
2019-03-28;56.29442812542684;50.98485013328762;63.113492978818584
2019-03-29;57.711496717983394;50.637171819329396;63.77390402608265
2019-03-30;57.86829023518428;50.90809079095739;64.85787450326185
2019-03-31;58.238297855842575;50.765454527201655;65.12138895315854
2019-04-01;56.97557678276681;49.78942944317623;62.915943999983796
2019-04-02;56.169490835375555;49.677186540594256;62.61477552279935
2019-04-03;56.47498791860929;50.7771808529658;62.8147033698868
2019-04-04;57.049135147074715;50.22228583288366;62.93767286218694
2019-04-05;57.82465746724369;51.65777415342493;64.67960658331904
2019-04-06;58.91339512177669;52.07507108511816;65.59961429766376
2019-04-07;59.03056904886356;50.73660462718852;65.54150227090082
2019-04-08;57.85111868745952;53.18678429947368;64.52168922383075
2019-04-09;56.78373955614813;50.89256046679174;62.724529527538465
2019-04-10;57.13534609442563;50.48023499182108;63.962671246131194
2019-04-11;57.05896797501339;50.4346380879748;63.50144125988781
2019-04-12;57.93396699994028;51.59561338669511;64.5736439001429
2019-04-13;58.30055138667559;50.656216599772144;64.80991380799163
2019-04-14;57.700859401096196;50.64077219482983;64.34072284677795
2019-04-15;56.10606897828234;49.74892374089663;62.478506189138955
2019-04-16;56.05086173160751;49.97731711522981;61.94571990972623
2019-04-17;56.27166421150096;50.12961389767801;62.52693833666618
2019-04-18;58.466510599307135;51.331916766041076;65.98899698210903
2019-04-19;56.58241107571903;50.19091617083448;64.11803439434622
2019-04-20;57.26753342880711;50.44345850617287;64.84366776932194
2019-04-21;57.147932763183455;49.85135013809373;64.68047788691445
2019-04-22;56.455941415159224;49.09366888019101;62.837578601793986
2019-04-23;55.793456264338204;49.11638994250797;62.27660333102821
2019-04-24;57.26840102426621;49.923067540829095;63.55936219965881
2019-04-25;58.798021656912205;52.17676307373064;65.80020803660994
2019-04-26;57.56532092363507;50.41823199925631;64.57289314447164
2019-04-27;58.21960925924948;51.09402632364074;64.90067327875649
2019-04-28;57.83818774388553;51.51395556976163;64.80225990372575
2019-04-29;57.28292171957088;49.939668969739145;63.20304199891478
2019-04-30;57.22730445884359;50.20898811894011;62.270170251434244
2019-05-01;57.51802857449811;50.891985864875046;63.58515651710536
2019-05-02;56.83779828916391;49.67936825312532;62.77907862647947
2019-05-03;56.150252878430024;55.93212592046852;62.97641498949156
2019-05-04;56.78758721557035;51.00392412797903;64.020894562313
2019-05-05;57.780681907925604;49.55818314277269;63.817063437942274
2019-05-06;56.16499542663637;49.9760628491991;61.975539324095365
2019-05-07;56.610435737853926;49.81418839741238;62.06568704385741
2019-05-08;56.95069609941032;50.144164350893675;62.35100398423569
2019-05-09;56.767965477374524;50.2042406676264;63.18499298450489
2019-05-10;57.85014232490255;51.35527908105321;63.590333158077996
2019-05-11;57.63307079483771;51.12768528671925;64.68782855291971
2019-05-12;57.75554572102439;52.070208066530405;64.61342973290773
2019-05-13;56.29673244836677;50.39269588262372;62.348943790583256
2019-05-14;55.914348849908244;50.19906803514836;61.9257115368607
2019-05-15;57.51446838921196;52.210778553323024;63.97637586796064
2019-05-16;56.772270478152265;57.08462618117118;62.145535456377054
2019-05-17;58.59300788000703;52.916542986135056;64.22872730778919
2019-05-18;57.37243742651387;50.548725219005206;64.86695724728263
2019-05-19;57.56251084316817;50.03078953877736;64.47518982744693
2019-05-20;56.82431511629429;49.595904590316174;62.162260258792784
2019-05-21;56.03527419107843;49.69342200687556;62.24621184765554
2019-05-22;56.180026906532284;51.163463918764364;62.81145064976399
2019-05-23;56.362848729186716;50.51645509129993;63.315327293623156
2019-05-24;57.1397319534184;50.359367918028106;63.71251284589542
2019-05-25;57.94391035453697;51.38168758058953;64.81314904611241
2019-05-26;57.65343630088157;51.24828991457271;64.44581804612541
2019-05-27;56.74861534375957;50.27148823933153;63.10850093837765
2019-05-28;56.411424372942705;50.829665436204465;62.12034043747647
2019-05-29;56.69952073640229;51.14395800066405;62.853799886548614
2019-05-30;57.22434307769496;51.874528284392824;63.169208757594646
2019-05-31;57.30157757922385;50.881235384754284;64.13626434554912
2019-06-01;58.749979402916466;51.511552401738676;65.14347503348242
2019-06-02;58.87507738862893;52.330803166681;66.02845681478591
2019-06-03;58.04910945003871;50.454090609528215;62.65190731003186
2019-06-04;56.42945877049464;50.99216378971593;62.22074657458044
2019-06-05;56.8443829870304;50.89853412897916;62.73390662406488
2019-06-06;56.989651019825686;50.333742388501925;63.07743206931875
2019-06-07;58.22577799633492;54.10072767728014;64.75549739752022
2019-06-08;57.96284888113158;51.024724633322904;64.88696059724775
2019-06-09;58.68220109911249;51.26182184135496;64.66036862265254
2019-06-10;57.50974891329382;49.95104632654186;62.28434362295773
2019-06-11;56.009797442692644;49.9672764015657;62.69377424322413
2019-06-12;56.538112994475995;50.91817272007007;62.68374213096208
2019-06-13;56.6633386396648;50.386743106174066;63.35088283503804
2019-06-14;57.504102835743495;51.261244236816744;63.399916024226826
2019-06-15;58.73955400447747;51.291341731847844;64.69327160666722
2019-06-16;59.41433804094049;51.964559526004244;64.49982900751701
2019-06-17;56.46484744463451;51.79953710149399;62.598515299115874
2019-06-18;56.01749742930089;50.69370410969255;62.213012563810096
2019-06-19;56.420481068298265;51.042857363368995;63.32495240285462
2019-06-20;56.817950099519265;51.01100712464269;63.806593149118086
2019-06-21;57.99267312728429;50.824405668987424;63.77941255343474
2019-06-22;57.32280362582321;51.546124209369715;64.48705720925994
2019-06-23;57.49814814885514;51.78609709574137;64.25995409529041
2019-06-24;56.57806658832694;51.02589788553102;62.0576524444456
2019-06-25;56.00151581564476;51.07023625377562;62.258988579526225
2019-06-26;57.589626927790086;51.69684522119316;63.303057941744115
2019-06-27;57.017110328185574;52.26849269383395;63.22695892210507
2019-06-28;57.278054426568175;52.458442117545914;63.819937575383875
2019-06-29;57.79165133686099;52.883609898751224;64.34015112978398
2019-06-30;58.71096480000099;54.497150399181336;64.27929258805457
2019-07-01;57.240122675703056;51.05102617219085;62.76224251201256
2019-07-02;56.18226357718716;50.858536317160855;62.38215536633475
2019-07-03;57.677141198161486;52.436004671863884;64.26654423226303
2019-07-04;57.68819731115778;52.21548281915688;63.94431384252776
2019-07-05;57.39315171622955;51.60955593997876;64.1149090377822
2019-07-06;59.36242930085834;52.11591489139834;64.81883202343272
2019-07-07;58.343293813982186;53.18968056145091;72.03605187240703
2019-07-08;56.57754177592771;51.02117471241811;62.96870198713111
2019-07-09;56.04525006841227;50.373977596474575;62.20856590834873
2019-07-10;56.54812685443381;51.76491920135025;63.56497615275085
2019-07-11;56.798992494644;51.82406056672845;63.38927508586632
2019-07-12;56.89950516079921;55.699913848989375;63.819755485870886
2019-07-13;57.46429450946402;56.76362443798372;63.97744630456013
2019-07-14;58.37423963720887;56.45748630243852;64.53185761660909
2019-07-15;56.63845663748212;55.912953853722165;62.20484708220805
2019-07-16;56.21337068001495;52.51043619829819;61.899967352137665
2019-07-17;56.2440760785724;50.414208947832115;62.67978235931664
2019-07-18;56.832675931903026;51.67444084201208;65.60322807593121
2019-07-19;57.047831380929956;52.282648233002874;63.871961707448335
2019-07-20;58.15195163672746;51.815853740829176;63.790159550255126
2019-07-21;57.75516258665129;50.81610327695906;66.04063213929898
2019-07-22;56.809462709884116;51.70255808338999;62.49551900152126
2019-07-23;56.0162008699708;51.84748529462784;62.0713714683594
2019-07-24;56.523582840148386;50.74435875305059;62.77645245225537
2019-07-25;56.627746639346256;50.7656823953042;62.78627134645384
2019-07-26;56.90139358494007;51.40662212511198;63.444928835974
2019-07-27;57.16388643428742;51.92538862760582;63.89398151500481
2019-07-28;57.49060546791203;53.41853884673826;64.43100649972988
2019-07-29;56.239665649883534;49.83604787303628;62.09529138096631
2019-07-30;56.23725015515682;50.651166140869975;62.0733367356663
2019-07-31;56.8264603696925;51.491353014025954;62.61507921358195
2019-08-01;56.68828263910506;51.12847113001881;62.612556227315594
2019-08-02;56.919664051761316;53.231779126087716;63.15672433118084
2019-08-03;56.72293504719808;51.57296825655996;63.06809183392023
2019-08-04;56.385353034607036;50.67396160823424;62.47058122740644
2019-08-05;55.822293121172436;49.89014583555949;61.91187426510336
2019-08-06;55.594673865343125;50.39095686573426;61.47433215464615
2019-08-07;55.616243254266486;50.776368209655345;61.44142409627825
2019-08-08;55.62143269606533;49.72896804339024;61.96607788849781
2019-08-09;55.77171196989777;51.65655075257543;61.981803795489284
2019-08-10;56.230011762483315;50.49180872862984;62.8681634950256
2019-08-11;56.714404879430106;50.320747192741734;62.67825113025695
2019-08-12;55.24959121605576;49.59865118797318;61.33311590870167
2019-08-13;55.77261090865626;50.68480320522185;61.93967390953916
2019-08-14;55.69063306662529;50.34403627548756;61.27895171213155
2019-08-15;55.651912720870726;49.81561567540751;62.16859810306762
2019-08-16;55.65418759123526;50.31693752821849;61.570478658829664
2019-08-17;56.23151624094091;49.57138816564195;62.3585630244221
2019-08-18;55.96796043498215;49.67011233314331;62.37643637426237
2019-08-19;55.69402881509592;49.96827852486727;61.952587425148224
2019-08-20;55.45275437874694;50.29181217586559;61.15780576583261
2019-08-21;55.86874760412857;49.64216370791072;61.67378456970725
2019-08-22;57.31961749868348;50.229368344869584;63.46680199375581
2019-08-23;56.50639152339902;51.821103071559676;62.22973132460567
2019-08-24;56.69646311047926;51.98217980596664;62.386730210084224
2019-08-25;56.646557019254075;50.2166837677881;62.913127673939364
2019-08-26;56.16725047785535;51.62352952078618;62.38383156404667
2019-08-27;56.97987834553953;51.4224918236076;62.49760014215337
2019-08-28;55.81766831344303;51.03967393862906;61.819774118313475
2019-08-29;56.262245888841555;50.81615869856342;62.41590663619205
2019-08-30;56.1566464874689;52.38487821702308;62.856334425953676
2019-08-31;56.838626869251144;50.44592474337145;63.41299938952218
2019-09-01;57.648765383494606;51.27051806822215;63.776782236259606
2019-09-02;57.16362525594326;51.32975201381011;62.49342453691297
2019-09-03;55.769284868399005;50.912360605494946;62.02325589012335
2019-09-04;56.49391790823323;50.77006272852863;62.297183105678585
2019-09-05;56.935032385967396;52.26889437492354;63.07692488870278
2019-09-06;57.364345191928685;52.25325779882323;64.18300250541004
2019-09-07;57.285017478183235;54.42130654348234;64.50986064430927
2019-09-08;57.225036789880406;53.298003779983944;64.20704270679545
2019-09-09;56.186047675067705;58.75611169770691;61.97737234302144
2019-09-10;55.94014376826963;49.954921103451575;61.59512264065288
2019-09-11;56.11376038514436;50.918741987450744;62.51794333410799
2019-09-12;56.9406719901389;50.0584686907974;63.155446419481166
2019-09-13;56.712702508770334;50.76758126214603;63.805034967159635
2019-09-14;57.462813216801095;52.07950054766475;64.6815581422089
2019-09-15;58.182836612522905;52.92506280562466;65.88927064328362
2019-09-16;59.32116797911159;49.053824474241964;62.703225091883425
2019-09-17;56.198376372764656;50.01278544842792;63.07453855167593
2019-09-18;56.03101732339368;48.78772549550735;62.48108179502917
2019-09-19;57.1388530717002;49.99420258122963;63.457101744232254
2019-09-20;57.18985818398632;49.60590878249643;63.4799577746628
2019-09-21;58.31717079058762;51.45523309354299;66.10333246297212
2019-09-22;57.747621518964294;49.93231761282406;65.02117958444664
2019-09-23;56.51194585906454;49.193894655544156;62.483670362742245
2019-09-24;56.23256928321386;49.28014871624646;63.183825563329606
2019-09-25;56.197380218494246;49.50737894239947;62.87746115453615
2019-09-26;56.645189716214304;49.96611765896621;63.88341684068738
2019-09-27;57.85946958512476;50.185469733540415;64.39916797726544
2019-09-28;58.08089246939976;51.213317619688766;65.45715399700457
2019-09-29;58.07816434039076;50.96382971977647;65.94254853496544
2019-09-30;57.14700426084899;49.20899426376202;62.592036770251596
2019-10-01;56.120948384335314;50.44428644407126;63.10916629572852
2019-10-02;56.31299678682737;50.325464854990315;62.99655461725961
2019-10-03;56.44114441811021;49.33179878421393;63.45823190296989
2019-10-04;57.383657448789585;50.56563594742254;64.12791650600462
2019-10-05;58.55586515797319;52.83824979200523;65.16000530663986
2019-10-06;58.34340249377357;51.89552469660355;64.53444916985771
2019-10-07;57.14798492243466;50.081245437667235;62.79588579662039
2019-10-08;56.44317329503194;49.62502414230488;62.724019989349564
2019-10-09;56.59335204310772;50.07598326759732;62.74169538016344
2019-10-10;56.700440651877;50.49471554753108;63.29128606104689
2019-10-11;60.78424028030923;49.96895943875658;64.50738852918846
2019-10-12;64.2036554137246;50.57966140672144;64.59065860751616
2019-10-13;63.06323359954824;50.80419001389008;65.0069703866681
2019-10-14;56.601904260848485;50.242104985191496;62.90502536032413
2019-10-15;56.79555274678311;51.24631457474627;63.08485536219894
2019-10-16;57.02477854234807;49.85411604512339;63.36245192839732
2019-10-17;56.97272729393917;49.97035731293831;63.456216692168695
2019-10-18;57.1858403441077;49.84713386647684;64.43943197202562
2019-10-19;58.377262226468375;49.78155696520582;64.49438790800814
2019-10-20;60.70696528920409;51.62085740529164;66.45413812851658
2019-10-21;56.757021991991266;49.49406294339071;63.16699917074895
2019-10-22;56.56393932539704;50.187009004740155;62.78070096632706
2019-10-23;58.66770119141905;51.72839965105574;65.75290023424665
2019-10-24;57.17434354480864;50.38609584088621;64.4165514000429
2019-10-25;59.13475865549039;49.88720592341445;64.59382272691894
2019-10-26;58.52357430308199;50.92724568590788;65.44244826874208
2019-10-27;58.48004737412793;52.92407241950584;65.44861913700376
2019-10-28;57.00010137174403;49.35431047031953;62.44202861383414
2019-10-29;56.32934175432234;50.02227653329239;62.70074993503724
2019-10-30;57.12762225977166;49.67355019861888;63.15475392864674
2019-10-31;57.156569456229825;49.976531616499;64.30001765141046
2019-11-01;58.483953743716825;50.818449403897816;65.68669086255545
2019-11-02;57.166169245948254;49.96398021956875;64.08159290531742
2019-11-03;58.36436326094744;52.714977795007734;64.93605947503804
2019-11-04;56.7506700651401;49.88784606781258;62.76122780915399
2019-11-05;56.6945830312531;50.41601290878709;63.3513646449558
2019-11-06;57.05758914692701;50.66043425620809;64.04830321009759
2019-11-07;57.23622374066292;50.34149456849492;64.20668068964983
2019-11-08;57.78521061033571;50.52209956870189;65.02850197476913
2019-11-09;58.31495765970718;50.840031954764164;65.29020432561934
2019-11-10;58.61105697246862;52.388163910290984;65.53404753404456
2019-11-11;57.20074307510552;50.241640818857235;63.477499829183174
2019-11-12;56.394169262882684;50.006384717889915;62.920715848848374
2019-11-13;59.00473050599282;53.7727711125282;65.70892809206414
2019-11-14;57.10295717902531;50.58134427807354;63.86461693649993
2019-11-15;57.754593240679895;50.397532373639386;64.65498697913512
2019-11-16;58.410572499294695;50.40453996335949;65.51589680736954
2019-11-17;58.21360943890284;50.105680408096376;65.58832234393336
2019-11-18;57.52946625323058;50.3808189341631;63.809833714857305
2019-11-19;57.21753329734109;49.99964718585502;63.60164378158409
2019-11-20;57.412521322927496;50.36163171164542;63.911538003110934
2019-11-21;58.00731949398251;49.91078130495163;65.15737896138869
2019-11-22;58.03563635060076;51.67014714618409;66.66662576006317
2019-11-23;59.596090684441506;52.527286968805456;66.73052782373672
2019-11-24;58.79147297595591;51.42194840669128;65.90552834685582
2019-11-25;57.12498974998361;50.13499163000888;63.43973265383485
2019-11-26;56.51266948888257;49.54779761350561;63.52318842941714
2019-11-27;58.147630918826664;51.64203736642263;65.6372027204693
2019-11-28;57.331206541864155;50.314739177720895;64.36730254456361
2019-11-29;57.61408247235693;50.30702032549244;64.57042256402438
2019-11-30;59.176166094343685;51.05157228875085;65.86575643822223
2019-12-01;59.77540058403903;52.031298488066994;67.80347213748567
2019-12-02;59.10704835373127;52.2129190975385;66.53171037536762
2019-12-03;56.744204312591016;50.966834742293806;63.75135556890559
2019-12-04;57.7654228802298;51.204486608331536;64.57764853658476
2019-12-05;57.98924595312001;50.59459433973156;64.96376709345114
2019-12-06;58.9867350818113;51.30691623738987;65.37360215006584
2019-12-07;57.71975891571025;51.21060769412167;64.68533710663303
2019-12-08;57.89514837694992;50.91546233970852;65.23193678583554
2019-12-09;57.08053137923959;49.85334433445231;64.33659523252723
2019-12-10;57.07362121555174;49.08830263049861;64.1098304440155
2019-12-11;57.30015543049589;50.16487431534014;63.96554258817973
2019-12-12;57.99934698162065;50.93075761403692;65.08686036972352
2019-12-13;59.11811878934807;52.56955506389679;66.039173517772
2019-12-14;59.41410722622755;52.5967409161884;66.73808328257277
2019-12-15;59.85506239376879;52.77101235215063;66.62733750141851
2019-12-16;56.98646088738873;50.32976680147228;63.844794786957664
2019-12-17;56.78158803058732;50.42120953930369;63.97523621688519
2019-12-18;57.723419654171565;50.052487291853424;64.29382259756932
2019-12-19;58.67054169068314;51.69377896595521;65.59649764394551
2019-12-20;62.21472945202919;57.25371873969681;69.3229713129881
2019-12-21;59.878371074366406;52.48303838356251;67.0082855157919
2019-12-22;60.26946575084115;53.41736378303083;65.84347610032543
2019-12-23;57.93953721431464;50.792884970816196;64.71730520793659
2019-12-24;57.579688334906365;50.873804640301955;64.76375332592306
2019-12-25;59.62963700694413;57.441716053139714;65.04112482962528
2019-12-26;56.732748445564894;50.128804292632324;63.5521617789339
2019-12-27;57.56957976019319;52.245176918201544;64.45883103455868
2019-12-28;58.34465602103129;51.94424208842445;65.23956208764743
2019-12-29;58.52832972359786;52.17592115419097;65.10568096755134
2019-12-30;57.34261409259848;51.782403023823804;64.08513679009357
2019-12-31;57.78089652286273;50.69895143261655;64.17895721640753
2020-01-01;70.56890838997414;73.84305983358445;67.17033909172874
2020-01-02;56.45448430404361;50.24613032677748;63.483262340440234
2020-01-03;58.03105620523815;51.24064180761317;64.318975828655
2020-01-04;58.15486341020475;52.11092433064508;64.79871092118051
2020-01-05;57.803283243265184;51.01274761598259;64.78075585350086
2020-01-06;57.55961369302401;51.61534926518514;64.45036042091766
2020-01-07;57.219920620240785;50.83247184481786;63.56685477888753
2020-01-08;57.15608171023827;51.18520116751828;63.54999261417592
2020-01-09;57.148085299304284;50.46984294423048;63.60498302319883
2020-01-10;57.21790171118474;50.511113490311814;64.04750127793052
2020-01-11;58.409512335100914;53.399084253205224;65.25273651941205
2020-01-12;58.465422591001975;53.12603715367442;65.639440199512
2020-01-13;56.52630923365125;50.030996064053966;63.70201936092535
2020-01-14;56.318077932788526;50.41183271169925;63.56852644634585
2020-01-15;57.990917533616496;49.82675597641844;63.4578801937527
2020-01-16;57.071807788947915;49.98402519593577;63.791632377763435
2020-01-17;57.77705123396733;50.34920659754629;64.5173862764858
2020-01-18;58.71580157312111;50.17387143116217;65.75893684967627
2020-01-19;59.63030144995009;51.20014876624447;66.57112269478952
2020-01-20;56.756974833947645;50.125664164517325;63.109874684228714
2020-01-21;57.180171549590604;52.68805018189422;63.834337036451736
2020-01-22;57.82356325838617;51.29025726585386;64.4805866253708
2020-01-23;57.55526543712431;50.71690836871011;64.31376591393297
2020-01-24;58.04711530142054;50.23064546301467;67.82415304681771
2020-01-25;60.037471528522836;52.453345130952;68.14650783967274
2020-01-26;59.0417591769808;51.17351903597233;67.81653907093036
2020-01-27;56.825337171212325;49.754200440680656;65.21107799680635
2020-01-28;56.79030510261296;50.862757784828226;63.329449467373415
2020-01-29;56.76178265395373;49.763555415446426;63.18832141436798
2020-01-30;57.3347250331091;49.8171131757729;63.7112262548621
2020-01-31;57.83555222304736;52.54222935486819;64.51206193843977
2020-02-01;58.930484397015746;50.91326289141775;65.7340438514365
2020-02-02;58.165612050961464;49.87030879551361;65.23860477472672
2020-02-03;56.74706112114392;49.40192754825559;63.12049212781542
2020-02-04;56.71859279962207;49.87961559056092;63.00671018888667
2020-02-05;56.635427911566964;50.79101463196813;63.06425117247639
2020-02-06;57.111341225437;50.50059257152228;63.56823999263763
2020-02-07;57.49945828502682;51.110765611401916;64.59190909162896
2020-02-08;58.20216173328042;50.57809224526669;65.327577879917
2020-02-09;58.18337799126379;50.2963307067689;65.54168521979904
2020-02-10;56.756389126478616;49.55047896083687;62.8188984052975
2020-02-11;56.61535848731035;49.42958302206953;63.77301289597439
2020-02-12;56.9784365278046;49.8905806401578;63.13137819129373
2020-02-13;56.79463887046011;49.92193188085487;63.84625787080083
2020-02-14;57.49925301874836;50.237534724883616;64.76337186398338
2020-02-15;58.71105974286732;51.286589463015474;65.49894197487679
2020-02-16;58.725025478823994;50.633758040337185;65.38914444640062
2020-02-17;56.927044981991045;49.729420104917104;63.361053462060596
2020-02-18;56.528050307701896;50.08237736935007;62.78819443548274
2020-02-19;57.201575682878826;50.75299123877307;63.25903470477322
2020-02-20;56.838814007420844;50.70384636054886;63.457549836518524
2020-02-21;57.21420479771332;51.08171866951714;63.82562012504433
2020-02-22;58.06005049663291;51.00556200282978;64.99569151312969
2020-02-23;57.74203779191385;50.826365333511205;65.01826233068152
2020-02-24;56.553961905749375;50.436716159025636;62.53961634345876
2020-02-25;56.43304472672911;50.84977623118146;62.46325704972726
2020-02-26;56.35101972370589;49.602396622291494;63.040827199343525
2020-02-27;57.059943515668515;50.583455501653354;64.4652857697849
2020-02-28;57.94523948362986;50.49422357707465;64.76337554416918
2020-02-29;58.489722452657844;50.696358965236705;64.64873733106296
2020-03-01;58.9932831940252;50.116930412580345;65.46707210873298
2020-03-02;61.17042293429244;57.747259771802185;66.47956532961692
2020-03-03;56.22802499504044;49.8676546761845;62.85596258735107
2020-03-04;56.80110651848665;50.93640218369487;62.53096194360224
2020-03-05;56.64373284893678;50.21410305397509;63.29167731666773
2020-03-06;57.842680468641575;51.06355787232901;64.2996513989616
2020-03-07;57.94982517137866;50.18038536998596;65.13971607383824
2020-03-08;58.406627974711085;50.52798487622862;65.06542661500865
2020-03-09;56.2482142268097;50.23265172091203;62.5759313551622
2020-03-10;56.57760297566028;49.65633077860663;62.20469122077581
2020-03-11;56.48072808459956;50.36593586919789;62.76989091135537
2020-03-12;56.48061752708995;50.52202377558875;62.2814444258501
2020-03-13;55.43696233601571;50.116807102065756;61.823221967884706
2020-03-14;54.605394046950614;48.75143678569067;60.33203137172375
2020-03-15;53.04942650919073;46.27189402448294;58.54811788990152
2020-03-16;54.701195614063465;50.213475784998394;60.79101332337021
2020-03-17;54.66034037473719;48.334089285745;60.61762991376395
2020-03-18;53.608546505604636;47.559068893391654;58.99323185124302
2020-03-19;54.97696304459722;47.10071489726558;58.69650308722672
2020-03-20;53.811489537328974;46.359093083515305;58.627924996493135
2020-03-21;52.967209168375945;46.18608485298705;57.28057277061498
2020-03-22;51.006248867283716;46.00490159397297;57.12154636855161
2020-03-23;54.85785454785176;48.16794219814128;60.78254481428297
2020-03-24;53.25147676470975;47.32097710410037;59.465591882607136
2020-03-25;52.04969391411482;47.013731282354996;58.81199551173998
2020-03-26;52.295504511386746;47.32298418165616;57.898737667431405
2020-03-27;51.91448264563401;46.44356680068758;58.089716714504874
2020-03-28;52.21056790952704;46.24936222421097;56.85089656037168
2020-03-29;50.55597817773294;44.937287674248616;56.92980361266733
2020-03-30;51.33340774058855;45.593372894688756;57.0783247384685
2020-03-31;53.98499972780048;48.52101453187497;60.573976621878494
2020-04-01;53.34587228171934;46.878364708993985;58.810210857868164
2020-04-02;51.973294514552194;46.211325267033146;57.58204606327763
2020-04-03;52.14656742751873;45.461176729076165;57.11242723430824
2020-04-04;51.442328352938034;45.382059173612845;57.00293805141749
2020-04-05;50.316681001617695;44.126453170855264;55.36919295578792
2020-04-06;52.53189945541205;45.37553164049544;57.70243309853797
2020-04-07;53.47695312813738;47.69655381011776;59.27783789269547
2020-04-08;52.10137710455693;46.35829473815724;57.73335799790637
2020-04-09;50.37277677169805;45.865540248949515;56.46486454726794
2020-04-10;53.369245688462954;46.707947064893;58.97950859621816
2020-04-11;51.64458676760507;46.15258906842354;57.05131703351511
2020-04-12;50.33533975281233;45.40659121854634;55.64230414125514
2020-04-13;53.01615315499664;47.18781881324964;57.9258438846465
2020-04-14;52.39362504088085;46.42613394896851;57.97309636365125
2020-04-15;54.20442711700319;47.41999122101;57.64276751618486
2020-04-16;53.29512269674601;47.461507727208705;58.89290849668686
2020-04-17;53.20433062803473;47.53316911289697;59.176170609121456
2020-04-18;52.541326701685406;46.59048575379879;57.555433058750445
2020-04-19;53.07558807741934;49.20251207572045;57.55954568219537
2020-04-20;52.38651206174406;46.564784211511146;58.1046866709245
2020-04-21;52.03471252503695;46.90170317297348;58.42464533236353
2020-04-22;52.40898403797889;46.74619013149217;57.79997346879948
2020-04-23;51.703087544338445;46.38252445597699;57.666250991061965
2020-04-24;52.02877138484656;47.281610173599134;57.37479077841349
2020-04-25;51.28357355193393;46.4111530625421;56.180744627583124
2020-04-26;49.97131787100355;45.40258408885904;56.150948091115936
2020-04-27;51.30943986738302;45.92180359263616;56.903085273339954
2020-04-28;52.25265184229474;46.18917068457122;58.07643946745436
2020-04-29;51.81858010314056;46.47446552329879;58.663017093314814
2020-04-30;52.41374350814246;47.642389042197365;57.30084267545202
2020-05-01;51.37357198196962;46.41653045704963;55.613493003418164
2020-05-02;51.548618632354426;44.71337936248328;55.67390862097393
2020-05-03;52.387542409028626;45.637017654563856;56.106832798993295
2020-05-04;52.80425594531092;47.040637235611406;57.50476339350051
2020-05-05;52.45883622223577;48.01619007441062;57.095733625932795
2020-05-06;52.54001895741527;48.07185279030161;57.55249881548839
2020-05-07;54.571641210236955;48.41841198902991;58.10636085827818
2020-05-08;53.406440260348674;47.98979312886023;57.297699294168716
2020-05-09;53.29794325690728;46.425368452173686;57.25349777649128
2020-05-10;52.23249579847022;47.73846126275744;56.44722553956168
2020-05-11;53.21419026287912;47.84450158017837;57.51897852741715
2020-05-12;53.14104600846315;47.782770643578246;57.655586294182385
2020-05-13;54.265877961302735;48.58014811799606;59.835031782471084
2020-05-14;54.21335178107435;48.015018535051155;59.16642888881893
2020-05-15;51.80493911835718;46.257386318797074;57.58050922476446
2020-05-16;52.44875308262449;47.0290808570688;58.013005650450935
2020-05-17;51.97424451798764;46.817864345858155;56.378986331230436
2020-05-18;53.21865532414978;47.52045247301225;58.38331868029745
2020-05-19;52.93951502630755;47.70123150119013;57.68317511932311
2020-05-20;53.2818298206806;47.909319282152616;58.18043093246017
2020-05-21;53.61546921644175;49.15982359823286;59.05306654992409
2020-05-22;54.36992402286029;48.62522141647411;57.92350210762539
2020-05-23;52.93639060540815;48.13353768844431;58.49635759203121
2020-05-24;53.03290543571485;48.40264161616205;56.79250269057895
2020-05-25;53.50043191260136;48.68243862624944;58.4945697317799
2020-05-26;54.57730315962838;48.80210551527513;60.49809259315471
2020-05-27;54.965874779453976;49.696190866357085;59.900575345286
2020-05-28;55.10183443203505;49.43347813574188;60.19578397963005
2020-05-29;54.96111720097247;49.75636956688163;60.114768621453436
2020-05-30;55.43403851006453;50.468534487561826;60.97022527769578
2020-05-31;55.59057078645288;50.18943685043463;60.346421927727675
2020-06-01;55.08970681981328;48.232339897244564;61.32686909447179
2020-06-02;54.50173492920474;49.59887231313936;60.00733061733773
2020-06-03;55.56040410340424;50.19108568209562;61.429476307575214
2020-06-04;54.771993641479845;50.52756957309051;60.631483585982345
2020-06-05;54.94974863923515;49.51234194542665;60.818599681242645
2020-06-06;56.522437146488265;50.7692226983895;62.19691753627005
2020-06-07;55.82609332309221;51.670932041279514;60.980044343932946
2020-06-08;54.859156041642336;49.224960805067056;60.473904079383416
2020-06-09;54.77868778467462;49.75166105569694;60.84469517574252
2020-06-10;55.23528780123777;49.33624474653162;60.30468200582413
2020-06-11;55.086099606994914;49.72495457156598;61.03139258537908
2020-06-12;55.49372171508602;50.00110426200159;60.95805576819784
2020-06-13;55.925594163608345;50.60091669251601;62.68152839707735
2020-06-14;55.72428795555017;50.648235181484516;61.405008816786726
2020-06-15;54.95930863303654;49.162323036592134;60.29820675188031
2020-06-16;55.09125119138932;49.97832316588514;60.15099742449479
2020-06-17;55.28881877348172;49.44039454802757;60.68486374981178
2020-06-18;55.456757171348016;50.3829275699395;60.991932846384465
2020-06-19;55.59745977317665;51.30325722496779;61.400057412439686
2020-06-20;56.54824735061915;52.51154335657453;62.8780156851981
2020-06-21;56.356037009218426;51.28487463309709;62.85363984981777
2020-06-22;55.23042337292826;50.69062750988409;60.966633753757115
2020-06-23;54.56320621386127;50.82500630923537;61.268220202263066
2020-06-24;55.61618303517457;51.17762553686127;60.71806195141743
2020-06-25;55.3565551019785;50.852578627270965;61.939278366233104
2020-06-26;55.5206302654151;51.24048790468832;62.13231500681697
2020-06-27;55.71561905296016;51.63513610330705;62.23284504274585
2020-06-28;55.6499984109665;51.412659235475296;61.81268350556831
2020-06-29;55.6118896769928;51.14620216307844;60.57996321445049
2020-06-30;55.693440578202946;51.44981598527976;60.52681427654246
2020-07-01;56.11179706021648;50.986826251241666;61.027038797525535
2020-07-02;55.39617659573972;50.61760776419767;61.99224037852224
2020-07-03;56.33586267209593;50.512729113205104;61.81494372200233
2020-07-04;56.310884501988234;51.14696319320118;62.51719987325286
2020-07-05;56.126539797359875;51.825074795240305;62.5536326880765
2020-07-06;55.43834380449465;51.33476590616165;60.92073958131756
2020-07-07;55.32212816733933;50.88244675807846;60.76658508291458
2020-07-08;56.12052310502543;50.78374630729037;60.97831513104738
2020-07-09;55.66853229588923;52.18888606454787;61.96515165645026
2020-07-10;55.62217439517426;50.57260069732202;62.31504585043225
2020-07-11;56.0684781632831;52.082268799404574;62.89433167162344
2020-07-12;56.436607779985266;51.329967017786124;62.59865439461392
2020-07-13;55.366328968606865;50.06627587239726;61.16016544591129
2020-07-14;55.19787686699226;50.609004535444484;61.54382126190056
2020-07-15;55.50461737384217;50.286812605951575;61.9759662114994
2020-07-16;55.97258053322903;51.19084294692614;62.04192924956548
2020-07-17;55.89825222889023;51.465492372183625;63.09938722384526
2020-07-18;55.81869744940277;51.731814842281736;62.45746489425315
2020-07-19;55.85733875996115;51.22346432644125;62.44059010688834
2020-07-20;55.25333010461257;50.347292338440255;60.77276193252693
2020-07-21;55.30085796451054;50.60882203426111;60.91164647568139
2020-07-22;58.07305680324692;54.82790611621869;62.44599896188892
2020-07-23;55.83019299411446;50.765752128025014;61.442235132343875
2020-07-24;56.072047737818586;50.255190832963464;61.657151427377585
2020-07-25;56.39556459366596;51.82476747160828;62.01898717367369
2020-07-26;56.762003602830376;51.65671453271941;62.68238313917167
2020-07-27;55.970285360302654;50.855522023923484;60.7868459133946
2020-07-28;54.990491566338946;52.60091024063336;60.86238524273773
2020-07-29;55.57242934853322;51.16679220783395;61.4558153386787
2020-07-30;55.68918381373493;50.83745890416775;62.51341108309717
2020-07-31;55.89375420764241;53.369133683018035;61.85894913444383
2020-08-01;55.94338128858263;51.29744078697111;62.24366788797535
2020-08-02;55.50533142780761;51.2296673398349;61.32931821132558
2020-08-03;55.14775430844816;50.331881400689255;60.38634452375038
2020-08-04;55.23210093728355;50.86307485794422;60.1075926278051
2020-08-05;54.68640974915911;51.31925651919084;60.28754363057638
2020-08-06;54.94921064690993;50.20200860565667;60.68435972554559
2020-08-07;55.36210627590431;50.94389995483388;60.57295928238558
2020-08-08;56.5886715541386;52.082287809428614;61.182501083382405
2020-08-09;55.01630063757187;50.90197456338863;60.73028982861846
2020-08-10;54.59211741390157;50.8096474523621;60.02137400365462
2020-08-11;55.10387070063322;50.218316261017236;61.22002914536128
2020-08-12;54.55305243541255;48.607379761615036;60.63795156734265
2020-08-13;55.305574892851396;50.03907760263567;60.532116360130686
2020-08-14;55.10360107430594;50.36897179500872;60.39841756575419
2020-08-15;55.195513603501716;50.662938396365604;60.790262880400896
2020-08-16;54.45570578173257;48.854660050166515;60.00700156530806
2020-08-17;54.20466674794699;48.8893102003891;60.438002471159855
2020-08-18;54.4235134089778;50.038998897542946;59.281407649851076
2020-08-19;54.41868908009085;49.05810446732587;60.284171336297646
2020-08-20;54.66153734275497;49.64106692558332;61.62566056826611
2020-08-21;55.259463305636814;52.022171191204414;60.29657748152331
2020-08-22;55.09996960626735;49.453810923439875;60.74659853292005
2020-08-23;55.37486488622777;51.253925330837625;60.193917789489646
2020-08-24;54.15727495690582;50.65621148177482;60.35473477536863
2020-08-25;54.56912351365371;49.851597252370766;60.19286469601819
2020-08-26;54.537545871125424;49.66038683919943;60.34305728542331
2020-08-27;54.63456833068864;49.70469092422502;60.82463445986968
2020-08-28;54.68626533296081;51.59152523647276;60.70136410458595
2020-08-29;55.845975318094936;50.65602758741534;62.53621421429279
2020-08-30;54.98142749675162;50.95356976416302;60.888397846294254
2020-08-31;54.74532294340166;50.659216595028326;60.38841781677326
2020-09-01;55.123044321912;49.78212547325835;60.80838686078891
2020-09-02;55.796687509994825;49.12828117023388;61.42238776337176
2020-09-03;55.21013539496352;49.82277663751933;60.95338230979971
2020-09-04;56.723141741735134;50.36816872463571;61.91900467959318
2020-09-05;56.04712876207127;51.433199218513934;62.07683616448812
2020-09-06;55.343146021437654;50.65343809450055;62.088058246810604
2020-09-07;55.1026049961504;50.138104625023445;60.605512348361906
2020-09-08;55.335061820825274;49.974803805054776;60.96586893257961
2020-09-09;54.96202420382127;50.06415294801532;61.210670848771656
2020-09-10;55.25224227878482;49.61862700609102;61.4738373939612
2020-09-11;56.178077499802505;50.8876727240512;61.95853203260957
2020-09-12;57.63046623150415;51.88477594432595;62.580976861439865
2020-09-13;56.9494159253814;51.122725685093336;61.943234951893544
2020-09-14;55.37606939983333;49.00996733233664;60.70765038640282
2020-09-15;55.98310591913065;52.11245380021279;62.05986246875206
2020-09-16;55.17431492040389;51.13062065007231;61.06206701548186
2020-09-17;55.679606953639286;50.17442010663454;62.718781863209465
2020-09-18;57.25925072581765;52.107701037059606;64.53964222122275
2020-09-19;58.84163013683984;54.23389321958095;65.31238506519617
2020-09-20;55.6852000797275;50.31372187544498;62.66915935319681
2020-09-21;55.10082657116841;48.77908967719813;62.879596841441426
2020-09-22;55.16815456593975;48.208559608890496;60.77841622362581
2020-09-23;54.31953754989274;49.57026000296521;60.768272698514465
2020-09-24;55.3297784888141;49.5567851937626;61.376042796425494
2020-09-25;55.92551498822153;51.89752756898811;62.272458732194735
2020-09-26;55.41951933047217;49.35062351745698;62.4122805882856
2020-09-27;55.20878648219963;49.855643991911876;61.986389838962324
2020-09-28;54.4031097353599;48.46315208438401;60.704407223055995
2020-09-29;54.69858025933637;48.803236036565856;60.975918061455076
2020-09-30;55.18530712002934;48.975887826803074;60.82042759626248
2020-10-01;55.232338476192105;49.042132286434246;61.58052311231509
2020-10-02;56.71221184708865;51.72690415425187;62.700416108639025
2020-10-03;55.824938390520785;49.67096791763006;62.68221388100862
2020-10-04;55.16979850136009;47.89824354099465;61.38698002721835
2020-10-05;54.59475576023503;48.64235641509212;60.43041237643331
2020-10-06;54.211484630956015;48.49255274093122;60.437939630120425
2020-10-07;54.920336644770885;48.84857579032548;60.338181772593856
2020-10-08;54.722217346195485;49.459915222220054;60.86312889165782
2020-10-09;55.48476027664455;50.54262366388827;62.12881951559165
2020-10-10;56.01871805870413;50.02561658649335;61.48507207309454
2020-10-11;55.392490535727205;50.332651051133595;61.64928637824914
2020-10-12;54.27133100533378;48.87568319485608;60.22844975439171
2020-10-13;54.381565292202055;48.920982750482445;60.28372601084618
2020-10-14;54.46938828350554;48.67130996213003;60.13127029955847
2020-10-15;54.71496145393246;48.67393806667647;60.60790258924251
2020-10-16;55.357399267121934;48.83344470245526;61.46784341875328
2020-10-17;55.80598533596707;49.46278165634081;62.25248641149353
2020-10-18;55.50351399887754;49.75906249743197;62.29159287197354
2020-10-19;53.97315521008224;48.77619837910692;60.282927633470024
2020-10-20;54.7402707223905;50.09518265954063;61.115982912387935
2020-10-21;58.37322836832284;54.0476172000966;62.72184570020877
2020-10-22;55.36179164551708;49.802701192368055;62.78129783318404
2020-10-23;56.3009609284675;50.1303124744522;63.158778913484525
2020-10-24;56.17923246451678;49.529794481919815;62.919774580722525
2020-10-25;55.63195810654289;50.10676614906552;62.54449218308689
2020-10-26;55.68837182479918;48.70444684092476;61.71349916445293
2020-10-27;54.7698179468682;49.08771565124689;60.49650841563599
2020-10-28;54.31072117607157;49.832314708383066;60.7431506060439
2020-10-29;54.191469351503024;49.31672840565997;60.87050009087789
2020-10-30;55.184052604352736;49.81171512310009;61.72650917357787
2020-10-31;55.805841154778264;49.503982613372244;62.215694092984826
2020-11-01;55.6763953372821;50.71854497905778;62.51864401384316
2020-11-02;53.9840950013675;48.14724906632598;60.50390837017119
2020-11-03;53.85042041231665;48.6543418124268;60.34046108785378
2020-11-04;55.24134342522265;49.655403703096404;61.25283489349414
2020-11-05;56.26922229669703;49.999336180811625;62.747661593889475
2020-11-06;55.60778315792605;49.66481001987163;62.04825832897295
2020-11-07;57.40112839777497;52.53216541624117;64.05555035194674
2020-11-08;55.71885133964684;48.46993295898318;62.14221286968815
2020-11-09;56.130578253862936;50.627194785587264;62.2073704543093
2020-11-10;55.37840913173326;48.81253649057709;60.66083203423959
2020-11-11;54.54680532037622;49.941092348824654;60.70580124030818
2020-11-12;55.022714342781654;48.78163472974368;61.47481189494553
2020-11-13;55.41421304206199;48.55314191138149;61.76695102913084
2020-11-14;55.61453784047173;48.34924246233172;62.2422836332916
2020-11-15;55.551161436152405;47.87494020794408;62.239705789689204
2020-11-16;54.597885569563374;48.21269319355241;60.793419725062286
2020-11-17;54.68419786817875;49.07385678923486;61.04186739027717
2020-11-18;54.544189886469816;49.79343174572253;60.940564743542396
2020-11-19;55.40892873564203;50.02814301668689;61.57427966258018
2020-11-20;55.42656662988839;49.475101850947986;61.66642458799605
2020-11-21;56.1109570160454;49.419784333094455;62.11995728231347
2020-11-22;55.99425524112511;48.9050572331854;62.10645061075648
2020-11-23;55.1017322327948;49.03249308008955;61.22601520604802
2020-11-24;54.88370232025494;49.68270184927918;60.91985992610779
2020-11-25;55.07031160827672;48.23846648683116;60.939709331297294
2020-11-26;56.418490833494026;50.81016014857105;63.317810157011145
2020-11-27;55.529584124488736;51.96717766640579;62.73202594120835
2020-11-28;56.829090287695784;49.65661060447531;63.235881673426285
2020-11-29;55.553942376491676;48.610549550171065;62.44310407218697
2020-11-30;55.07414950404977;48.900657338644464;61.75716213527573
2020-12-01;56.19352531793066;49.45305370867143;61.39030724266705
2020-12-02;54.95987043141664;49.23350747940894;61.22273846492582
2020-12-03;55.06440440641345;49.76403085466692;62.28078394717714
2020-12-04;56.982384231046275;51.74155703239576;62.80861461672582
2020-12-05;56.056409489251784;48.864907048040465;62.62276730193217
2020-12-06;55.58934993341413;49.077214369288896;61.95098093037707
2020-12-07;56.22389579229481;49.73341971235;62.130075893444136
2020-12-08;56.39022276634036;50.68676431150891;63.81330678154637
2020-12-09;55.12774827968852;48.64913105646262;61.70241837861403
2020-12-10;56.47216765067722;50.74817551240174;62.661862592040116
2020-12-11;56.26263447738672;50.75462560076232;63.06752941445975
2020-12-12;56.30917923972909;51.55068441806346;62.653878585048304
2020-12-13;55.89608175628377;49.855365320295526;62.50799167596423
2020-12-14;54.59247472893145;48.54837447221385;61.32618840986079
2020-12-15;55.66620454350755;49.52184117829641;62.349319236181735
2020-12-16;56.024213433796604;49.06238206741207;61.63206850409588
2020-12-17;55.53534464257386;49.0807777869304;61.95986026359965
2020-12-18;55.675446466596526;49.97748721762876;62.2586040686432
2020-12-19;55.725971005950576;48.63857737686818;62.69039197903777
2020-12-20;56.498150932782146;48.986219249596026;62.90208256689701
2020-12-21;55.69589835897052;49.117240710817114;61.79603070796573
2020-12-22;55.4697478577241;49.684749777360054;62.22007194361381
2020-12-23;55.95472918361099;49.05359767363203;61.881338555326394
2020-12-24;55.491886067089176;49.60988988422304;61.755941405917156
2020-12-25;57.432369965001435;54.32135034541404;61.48501530452147
2020-12-26;54.74858285767045;47.74642980130662;60.615569875917046
2020-12-27;54.63604667116324;49.45705270358787;61.610977892797145
2020-12-28;57.79010888010927;54.76809071386644;62.21816972237798
2020-12-29;54.747181910365875;49.17007612822709;61.23227244854278
2020-12-30;55.136505473314514;48.841137869624504;61.43996482528806
2020-12-31;55.43047786498498;49.94760198080169;61.39302233420554
2021-01-01;66.5962022486535;71.38428673557439;63.42393489061378
2021-01-02;54.355511605123866;48.098750048457276;60.616397055139934
2021-01-03;55.24747825073949;48.062965105033044;61.51902671329858
2021-01-04;54.71702829308651;48.73498843621947;60.77132988430585
2021-01-05;54.62887480447728;49.492894114048255;61.19427480963975
2021-01-06;55.245670412007335;48.173603321577005;60.7933508987577
2021-01-07;54.77007092780767;48.516336244290216;60.68075175748433
2021-01-08;54.962813769875034;48.9492703848392;61.46759129591034
2021-01-09;48.393208603611924;44.85037430370208;54.09603801299869
2021-01-10;44.124715458823395;42.0257057126327;52.25858339529939
2021-01-11;47.498529835912024;43.50806159822058;55.13304374458408
2021-01-12;49.31298125971325;43.335232834240294;55.63899637721077
2021-01-13;50.841775175403484;43.77521511902637;56.38999514234526
2021-01-14;52.242391754360085;49.763751369936955;57.75400299598515
2021-01-15;52.206497743120295;48.41395816662043;59.77678190241317
2021-01-16;53.51967132145014;47.082206114327036;60.793039482033734
2021-01-17;53.366508362232636;47.231824401720665;61.0141779920026
2021-01-18;55.12688815275135;47.18763645771725;61.20584770746885
2021-01-19;54.05888402518103;47.82775230530515;60.715007410586885
2021-01-20;54.54068910012541;46.799156803752055;60.237019419645236
2021-01-21;55.00164192239117;48.68738505730584;62.659680082127885
2021-01-22;58.80596789369842;55.393666314236825;63.53107978206195
2021-01-23;54.55928098032895;47.93643726312012;60.30268371790508
2021-01-24;54.788830073265665;50.1825784967709;61.17842577312039
2021-01-25;54.040043950420966;48.071090704862186;59.96411858171502
2021-01-26;54.13007266990584;48.05098774623364;59.87694936536599
2021-01-27;53.85976674781277;46.47483866515045;59.336348047320726
2021-01-28;53.82919730137211;47.173399356708046;59.688559800116714
2021-01-29;54.19096815951804;47.52194095414296;59.41901788737199
2021-01-30;54.52910706155909;49.23145249862864;60.06039065866312
2021-01-31;52.75057138114385;48.91681582202658;57.678097490993814
2021-02-01;54.154341021841404;49.21923315864017;59.3592771433071
2021-02-02;54.44360120657581;47.8381273010406;59.37513982035863
2021-02-03;53.71630721000194;48.71086739126203;59.19440910092948
2021-02-04;54.4541557621737;47.846367100201235;59.42562153531896
2021-02-05;53.91926211957485;50.311527237287024;60.1410028968779
2021-02-06;53.732381072470794;47.744988510516144;60.82310725521644
2021-02-07;52.42468511170034;46.80077483383805;59.20406282096654
2021-02-08;56.10657960455002;51.66186846601555;62.49749110461824
2021-02-09;55.34984166123324;49.976402807559765;61.711501773435586
2021-02-10;56.696114184375475;51.66375332826963;62.8930326735916
2021-02-11;54.848120007739226;48.470821873240965;60.03567424456772
2021-02-12;55.57720457251379;51.050611096940116;62.20534790141387
2021-02-13;53.26236083019255;48.27548517625157;59.153798080867375
2021-02-14;52.30586642903492;48.43056047644779;58.6696204883216
2021-02-15;53.916509019147796;49.355132721258826;59.725269373203
2021-02-16;54.15689082385793;49.84610348243982;59.99739438480104
2021-02-17;53.37654751894691;49.17780513938251;59.597185798836264
2021-02-18;54.245391761380176;49.38195813097995;60.09073939190995
2021-02-19;54.585793802271276;49.74250542470077;60.82183699094048
2021-02-20;55.15773673761731;49.34931271855216;60.584042445716165
2021-02-21;53.82541326015185;48.964921251343526;59.79955780215815
2021-02-22;55.32535622455926;50.31579363106631;61.444287638965974
2021-02-23;54.48696546990594;50.53134395731948;60.774943858098936
2021-02-24;54.27256090991821;49.74153702767143;61.04814815349216
2021-02-25;54.7545417015201;49.75784724589657;61.675243643861535
2021-02-26;54.79521980014387;50.82981400994637;60.92079719533727
2021-02-27;54.94153254012032;49.097644946146595;61.59861161750369
2021-02-28;54.01489709604023;48.72217281423487;60.588323636926205
2021-03-01;54.36535776015441;47.67167560498329;59.948083766211354
2021-03-02;53.80036460391765;48.695840012697545;60.123927557933705
2021-03-03;54.05944133809528;48.37717072011409;60.37517978250652
2021-03-04;54.4311638763653;48.268952754084964;60.84606510349609
2021-03-05;55.251886579628334;49.28918720985928;61.22165645482961
2021-03-06;55.81823683419259;47.494370432626766;60.92897365034911
2021-03-07;54.64882832752658;47.201674622862726;61.2620306642512
2021-03-08;55.06507349732594;47.851969719413376;60.503741965009816
2021-03-09;54.89347855715171;48.83753753047636;62.0673270399519
2021-03-10;53.85771310748175;48.009862925101885;61.12370905601746
2021-03-11;54.57088327152715;48.55515707985451;61.56501750435552
2021-03-12;54.25715450295157;48.69203231008777;61.41934878598808
2021-03-13;54.48397914777242;47.674963401629526;61.44654586940906
2021-03-14;53.962569381546295;47.98538576291896;60.96081451074951
2021-03-15;54.76783758461104;47.745952976291335;61.205253123392716
2021-03-16;54.323321685143775;48.51542916259298;60.256959571505284
2021-03-17;54.542964256388764;49.92640594176605;60.27700326910329
2021-03-18;54.23502642828006;48.62257359042121;60.74984122811216
2021-03-19;53.92723357395872;47.80193610956385;61.12298006247834
2021-03-20;53.821134967924635;47.48414426696484;61.569577102337114
2021-03-21;54.843216959440504;46.063749684898326;60.2871461805413
2021-03-22;55.63426218554796;48.12786436241439;60.518309414894674
2021-03-23;53.70967255654911;48.20964198446708;60.080394996305884
2021-03-24;54.6013107800075;50.007393294219014;60.687896919519275
2021-03-25;55.21406557663121;49.86033246295967;60.72919193672712
2021-03-26;54.73836938088557;50.7745540966219;60.826730329647454
2021-03-27;56.70297996675892;49.86095064385513;60.820695503593484
2021-03-28;55.181783965445234;50.4698594063901;60.787926639861226
2021-03-29;54.16956674576264;48.64079466521322;60.395986724024
2021-03-30;54.19969349973187;49.05651423793428;60.10160336041321
2021-03-31;54.20917693789505;49.28146524097318;60.264660247436225
2021-04-01;54.19470307767309;47.93396502391297;59.627133604573466
2021-04-02;54.14447281517927;47.178146202107634;59.69129273111583
2021-04-03;54.279000559609116;47.49427947853272;60.63443150314562
2021-04-04;54.32951176447275;47.48281772061106;60.54666676986961
2021-04-05;55.0486694574234;48.01669228405054;60.28976911697083
2021-04-06;53.86279849125353;48.32980551691644;60.06236856891192
2021-04-07;55.093418957500894;49.35637354087188;60.33101346028203
2021-04-08;54.39455354021952;48.17155407478681;60.47126397254579
2021-04-09;53.94640671621849;48.73787270335791;60.77447240570902
2021-04-10;54.94233927036137;48.44791372628036;62.807814899728804
2021-04-11;57.554711409346844;51.10664668682263;64.34255278732921
2021-04-12;54.66636956298147;48.93026389063409;61.026505132973455
2021-04-13;53.733632627056764;49.5264409517812;59.90383514608487
2021-04-14;55.13449023287279;48.224259520554455;60.87768228216134
2021-04-15;53.983036738591785;48.798313543240894;60.88052832970361
2021-04-16;54.82259299643285;48.02335194696865;60.98510857731951
2021-04-17;54.17837978079531;48.27797406636239;60.74795870110626
2021-04-18;54.56855486151436;48.43458848690464;60.61580573302058
2021-04-19;53.790974420757784;48.52757465789185;60.08350457838711
2021-04-20;53.77565906663932;48.22306303639905;59.68823254136506
2021-04-21;54.68537950566217;48.421411315868916;60.172847162579885
2021-04-22;55.619380404960445;50.17160472612558;62.7871724315178
2021-04-23;55.20068570661475;48.65647759536775;61.24982036879831
2021-04-24;54.64307109544558;49.50506591621213;61.65358924797057
2021-04-25;56.045671553202766;50.04587930452013;63.5436786202212
2021-04-26;54.88800827301536;48.4924019597194;62.001070856209864
2021-04-27;54.34554732000151;48.59473079397907;61.08101039363903
2021-04-28;56.29574573651256;50.388276954303024;62.88314948944112
2021-04-29;54.179909878912795;48.66672968825971;61.02334457638441
2021-04-30;55.10534218298162;50.25247192221683;61.06976295950537
2021-05-01;54.50769876363283;49.81148618777538;61.26708040651381
2021-05-02;54.06126558025721;48.739900735198106;60.30554030187857
2021-05-03;53.58180319171514;47.88572773207616;59.907857795287846
2021-05-04;54.633603643905616;49.13935995685278;60.49944323367407
2021-05-05;54.587132558346;50.02038988229877;61.762234529599226
2021-05-06;54.93145919373922;49.4131245801526;60.90780311200067
2021-05-07;54.62084887728149;49.82003224899969;62.41867863159166
2021-05-08;55.863841764147054;50.170802738482855;61.88138446749828
2021-05-09;56.050520189999624;50.8345959641693;61.94228974572022
2021-05-10;55.244003452599145;49.72107328940642;62.25057404228216
2021-05-11;54.676853849658514;49.22007392142544;61.15935956534878
2021-05-12;55.63322501263173;49.73535680748357;61.37261366425679
2021-05-13;54.681051419728064;50.32112365793214;62.769179475020486
2021-05-14;55.14496994462175;51.742266057607495;61.90916436257504
2021-05-15;56.47972396175422;50.712080059241195;62.341551253888596
2021-05-16;55.59005635294212;51.198375460461286;61.94202034416918
2021-05-17;55.666513557561366;50.041879380281486;60.628050597713745
2021-05-18;54.753385836051656;51.1495133496524;61.00569223608322
2021-05-19;54.773941999724244;50.8489984959846;61.07744128112942
2021-05-20;54.9626941635004;49.775132930695484;61.19395040139344
2021-05-21;56.28124436519929;50.193487413044835;61.89908097211436
2021-05-22;56.18830267117619;50.37336562253;62.30796461306733
2021-05-23;56.198713382903975;50.44350048711688;64.13639961320169
2021-05-24;54.82620320936948;49.28100367236684;60.72483191059332
2021-05-25;55.441598661301924;49.27668803732058;60.57133450400401
2021-05-26;55.361481197632926;50.45940304966873;60.83602050379771
2021-05-27;56.57828276423342;49.78335048872664;61.86965975849468
2021-05-28;56.11907694149093;50.158824152869485;62.29686369618956
2021-05-29;56.75717434207126;50.96547247790379;62.45066701461337
2021-05-30;57.03594872631437;51.6220180185584;61.94459728204235
2021-05-31;55.130822079052386;50.22806989348807;60.75353873447682
2021-06-01;56.62427390900733;52.384612175335796;62.69732502908375
2021-06-02;55.05832257489679;49.92215012183355;61.32372508239024
2021-06-03;56.05600473898201;50.09581427945562;61.62287920188923
2021-06-04;57.02507997631544;50.543948797410614;61.80531832799156
2021-06-05;56.91888308287608;52.51602538756313;62.88208450689156
2021-06-06;55.956783971664734;50.220176238830234;63.268794181989946
2021-06-07;55.777941480334746;50.380561133957656;62.069212662500874
2021-06-08;55.863125501706435;50.41731367432711;61.23498596561759
2021-06-09;55.226951044368874;51.09494119003463;61.21030270075643
2021-06-10;55.29138324514549;50.44077926422684;61.384251699126395
2021-06-11;55.83562702840176;50.48384329998874;62.47738659041759
2021-06-12;57.154241695433754;50.677216563450656;63.02274886581131
2021-06-13;57.061120329391876;52.712053147780736;62.439446657748725
2021-06-14;55.08084179263452;50.77241400646854;60.927883555622586
2021-06-15;55.0643196002125;50.859043332261145;60.82146027583573
2021-06-16;56.541166232908616;51.12845621901062;61.39394838727175
2021-06-17;58.03334224031478;53.107207435884966;63.972116569994824
2021-06-18;56.995559396282786;51.375730849602135;63.795807850308435
2021-06-19;57.07593156798194;50.901711491965784;62.8165254787384
2021-06-20;56.58880562153293;51.469459034727436;63.031416267384294
2021-06-21;55.86866006071887;50.2681932611397;61.69304714393646
2021-06-22;54.78159741273878;49.20915606493624;62.44446534635159
2021-06-23;55.501941556181784;49.45323891598241;61.40226095299899
2021-06-24;56.32792204806123;50.42437532856549;62.36861513240736
2021-06-25;56.12185822805397;50.72165784116684;62.274439078393755
2021-06-26;56.927008574552445;51.07178599065381;63.15365369657981
2021-06-27;56.8361889893536;51.31735809547578;62.40954034775673
2021-06-28;55.82473421765451;49.948055456635345;61.08232003249288
2021-06-29;55.56524849940604;50.38589365744572;61.33949457295576
2021-06-30;55.740120533787945;50.7572220319419;62.059323839321934
2021-07-01;56.24603950651607;52.34360964991375;62.15922778567226
2021-07-02;56.83856416974506;51.05673450903916;62.181014328800885
2021-07-03;57.428415900682445;52.0818438056247;62.975515865470314
2021-07-04;56.797177670229296;51.98669750688782;62.73174529458256
2021-07-05;55.789434856594184;49.84126383564067;62.15193175468842
2021-07-06;55.40391936042022;50.071399031727225;61.184494351758474
2021-07-07;55.66640278382445;49.935066496175125;61.699542865464764
2021-07-08;56.55359082334954;50.011223359941454;61.79708233129729
2021-07-09;56.088537051031025;50.1141505668602;62.3679977932444
2021-07-10;56.487503685675726;52.56150914486533;63.1546987311797
2021-07-11;56.20301710923762;51.663282371282584;62.900915345492585
2021-07-12;56.00130163113551;50.75580946435478;61.011510374703484
2021-07-13;55.14838139670079;49.69960962962411;60.839401301913256
2021-07-14;55.57503610485629;50.319117708368694;61.830949669757764
2021-07-15;56.048515645071774;50.739009711478985;61.916942248091694
2021-07-16;56.785574131848776;55.48904066133509;62.32476358255791
2021-07-17;56.254639618444564;51.22242066164945;62.478054659420366
2021-07-18;56.44043510139937;50.83788802103606;62.40581697223529
2021-07-19;55.59005317561507;51.584528945493055;61.58789786054445
2021-07-20;55.98924621921292;50.285010356138386;60.99755107079331
2021-07-21;55.373404035036494;50.54523200397544;61.47420160567387
2021-07-22;56.34363257476519;50.97047810380644;62.02995652936289
2021-07-23;56.476816071305976;50.28461387351775;62.282929490910135
2021-07-24;56.31794777539176;51.09091093846304;62.6031132903708
2021-07-25;56.15126481113509;50.85461656620155;61.80824408446732
2021-07-26;57.05172963580938;53.07960876587866;63.08444991695916
2021-07-27;55.39839046030607;50.135981126587566;60.959375894187744
2021-07-28;55.68683318349831;50.19780736900682;61.81871835553412
2021-07-29;55.52070694696806;50.27115390204604;61.99407744599541
2021-07-30;55.99617948523361;50.36073112695114;61.97780666686165
2021-07-31;56.368779285641544;51.68360289717459;62.027630565892295
2021-08-01;55.791392155982194;49.02416734999128;62.06294298192464
2021-08-02;55.06471554746838;49.17716535889512;61.78417511162234
2021-08-03;54.47144171009545;49.435732187499625;60.68549239009516
2021-08-04;54.533821274049316;49.65043429406067;60.50101751290077
2021-08-05;54.92345432657751;49.68604774090532;61.33454959429848
2021-08-06;54.801002939835655;49.993142542326595;61.4288312046249
2021-08-07;55.23316304615221;49.99179724598872;61.288440209139225
2021-08-08;55.44937075725439;49.3368789393974;61.872860338951774
2021-08-09;55.401494655913766;48.78474414499921;61.60493207690915
2021-08-10;54.76786134503377;49.846224535008886;62.007019019949574
2021-08-11;54.768628480762814;50.265670201904754;61.602945662107345
2021-08-12;54.748234344171365;50.23698414466263;60.46182764395489
2021-08-13;55.11815564118823;50.07203648163567;62.40593881901474
2021-08-14;55.52514311611915;50.42737769164706;62.438245439590254
2021-08-15;55.371756825120585;50.558629999695995;61.55199253666424
2021-08-16;54.32902571543509;50.24299873508747;60.61646015462194
2021-08-17;54.84132901943096;50.17203119176919;60.66965668640399
2021-08-18;54.37726377056237;49.38872490450783;60.9977503548466
2021-08-19;54.42569907310315;48.87041564250551;60.334436890730515
2021-08-20;54.559718582023976;49.77976630525883;60.18545157820465
2021-08-21;54.850806005778416;49.93180250228023;60.71055875592971
2021-08-22;57.07166334107461;49.777781951481614;60.76878490578595
2021-08-23;54.474275591536156;49.77750602900244;60.329530478379624
2021-08-24;54.24070633991053;49.31056059578501;59.86589277471471
2021-08-25;55.37261294216422;49.555960402144635;60.16425872498481
2021-08-26;54.79273707957436;49.43496987119012;60.144798496921496
2021-08-27;55.96051068799994;49.440302012983786;61.03982999579466
2021-08-28;55.43726154871584;51.465028344260816;62.17469621052729
2021-08-29;55.89525382081998;49.93085323759004;61.6410506514772
2021-08-30;54.88838665395103;49.30677161069166;60.575707276389736
2021-08-31;55.15417956485592;49.66975032908291;60.92567310439756
2021-09-01;61.15802806857806;57.12734565059971;64.6181584625792
2021-09-02;54.570114895550255;48.73147632456857;61.67313465552482
2021-09-03;56.2469062032018;49.794287626478315;62.869233040344255
2021-09-04;56.70217437764449;50.668422747941605;62.55520342491781
2021-09-05;57.13784771578537;51.579109360923454;62.74117938062986
2021-09-06;54.519781690879896;49.932876901461526;60.88931519497414
2021-09-07;54.84203741783858;49.52806172023294;61.75293943511463
2021-09-08;55.52140128717103;49.508800537921836;61.47005948534386
2021-09-09;55.08781448641451;49.151959167246645;61.30957994473876
2021-09-10;56.0553836534632;49.465390933303475;62.844271200215125
2021-09-11;56.82907983631811;51.32051143710807;63.02189258454639
2021-09-12;57.720124180753594;54.17894168352919;63.35863482312491
2021-09-13;55.20576941830824;49.881534430850024;61.356342368686256
2021-09-14;54.24394652321013;48.63716031883882;61.11491868941919
2021-09-15;55.63414144310565;49.6135510569486;62.3805227799467
2021-09-16;55.1390649182395;48.67179421022098;61.935407012987355
2021-09-17;56.16300154729328;49.377081113466126;62.904979792923655
2021-09-18;57.223897211073435;50.8944561096788;64.14111616413203
2021-09-19;56.45436723525725;51.050867088417704;63.14492810953225
2021-09-20;55.6482348085636;48.92015443904633;60.99998576154151
2021-09-21;54.86777645760224;50.31593549030778;61.65561066855488
2021-09-22;55.29604465046886;49.93780681960928;61.60736853043719
2021-09-23;55.07821458080972;49.806731295800304;61.941577800038644
2021-09-24;58.16544418826371;52.202325422365206;64.75138228010495
2021-09-25;58.97147472253509;53.96823295852193;66.60860161388163
2021-09-26;57.03232109324257;50.51290624004856;66.48111973491919
2021-09-27;55.44562202206259;49.17518027108151;61.86648052051438
2021-09-28;54.69904877640576;49.33055540916926;61.11610881636986
2021-09-29;55.240731042571376;49.34890609384095;62.11580912121604
2021-09-30;55.49170353389404;49.37941082613466;61.97449298245295
2021-10-01;56.4869500780881;50.08706242129953;62.73773818510736
2021-10-02;58.156026475836;50.816041076161;63.68194831918423
2021-10-03;56.955965799462696;50.300261662443326;63.99881728582712
2021-10-04;55.182898361274255;49.99139515845844;62.35382088663826
2021-10-05;54.89850722535172;48.43044628259154;61.39132409336643
2021-10-06;55.78742124912448;49.39523821625123;61.820565825591636
2021-10-07;56.2669470702614;49.42290913675276;62.45957561216408
2021-10-08;57.86855232717265;49.98770544431066;63.013291531115314
2021-10-09;57.58824561697202;51.03866399753321;63.66239242837965
2021-10-10;56.671757257976964;52.10503739282892;63.436269350983785
2021-10-11;55.35236898359619;49.214597048192985;61.30100841911242
2021-10-12;56.61913446392856;49.007346287570755;62.333975827242575
2021-10-13;55.13784061594162;51.978321247371895;60.94418490258632
2021-10-14;55.77657677287982;49.09306706441693;61.437678828837804
2021-10-15;56.085038918738135;49.66405712431101;62.43281157579925
2021-10-16;57.40051811851963;51.868230794077206;64.24170685743397
2021-10-17;57.17221969877872;50.15252237248141;64.0357649660953
2021-10-18;55.49948910043041;50.2591333225497;61.4369649097968
2021-10-19;54.79364899553974;49.34526690864977;61.428608766170726
2021-10-20;55.60430000262738;49.130839177867884;61.81424862630887
2021-10-21;55.16351502361472;48.856196227670964;62.07511844081726
2021-10-22;56.250843716976135;49.639908671275954;62.76185663293299
2021-10-23;57.064206194109644;50.79687124817461;63.84595104747256
2021-10-24;56.80642151267882;50.740302976561836;63.86970717473563
2021-10-25;56.305427237598025;49.31247006330616;61.673112719356126
2021-10-26;55.048717209535724;48.97702148783828;61.25361496854786
2021-10-27;55.544244030113816;50.49945545753503;61.6139466413074
2021-10-28;55.53059792230542;49.30326915171732;62.64056606261268
2021-10-29;55.86094943573702;49.17556017743103;62.46167479787851
2021-10-30;61.07530005664033;54.36884886832299;67.67302848692948
2021-10-31;58.33478485836246;50.54581512037062;64.84716653757127
2021-11-01;59.47220920086053;53.76663598859373;66.43027238575841
2021-11-02;56.269311147495806;48.89390816867413;61.68471652640743
2021-11-03;58.36128874719386;51.47969649797105;63.959760852860875
2021-11-04;56.133103432522674;48.38421743660844;63.79640494253663
2021-11-05;56.88666047424753;50.33551335265117;63.82870990994917
2021-11-06;56.82338655409667;51.03761551438812;64.43561731347711
2021-11-07;56.813123099221514;50.65732226813022;64.48028003535865
2021-11-08;55.61502070320563;51.456233172588306;61.92151895746245
2021-11-09;56.314849174235235;49.867868799455394;62.398553145534095
2021-11-10;55.21798083455587;50.38168075211807;61.650282764622446
2021-11-11;56.14439863437916;49.95113340556823;62.35602799314029
2021-11-12;56.19352550017035;50.84384013544845;62.72684925315228
2021-11-13;56.971791104349606;51.629059107429086;63.992929209349
2021-11-14;57.01987316639663;51.244360195494174;63.77358731053476
2021-11-15;55.66552870854945;50.560505009611454;61.506959337449494
2021-11-16;55.495267738149295;50.70637916413165;61.414335216213594
2021-11-17;55.59093170390783;51.05934251470578;62.260578491338336
2021-11-18;55.55571256640624;51.81287841151302;62.35990386741434
2021-11-19;56.59940907237508;50.43725291632303;62.87720061296782
2021-11-20;56.94897365136433;50.7671444146796;64.07509281271915
2021-11-21;56.465990883042636;49.951703789755825;63.40888057341
2021-11-22;55.06939883438179;50.439395007609264;61.401721190399385
2021-11-23;56.41343122440525;52.20261214482192;62.46338565638435
2021-11-24;55.8814849081657;50.67519945067361;63.378157131494
2021-11-25;56.567164292839834;50.723999270646594;62.53182372292489
2021-11-26;56.51992799295612;49.79134638726435;63.00074329444286
2021-11-27;57.05247364977467;50.624156642244955;64.48965561704324
2021-11-28;58.057109422408786;51.17354711061604;64.18320728265192
2021-11-29;56.230405187619716;52.47672132503297;62.32887471399656
2021-11-30;56.59980199558711;50.83906166633875;61.562044678338935
2021-12-01;56.194080379618825;49.95497849193333;63.046020609615645
2021-12-02;56.444986391799475;50.554993426812196;63.40525339501542
2021-12-03;56.83225860975373;50.15034372175719;63.825960945372344
2021-12-04;57.50756637963222;50.85314765378442;64.04284700393639
2021-12-05;56.88821644956804;51.10246925579005;63.72888127576279
2021-12-06;56.06319357274045;50.492605208041056;62.067316192698485
2021-12-07;55.88733626506016;49.68369400948469;62.39328348807251
2021-12-08;57.21797147374652;51.74667824868105;64.27991769620475
2021-12-09;56.15193177565775;50.307710914792324;61.92204135731572
2021-12-10;56.207578331734005;50.972355130801006;63.05057900853821
2021-12-11;57.509978006123525;51.0288387657815;64.1573212517246
2021-12-12;57.19123137117336;51.89104960955344;64.18302991034182
2021-12-13;56.19645079140148;51.145898540620955;63.344762162478645
2021-12-14;56.31423554490517;50.12924285019169;61.847054784165806
2021-12-15;56.093830454626854;50.628116208364645;62.2609851149454
2021-12-16;56.403716425587376;50.28028975090546;62.77074267941845
2021-12-17;57.28212056570139;50.60892018236573;63.6049441072334
2021-12-18;58.080055289680416;51.80097104242368;64.24336375325427
2021-12-19;57.02763551947501;50.102482586322125;63.28386000288803
2021-12-20;56.212055216691525;50.2371707873964;62.42363630996997
2021-12-21;56.01899609567749;49.31046485791874;62.01679030394843
2021-12-22;55.726665549482426;49.708737938938015;61.879890772049215
2021-12-23;56.178284726798566;50.9610218485644;61.8213080194666
2021-12-24;57.55651922702427;50.15972996904801;64.34808996829359
2021-12-25;59.04843540118459;53.55118660017123;65.89274485735058
2021-12-26;55.187458951709516;47.99543451878619;62.39723885479178
2021-12-27;56.53305570595045;51.56126718013261;63.052931788184345
2021-12-28;55.6154500813896;49.93855080749975;61.56043817230338
2021-12-29;55.77818633789856;49.98294291343118;61.99282308573043
2021-12-30;56.04293890987407;49.78381927595968;62.51672543954926
2021-12-31;56.88636341212829;50.39208625516486;63.04200373784295
2022-01-01;67.08911426656441;69.74036050938561;66.39336644248357
2022-01-02;55.82900602992925;48.30129926216159;61.83367672839897
2022-01-03;55.864839147808794;51.02999000392977;61.79598957204619
2022-01-04;55.55772149180367;50.5423351931569;61.158621800785
2022-01-05;55.398216306246646;49.792935849992624;61.63931446341514
2022-01-06;56.73719517638439;49.00398874642917;63.33864531910297
2022-01-07;55.83249485414618;47.910052203622506;61.9557780799931
2022-01-08;57.80375541243599;49.58810095888132;63.69325148625508
2022-01-09;56.41799370663392;49.96119702381019;64.29217843470342
2022-01-10;55.26237166403476;50.845870078104966;61.24982889274087
2022-01-11;56.40309817335883;49.78930542552679;61.36057161312986
2022-01-12;55.63483410446143;50.15328365632755;61.572002322712855
2022-01-13;56.00683037677571;49.33255841677193;61.86220125910588
2022-01-14;55.71330274915561;49.97766607816874;62.69916682305524
2022-01-15;56.23969175098081;49.7418285403066;63.62542624236773
2022-01-16;56.52293553220886;49.375722241700934;63.76843443933706
2022-01-17;55.34471676216104;49.986858423073095;61.80688462313408
2022-01-18;55.58356112421691;50.36806650800667;61.315182894995985
2022-01-19;55.805958441459104;50.11483899266735;62.447486932343644
2022-01-20;55.67772136014905;50.21258793462209;62.22963091253962
2022-01-21;56.01889683866968;49.20829388524357;62.50365825713435
2022-01-22;56.83278740216883;49.33513350335148;63.61947446585855
2022-01-23;56.89262238523231;49.29936081376261;63.99729226323301
2022-01-24;55.20620589477511;50.12476159554021;61.18612901684376
2022-01-25;55.07471155711433;48.73893815832762;61.24810606574546
2022-01-26;55.67136335709988;49.90087362582601;61.814669671150284
2022-01-27;55.60587825157704;50.31254035601587;62.19796370256208
2022-01-28;55.955097645418306;49.44227277721129;62.20663776902225
2022-01-29;56.691384055180194;49.880858845420946;63.571059176740114
2022-01-30;56.76396772307301;49.07504994803651;63.81682380033649
2022-01-31;55.34962494796551;49.82499191996578;60.99310955293241
2022-02-01;55.38194569988796;49.291409796639094;60.84883648047206
2022-02-02;56.089964393267806;50.65608160313992;61.574424878506306
2022-02-03;55.99543069554987;50.15333302376468;62.07037986957407
2022-02-04;56.89755572425586;49.674625329864796;62.686430484576945
2022-02-05;57.213951848884356;50.055309966343565;63.66717952574537
2022-02-06;56.77556503777118;49.118700275012344;63.681874999813985
2022-02-07;55.515943364037724;50.13274385783657;62.05180338262234
2022-02-08;55.37835468796687;49.33797362903906;61.220011961662294
2022-02-09;55.509500030265656;50.147616490546994;61.547599824465934
2022-02-10;55.70516071166328;49.50652177838332;62.200649097329766
2022-02-11;56.41877634469893;50.32071983897484;62.65318055711171
2022-02-12;57.59986764648672;49.78113989622375;63.696592200409725
2022-02-13;56.8867409977267;49.58574494091614;63.64576978737614
2022-02-14;55.98010869774225;50.080169662373095;62.03650350298325
2022-02-15;55.478818521526065;49.53975232331591;61.79148187995858
2022-02-16;55.65087429266325;49.74635203057755;61.809838725608934
2022-02-17;55.68001425173678;49.57518583032866;61.988435161519334
2022-02-18;56.74580702499888;49.834633968966386;63.367496984116904
2022-02-19;57.50407815223791;49.48939000600497;64.33261857781412
2022-02-20;56.73890596147051;49.54785283106489;64.3931515500595
2022-02-21;55.39123170220498;50.776357697755785;61.782436073882735
2022-02-22;54.49306007314226;48.8341938645483;60.7343822697475
2022-02-23;55.45850524232531;50.542666417531706;61.3334102723437
2022-02-24;56.354843103195364;49.517116397947724;62.02538238270822
2022-02-25;56.44347746539697;49.662531455911314;63.07692555053906
2022-02-26;57.3226679697473;49.96044662446635;64.30652359413669
2022-02-27;57.239536642801895;49.10889512942988;64.59937210821285
2022-02-28;56.39540315277455;50.77018323031983;62.22973144109007
2022-03-01;55.93993742326023;49.77045733283346;62.62067846740753
2022-03-02;55.567852471413694;49.98772137799122;61.26479386192375
2022-03-03;55.5204596919281;49.15964189572626;61.97313603943315
2022-03-04;58.161256609584164;51.52238886249597;65.74240310549224
2022-03-05;57.51104710595416;49.6451912530124;64.20444055432205
2022-03-06;58.081621814814845;49.812654606815656;64.59001887931775
2022-03-07;57.55906540589138;51.41344479539228;64.15967577103991
2022-03-08;55.62640828003009;50.26251372075969;62.143012665836004
2022-03-09;56.1812805839689;51.397957332941004;62.54089080018508
2022-03-10;57.08549233742053;49.98126064132572;63.9387306749677
2022-03-11;56.31595014576937;50.81823917847995;62.83210584681348
2022-03-12;58.331101775090744;51.61794245094043;65.41277134700019
2022-03-13;59.80090213005258;53.31763532183318;67.55975683051763
2022-03-14;56.20412507669567;51.599432550019635;61.65737106143031
2022-03-15;55.895463322355766;51.62377579235823;61.87093792894798
2022-03-16;55.70587624396537;51.14709194001435;61.5005880722387
2022-03-17;56.73329441700116;51.788525377376956;62.40030631143224
2022-03-18;57.00769153012147;50.33073449794489;63.13743875081856
2022-03-19;57.80638260342407;50.2791077321677;64.399662247093
2022-03-20;56.75109771079783;50.19852233945016;64.09058249239129
2022-03-21;57.48420872932762;51.878460536273224;64.63156736026835
2022-03-22;58.07751818547547;52.026634493406114;64.38904074416843
2022-03-23;57.01560395725855;50.934569588337446;63.52857650157914
2022-03-24;56.97466385725513;51.390232678854645;63.42888976876374
2022-03-25;58.4286213828407;51.707415287155996;66.01563129961525
2022-03-26;58.49068940412158;52.0149644126917;66.17392197407469
2022-03-27;57.74099880220892;51.09392812018798;65.0787282209637
2022-03-28;55.73295164785026;49.608374042163206;61.766744545806986
2022-03-29;55.64035122670737;49.096828320521155;61.312369457754045
2022-03-30;57.696442366221696;50.7229332626924;64.29172763615709
2022-03-31;56.382202877208265;50.0537486536132;62.62010980030128
2022-04-01;57.21824983641411;51.618689271392846;64.80400026515073
2022-04-02;57.125597046741404;50.39851786950991;64.28663765831244
2022-04-03;56.60993400612564;49.22175602096647;64.24118746316927
2022-04-04;55.60919216246865;50.56234619144489;61.704439957020256
2022-04-05;55.32185661323388;49.1454919080991;61.17851269649856
2022-04-06;55.71271184464465;50.27770392312781;61.97631551061267
2022-04-07;56.22570833591886;49.9124251339189;61.99093014861619
2022-04-08;56.92722610061452;50.13897963203601;62.76182967832917
2022-04-09;56.43674422540792;51.54785695960431;63.501820795135906
2022-04-10;56.87771171816194;49.56297848389518;63.33275520537792
2022-04-11;55.75355361616395;49.81684539416419;61.59237462881321
2022-04-12;56.98158043414676;51.02287836512073;62.39612981380663
2022-04-13;56.561044230211905;50.70183626877905;63.34269323030671
2022-04-14;56.127722328058;50.156616340015646;62.9191695145672
2022-04-15;57.546818636420994;49.486659601241286;62.177092290802676
2022-04-16;56.05198793143384;49.82476137524203;62.03101578272529
2022-04-17;55.652895894975714;50.55198042139888;61.72645781239872
2022-04-18;56.36262570881196;50.084686939811704;61.3508871054314
2022-04-19;57.008940733136555;48.780320341852416;61.17074127737605
2022-04-20;58.218258002714975;52.43459544794304;65.0303023939105
2022-04-21;56.57145862263008;49.682291041151736;62.69096268802496
2022-04-22;57.07386450454682;50.20907845434856;63.07823364234256
2022-04-23;59.14279552770785;52.885442306670484;66.73920008536084
2022-04-24;57.25884254852108;50.894280917961424;65.002571752535
2022-04-25;56.54299372562321;49.68954231173963;61.52185208940965
2022-04-26;55.30428052246373;50.10091520235049;62.21630415645143
2022-04-27;57.473072288537814;53.06222235967314;64.1162607709055
2022-04-28;55.645220161823914;51.001617769489265;62.563430806927556
2022-04-29;56.308530428059164;51.020049811092186;63.2315144375056
2022-04-30;57.38636543184967;50.60437969152965;64.23555971314033
2022-05-01;57.331578085219235;51.74242620352019;63.11306345873517
2022-05-02;56.061382754228845;50.34134773158374;62.22456344060604
2022-05-03;55.72314082527959;55.37595347852133;61.0391951226974
2022-05-04;55.55578378335194;50.39279144437479;62.35198568877514
2022-05-05;57.315688477609285;53.143843967918656;65.52011873802563
2022-05-06;56.43636322387081;50.15983361707367;62.86220270144665
2022-05-07;57.9012539977192;52.108187386541914;64.02435871585983
2022-05-08;57.45224841923726;51.3050879316705;64.08785596949204
2022-05-09;55.69830791185946;50.8373535200138;61.47122215309544
2022-05-10;55.13144518717429;50.829719947308085;61.07686529928777
2022-05-11;55.25529094684882;50.23275519224414;61.78092421357977
2022-05-12;56.29165267934876;50.340279961778094;61.464438656907134
2022-05-13;55.90103830176118;50.50180324312343;62.73793574874824
2022-05-14;56.676900889786694;51.393715014125675;63.83232020180618
2022-05-15;56.61777253788835;51.89343115967677;62.899099091073396
2022-05-16;55.52094187256663;55.39760296661801;61.64637697326085
2022-05-17;55.36540492557906;51.02888380957939;60.732787148022766
2022-05-18;55.20820080303841;50.848110952063024;61.892389815734894
2022-05-19;56.13411095766415;50.939989073942044;62.90045042484459
2022-05-20;56.17993267379902;51.70708545236028;63.05873358350059
2022-05-21;57.025880864921355;52.02850635614388;64.13106195813153
2022-05-22;56.90788956155872;51.27011618930945;63.31820299712868
2022-05-23;55.45507837535489;50.448482590667;61.3544770291826
2022-05-24;54.89995994684163;51.077767639565096;61.58870495624002
2022-05-25;55.452101666062525;50.53400612026262;61.8185706777723
2022-05-26;56.15736106785672;50.64644296303412;62.25629086551286
2022-05-27;60.83605802596058;50.4980578399813;63.351372112452296
2022-05-28;57.12437102385002;51.95040631950194;64.68050890411612
2022-05-29;60.248210384637986;54.973072163934106;70.50450183866839
2022-05-30;56.07159612200832;50.061064974841;62.15190499811556
2022-05-31;56.34050948108285;49.16183813721314;61.253232229089434
2022-06-01;55.480696263012646;50.54666300795994;61.626840399300875
2022-06-02;55.68470757675978;50.43991314020588;62.65291714641719
2022-06-03;56.47041537436387;50.585881210444924;63.11116249407068
2022-06-04;56.82473048203236;51.24124604311973;64.50043604467452
2022-06-05;56.99467361359155;50.7578624620521;64.143432550714
2022-06-06;55.755409427265185;50.44491846848487;61.511231649749064
2022-06-07;55.57086112120687;51.11399890872798;61.66788658466288
2022-06-08;55.33825914507907;50.60826558374724;61.34626131940551
2022-06-09;55.866146669129876;51.50098783594369;62.18010489906318
2022-06-10;56.354373198090585;51.05077197908724;63.5058114764397
2022-06-11;57.64619921447574;52.167488553914566;63.80837282507292
2022-06-12;57.577252699342914;51.37114589469426;64.17835950800068
2022-06-13;56.35237022676479;51.289736523840105;61.235108680960906
2022-06-14;56.10061519408626;51.19838289969887;61.749124015275925
2022-06-15;55.88979840872858;51.429278524623896;61.728503383850494
2022-06-16;56.24964534264095;51.39272644060544;61.970241254912956
2022-06-17;56.456503742560926;52.2489557013985;62.77105259506156
2022-06-18;56.97276977351422;52.08874716077211;64.09366897096294
2022-06-19;57.20619353560326;53.946743072185;63.236878372790756
2022-06-20;56.08318730050758;51.57930222400126;62.00655559634068
2022-06-21;55.6919485785572;50.804359421830256;62.067999265320964
2022-06-22;55.78318308464729;52.16532150830349;62.08591143045412
2022-06-23;56.202685368660426;50.40864589928847;63.07090891054689
2022-06-24;56.72749854532854;50.02502984185331;63.073164450322935
2022-06-25;57.17126970406121;50.690379846888895;63.962655867619105
2022-06-26;56.857123297111286;52.215742674575296;63.16019431489665
2022-06-27;55.64998614992692;50.01655809088081;61.66638891776502
2022-06-28;55.91524940770405;50.31727477696346;61.43975757627781
2022-06-29;55.90754633080817;51.03830957014141;62.30024071284136
2022-06-30;56.04100527053903;50.18638735574416;62.4844837334651
2022-07-01;56.84706746711062;50.72914400400788;63.02921928870971
2022-07-02;57.186507569579746;51.94334014819562;63.89260934457301
2022-07-03;56.713279602648356;51.711727184392906;63.93594354892224
2022-07-04;56.03633079657684;50.844016847774604;62.752933030031954
2022-07-05;55.43411048545706;51.02462416769718;62.01337612161655
2022-07-06;56.41965275924176;52.19906235961056;63.08984534117441
2022-07-07;56.89329284349634;52.17477614767986;63.644971842478895
2022-07-08;57.33415630276285;52.163252287869014;63.992985155565655
2022-07-09;57.62591383615474;51.671785119306136;64.45969525466202
2022-07-10;57.75698281949431;51.44084440224009;69.9972562356871
2022-07-11;56.83684775820572;51.4599733272494;62.81932975586713
2022-07-12;56.318062973386475;50.97575458651765;61.99305593004893
2022-07-13;56.038751224154865;51.623543699615475;62.569274575092265
2022-07-14;56.45938236203149;52.005976152505944;62.49652556920124
2022-07-15;56.45275854194097;51.61530243396261;62.46856647698212
2022-07-16;57.136548539621884;51.531915163040665;64.00951115253565
2022-07-17;56.75996239038584;50.74092704861346;65.81734731113447
2022-07-18;56.16276774803204;51.06093372793182;62.426825917627646
2022-07-19;56.841669431533035;50.65801428908358;61.62102171207886
2022-07-20;57.70030855507434;50.68825792508656;62.772747957717726
2022-07-21;56.39352540610567;50.69500441029846;62.89337096910362
2022-07-22;56.54697369015719;51.37627829337412;62.785751971626034
2022-07-23;56.73207549658247;50.866149093655444;62.71617839595382
2022-07-24;56.74711879039421;50.92143916616006;63.2337980359259
2022-07-25;55.60434123767522;49.43369348136825;62.01507239214949
2022-07-26;55.49685727315676;49.665602693568694;61.36660739529219
2022-07-27;56.04321251414153;50.96285174177205;61.9319796405921
2022-07-28;56.12716120956012;49.74019418793517;62.22791021727082
2022-07-29;57.13112577316596;50.94387456689137;62.8997099727372
2022-07-30;58.03529616212539;51.82221649634286;63.05326027299081
2022-07-31;56.59185932854964;50.215042748167505;63.70855634431461
2022-08-01;55.96279502111514;51.729044419525884;62.42964750308454
2022-08-02;55.71937564354651;50.754329804129625;61.22948765132857
2022-08-03;56.26587981020169;51.87007301935172;62.00339378052624
2022-08-04;55.712707032173356;50.0971176579607;61.66218155265449
2022-08-05;56.63269212862297;50.27108308542802;62.835366222429215
2022-08-06;56.25607406995097;50.4162670758431;63.06884965659176
2022-08-07;56.25574227696752;51.8500837015571;62.206284439821296
2022-08-08;55.69846069000568;50.069164243101255;61.182204651222484
2022-08-09;56.179169194915;49.76741555725647;61.24455653253175
2022-08-10;55.03940340882521;50.46748066238922;61.305379837585924
2022-08-11;56.19208067487416;49.944331742140605;61.42802950562498
2022-08-12;56.69108858589351;50.37245231003243;61.99806314232045
2022-08-13;55.95502186117478;50.194628882935525;62.05793324292077
2022-08-14;54.992763751207804;49.76348658224447;61.51701077257673
2022-08-15;55.062437010976126;49.43060144806029;61.52448700983747
2022-08-16;54.9162397710804;49.916869712991655;61.004960504438124
2022-08-17;54.838933503207976;50.646000860161294;61.43258698982833
2022-08-18;55.20550546166704;49.392123058825455;61.94501204908925
2022-08-19;55.284778108553056;49.91983101225835;61.201488009202606
2022-08-20;55.85557898198496;50.36633841728271;62.13163744295819
2022-08-21;55.53062373332513;51.45923097406207;61.707487216621885
2022-08-22;55.64868529610541;50.1794624267327;61.341512321346556
2022-08-23;55.583896502814255;49.616167733731615;61.04584087578974
2022-08-24;56.51071891813106;49.53786729922665;61.494654361418995
2022-08-25;55.17561760887755;49.87762706672684;61.313177356287206
2022-08-26;55.37544431155582;49.80315479658039;61.55574228662486
2022-08-27;55.545827606316735;49.63568629017879;62.90804278958834
2022-08-28;56.00652869229777;49.764655937077684;62.495135653979474
2022-08-29;55.7186617533912;49.687620694402966;62.18913742285522
2022-08-30;54.494440622244376;50.68282468552275;61.74754769729277
2022-08-31;55.00457318964301;49.984284205612035;61.71925553794517
2022-09-01;55.47611107438995;50.76180946872324;62.576103064652344
2022-09-02;55.89884379738689;49.838177454750216;62.67064462084187
2022-09-03;56.69365080484411;49.96954459469435;63.671998868306645
2022-09-04;56.59494919659353;51.423096126222696;63.44471946870386
2022-09-05;55.51424844970893;49.63221179124534;62.19301863580199
2022-09-06;55.03953146046334;49.1836624022212;61.569683760866276
2022-09-07;55.216028365396895;50.86776354169237;61.848312990694644
2022-09-08;55.72157932913097;48.81998718956717;62.32554283346077
2022-09-09;55.785257409702794;50.2414992393216;62.465222262487515
2022-09-10;56.73323586608424;51.977649868209554;64.03742052352632
2022-09-11;56.598025951556494;53.035278962392596;63.914059796888836
2022-09-12;57.56116840185846;57.20415932372464;62.441657036473764
2022-09-13;59.59866690046261;55.137120961021665;64.57434810165853
2022-09-14;56.01366827793476;48.63897377518697;62.150499877582526
2022-09-15;56.47821397224182;48.66387979345565;63.91312608460716
2022-09-16;56.4167868628501;48.97750142633379;63.997632246189305
2022-09-17;57.11988312183923;50.84044030486996;64.38890103163229
2022-09-18;57.98416800951637;53.4468220928877;64.11429577978137
2022-09-19;58.36156768507674;49.549426082456534;62.294316605347305
2022-09-20;58.69778657192895;55.63001710970223;64.32922902625205
2022-09-21;55.95424847489534;49.69457159595319;62.621414201744585
2022-09-22;56.06031008558461;49.02275552995629;62.753198197023785
2022-09-23;56.95230971228987;49.6006641346973;63.47855184640616
2022-09-24;56.83196134011844;50.49658837765453;65.70970847532638
2022-09-25;56.99356219997631;50.39466022129065;64.74863473234264
2022-09-26;55.362118003291556;50.82589581706919;62.04332771916641
2022-09-27;55.426469045151464;48.93424464374136;61.990941143381626
2022-09-28;54.975342937780134;50.222307487303304;62.21139199460083
2022-09-29;55.60002845474102;50.31913843136426;62.93376198391748
2022-09-30;56.165500882470376;49.95241853223341;63.5799815721365
2022-10-01;57.79448340996421;51.07887279702595;65.01266085469244
2022-10-02;57.44540408916183;51.355490490469094;64.84868530524535
2022-10-03;55.246487469316065;50.202283734575545;62.35280608184727
2022-10-04;55.33875394153739;49.65252427869068;61.89133047743378
2022-10-05;55.20796340969603;49.986993187934246;62.754967910135704
2022-10-06;55.687561782851674;49.93380704044648;63.465654183859314
2022-10-07;55.845941406949954;52.78579317639996;64.73235336398047
2022-10-08;59.543940382092174;52.871901000280126;64.28333801788871
2022-10-09;60.0218939513569;49.19039134300347;63.79178323237278
2022-10-10;56.760125604866396;49.32515379456872;62.88433893390065
2022-10-11;55.23992703073597;48.38079548406094;62.242395736179034
2022-10-12;60.43303257100927;51.20421137772035;63.535143358233384
2022-10-13;56.368901233166646;48.854682775248854;62.62886651242751
2022-10-14;55.89323732250156;49.03120642790509;63.28813290640482
2022-10-15;57.428967317131175;50.55155741642067;63.56439678634587
2022-10-16;57.27407129314791;49.785724884125564;64.4803854066721
2022-10-17;55.5580573267096;49.719989896811384;62.27069465682965
2022-10-18;54.97174337936603;48.99644769925259;61.826024544532096
2022-10-19;55.32345727233498;50.898341390330735;62.05872631018587
2022-10-20;55.83998424528576;49.36619123285463;62.09508284568902
2022-10-21;57.626697848929396;54.283541733615095;65.57484020635351
2022-10-22;58.82899693868201;51.901142733743804;67.3604116374136
2022-10-23;57.89295874042142;50.238149781149524;66.10725572678218
2022-10-24;55.68591305633994;48.91903310177498;63.25683209394887
2022-10-25;55.13327191751384;49.26087308419432;62.00938280218253
2022-10-26;55.13096442536746;49.29938923104666;62.202298916744006
2022-10-27;56.225409857504104;49.956739218768966;63.248791876077526
2022-10-28;55.94437108460346;50.16965950168196;63.44901580225341
2022-10-29;56.675306275588426;50.26544007554361;64.01478134055884
2022-10-30;56.78311862540518;49.98900999180507;63.779114271774695
2022-10-31;55.1131462143805;48.60433668558394;62.07161436766694
2022-11-01;57.58159935650893;50.0760848981196;64.61503344915675
2022-11-02;55.42429599610234;49.63548194077048;61.912310197065224
2022-11-03;55.46581526866068;48.609877219855434;62.56803378268963
2022-11-04;57.6056612323135;49.327003786163104;62.89986575292347
2022-11-05;57.457450129417694;50.63216423175797;64.19743469328756
2022-11-06;56.914947149079744;51.80973694735723;63.96431351415422
2022-11-07;55.72272732378316;49.76482717799706;61.529080016554985
2022-11-08;55.83843910573159;49.22344180569688;61.69352895907559
2022-11-09;57.59866707402219;50.00136051838787;65.66784303499111
2022-11-10;56.03482217771662;49.376546054676346;62.89802701303934
2022-11-11;56.3590994521332;50.12517826548388;64.16374349232971
2022-11-12;58.229692751017566;50.360718865353306;65.29690698865791
2022-11-13;57.86541683424378;50.92850631377193;65.39755142344751
2022-11-14;55.32249336156006;48.995671038463875;61.95293145323754
2022-11-15;55.90935379040992;49.953819529438306;62.877587592197926
2022-11-16;56.71854908875511;51.35083891439678;64.77771386311396
2022-11-17;56.940586634284884;50.92790381282485;63.86738183965724
2022-11-18;56.07853549446932;49.5759850220908;63.949024253615285
2022-11-19;57.87633429101078;50.73173893883988;64.67258278060757
2022-11-20;57.1119272903785;49.56755572032195;65.00338477127302
2022-11-21;55.482081718194;50.3741943882675;62.69636378520541
2022-11-22;55.792913894730376;51.342095294679815;62.70637126302324
2022-11-23;57.46679298410699;52.5521641838217;63.68625922770431
2022-11-24;55.72989260492549;49.18636755312596;63.001464887946284
2022-11-25;58.19891978693683;52.79689086897059;66.52656956733972
2022-11-26;58.204294504725326;50.44572471597816;64.95187034187707
2022-11-27;57.58551607844531;49.9623233673836;65.16826893472773
2022-11-28;57.36530453076782;52.12555182916542;64.58158068539822
2022-11-29;55.83405403091558;49.57258646182442;62.23892509677357
2022-11-30;55.77141180231179;49.2796965529812;62.52753709335241
2022-12-01;56.013826670351385;49.61751228136107;62.979257248239136
2022-12-02;56.491561254258976;49.28665649765371;63.67873262242117
2022-12-03;57.254046080293094;50.400998588325585;64.42563487798476
2022-12-04;57.93029086943975;49.95844140785629;64.77440370920691
2022-12-05;56.15773688778991;50.28766644092828;63.37719518905986
2022-12-06;57.29587221503314;50.42833212634931;64.88409579733819
2022-12-07;55.85867884654561;49.411927872776445;62.938658267790046
2022-12-08;57.8033054667718;49.957318595851525;64.45907653403448
2022-12-09;57.3255198612264;50.45672647306895;64.82689656402401
2022-12-10;58.3870022575401;50.961662458080745;64.86556061552962
2022-12-11;59.22119303899113;53.48065946371264;66.73798875352313
2022-12-12;56.52333822385705;50.28642194419462;62.9111516843185
2022-12-13;57.79939875453451;51.81748675817658;65.09292953588415
2022-12-14;57.88295857286489;50.761851017548494;64.99266773288619
2022-12-15;58.5017421279608;51.37325420260035;66.2003746809293
2022-12-16;57.57733834077192;50.15518274335136;65.09790435655785
2022-12-17;58.560393965744176;50.587030105389246;66.06990572517547
2022-12-18;58.547183718968;50.65754531955729;65.0615992646437
2022-12-19;56.8110669888889;49.83734154602569;63.41028563212226
2022-12-20;55.95563453640165;50.174535090147145;63.15230682565577
2022-12-21;57.49661055461648;50.59184929174098;64.79159733650195
2022-12-22;56.86282072530784;51.04356838863909;63.8577232423424
2022-12-23;57.4324388144851;50.03861661738736;64.842355679839
2022-12-24;57.266089058006806;50.66067826970904;63.616591624663535
2022-12-25;57.966773328221805;54.62355594982085;65.15002986151403
2022-12-26;56.16029892935128;50.25335311991795;62.34323745449722
2022-12-27;56.195249854672944;50.91168135872528;62.78546782554247
2022-12-28;55.96971248382963;50.99302090823964;63.10056665437706
2022-12-29;56.416311410931186;50.086437928377535;62.67133028539622
2022-12-30;56.71742331946005;50.55716196735234;63.15270155287482
2022-12-31;57.53169796729448;50.25112140029179;63.70610100113303
2023-01-01;67.23559281496252;70.71763316439899;66.56484262751827
2023-01-02;55.973419700693434;50.06890141432557;61.05123163368538
2023-01-03;55.207390236671785;50.02536057593477;61.9799824131755
2023-01-04;55.845180460410816;49.831970187866645;62.462613158630056
2023-01-05;56.21832062451489;50.63642682697429;63.13414824341325
2023-01-06;56.36128821498684;50.60444279576623;63.55700796805924
2023-01-07;56.552151286353464;57.00447077384318;63.00243705090392
2023-01-08;59.31394921860523;51.87333219095821;67.48552665934841
2023-01-09;56.83814182622118;50.79814329758109;63.730040316824656
2023-01-10;56.12220907489536;50.1758004617836;62.70780505523946
2023-01-11;55.208685271420364;47.8992226927551;61.961840496902234
2023-01-12;56.50386052452167;50.12046590846428;62.96326406816589
2023-01-13;55.99232148849241;48.64363520591603;63.11561391622761
2023-01-14;57.27967506973535;50.09434450213267;64.11261377857228
2023-01-15;57.385557455994544;50.533509840645564;63.831499602693256
2023-01-16;55.051214989127104;50.57432565213073;61.63192612030965
2023-01-17;57.64081081834489;53.973667235433744;63.091678944339655
2023-01-18;56.17145262799453;49.978721056521145;62.40804051958803
2023-01-19;56.639930466751316;49.631494753238236;62.68084358344525
2023-01-20;56.61385623178209;50.04590986521875;63.51834204748232
2023-01-21;57.51422038378966;50.150767739674265;64.41661270100434
2023-01-22;56.53768084238207;49.12011301604395;64.0285928914503
2023-01-23;55.746961517116986;49.62649883518915;62.23302824506709
2023-01-24;55.61750145576941;49.12817422164612;61.911157282486116
2023-01-25;55.52959975220904;49.54636514454933;62.17103572189575
2023-01-26;56.164803894499755;49.895455830591274;62.59504757136801
2023-01-27;56.771105999728555;49.98392727698612;64.05972096643633
2023-01-28;57.290318553876745;49.820047794181065;64.19786556374976
2023-01-29;57.317353804661494;49.408118957929624;64.1595549804818
2023-01-30;55.739782797549076;48.92584159860689;62.92944624254957
2023-01-31;55.993955348129376;49.9086288841804;62.34363311022869
2023-02-01;55.74975329061614;49.84988209858079;62.43205877148671
2023-02-02;55.95810079496882;50.42243742642222;62.74836837865499
2023-02-03;56.525232593287676;50.4600835740018;63.57782043564205
2023-02-04;57.253004820424536;50.63486166253665;64.3743789317553
2023-02-05;57.766320176558814;49.84379057467952;63.91759191768941
2023-02-06;55.689159513823334;49.63113188228088;61.61579603744036
2023-02-07;55.30222026278601;48.51766371335958;61.87576668529683
2023-02-08;56.00949149011296;49.49769256899805;63.39098292532704
2023-02-09;56.037313007344835;48.32762567764888;62.620526806393634
2023-02-10;56.138555885790254;49.30337669663202;63.481780668892895
2023-02-11;57.14386408766452;50.32646487622608;64.25865552386827
2023-02-12;56.88929762480687;49.94484544616647;64.38307359885067
2023-02-13;55.552851937315026;49.63573930016692;61.93455538306019
2023-02-14;55.493294871454424;49.64221293766802;61.83880131139194
2023-02-15;55.51835183980326;49.09456853604298;62.49306821245739
2023-02-16;56.013032469478205;49.8748127771842;63.00202650383731
2023-02-17;55.67079500193606;49.608169723051326;63.23530652082312
2023-02-18;57.662493464621186;49.699052756580556;63.87406501370415
2023-02-19;57.52304481008976;49.4043363692732;64.27717803106533
2023-02-20;55.53611450818649;49.692244945969534;62.11392619131013
2023-02-21;54.9252455232896;48.97463125963807;61.56007116105914
2023-02-22;55.38462135274037;49.01107217495161;62.14023282847223
2023-02-23;55.45410573570658;48.48780248605446;62.611494586526995
2023-02-24;56.26970072827927;49.221741743174164;63.198155864137945
2023-02-25;56.83886283506467;48.924163927219844;63.88389108471483
2023-02-26;56.71902159054142;49.41714509589101;64.45430244124458
2023-02-27;55.54071826565766;49.72542638661494;62.02403670795653
2023-02-28;55.00731980359294;49.15571878623497;62.316802638839306
2023-03-01;55.437295261181276;48.83754888236827;62.129301678132556
2023-03-02;56.1745027829507;49.534449048160454;62.79082208795752
2023-03-03;56.28254947516906;49.48417405446294;63.79559917445163
2023-03-04;57.34133688400775;50.75843857880606;64.19761593852704
2023-03-05;57.07091102944368;50.382740286509254;64.46061598882088
2023-03-06;56.33996422192034;49.37187774791504;63.917970287583934
2023-03-07;55.84161428492252;49.08454872535312;62.77313098001834
2023-03-08;56.74427475159852;50.59671275905526;63.38044677697059
2023-03-09;57.87912188155454;51.26515634779246;64.92015998342191
2023-03-10;56.42320615942982;49.67805592406209;63.546490481186986
2023-03-11;57.67574083480867;49.816091728084125;64.5224768774922
2023-03-12;57.229376393948286;49.62222042638986;64.1192951269877
2023-03-13;55.451679046062104;49.39662663399281;62.028636290782345
2023-03-14;55.055828474786416;49.6136112997166;61.58773424074469
2023-03-15;55.601192292542876;49.58276103123432;62.28868003569026
2023-03-16;56.138449320775976;49.91970445380641;63.694226437106565
2023-03-17;55.44356075274603;49.38971628879497;62.75788912925276
2023-03-18;56.70763655726923;49.74257573800837;64.22954436781784
2023-03-19;55.91400308554376;49.33746566327958;64.64911825095948
2023-03-20;55.66754247428803;49.04048081733016;61.65514283975533
2023-03-21;54.828552417103104;48.882136448366786;61.572085093719124
2023-03-22;55.183381276892234;49.44437295750457;61.610781281646155
2023-03-23;55.505939468440616;49.04389666600271;62.511430338121556
2023-03-24;55.427400661707125;49.26724618476426;63.45120644468536
2023-03-25;56.56144854031834;49.640840028824044;63.958222188001955
2023-03-26;56.86362064178971;49.52017952001208;64.00399109427767
2023-03-27;55.41481531240535;49.86954687708671;61.466198450276764
2023-03-28;54.8631883805846;49.02478600096295;61.76016582158796
2023-03-29;55.36900215209246;49.2902211844189;61.845931074070364
2023-03-30;55.504275531661726;49.042582788432455;62.83956194125649
2023-03-31;56.13085839030961;49.702851577327394;63.35821761863605
2023-04-01;56.96986829753001;50.38829060706362;63.75647482801571
2023-04-02;56.57005384590167;49.17875651577509;63.581392150372416
2023-04-03;54.83055464633992;48.90333522797653;61.08095993642877
2023-04-04;54.466372626204425;48.664533284777505;60.87738529332946
2023-04-05;54.60409861800556;48.783050578384774;60.97282770546712
2023-04-06;54.62981371043454;47.963771454635804;60.957285152521266
2023-04-07;54.61302244633983;48.65721921275959;61.04808603732188
2023-04-08;55.056662082930224;48.55005071747942;62.36413532271606
2023-04-09;56.29371297789788;50.06572155461448;63.13263720426284
2023-04-10;55.240692853178786;49.23220965132365;61.281992904375784
2023-04-11;54.722198796350014;48.97965207028619;61.12428781900941
2023-04-12;55.26275608096279;49.080806168147724;61.52042362983445
2023-04-13;56.1133305283963;49.49519710885616;63.21752936455187
2023-04-14;56.027122282266184;49.485030408413984;63.020499860045916
2023-04-15;57.24516242159119;52.410339758745856;64.76835950927034
2023-04-16;57.063481358396395;52.65056972113137;64.50507735892465
2023-04-17;54.58844751121716;49.19647153813048;61.25505885668187
2023-04-18;55.515834469436925;48.818002541795344;61.35014708949866
2023-04-19;55.66054115236759;49.03801649889839;61.64953802783377
2023-04-20;55.21993016226392;49.223429106456244;62.81957372029028
2023-04-21;56.277943003153965;49.081665477601334;63.02173317331029
2023-04-22;57.84401752032981;50.159211718708;64.8456941388808
2023-04-23;56.58176687467581;50.924335654266244;64.03033643493632
2023-04-24;55.13559296333394;50.04168222830971;61.170248360803605
2023-04-25;55.12704656074729;49.54192219770938;61.51702146603842
2023-04-26;55.28069674152916;49.511399709743245;61.8233469201926
2023-04-27;55.65663473552722;51.14778678755266;62.95954460084395
2023-04-28;55.80494659058738;49.684433335340174;63.001072782245664
2023-04-29;56.80086371719498;49.210846120870706;63.6921726721227
2023-04-30;56.4003647162204;49.82066595688874;62.96297364743968
2023-05-01;55.592566934805646;50.88927907739091;62.11097908140442
2023-05-02;55.56138359630754;50.03670629955365;63.053048296466
2023-05-03;55.219274736850664;55.70128305674433;62.564742132770554
2023-05-04;55.09891025264796;50.03382708069193;61.9605818346194
2023-05-05;55.64600099391278;50.00411112596444;63.0286683172325
2023-05-06;56.947217444133486;50.98023105459559;63.67840415239627
2023-05-07;56.81710716920427;51.130788864369535;64.29795808233858
2023-05-08;55.165239969123235;49.64148895127649;61.499444782893505
2023-05-09;55.035291813954544;49.589835509575465;61.48457975886508
2023-05-10;56.27247546984606;49.829228870809274;64.1698000359863
2023-05-11;56.02962196872457;50.67406778827114;62.393874709379595
2023-05-12;56.03512852080327;49.841714554124714;62.94077103627192
2023-05-13;57.24194574404958;52.05953977357433;64.20858178610928
2023-05-14;57.81603231525654;51.22677628799995;64.50150229123274
2023-05-15;56.02151444412817;50.59490534048804;63.0506107848953
2023-05-16;55.54672556149971;55.80204647318945;61.758317678840086
2023-05-17;56.067524618523166;51.07837485811217;61.733826330839634
2023-05-18;56.12555861028859;51.37690902825124;62.79490683313365
2023-05-19;56.11939557326509;50.4669852077507;63.11695678572903
2023-05-20;57.10094851823982;50.25223675319394;63.675524063435006
2023-05-21;57.2989597716499;50.610072157640374;64.3336085663552
2023-05-22;54.99861529492085;49.3993006410739;62.205590123442846
2023-05-23;55.322223789952176;49.74929911476146;62.307104623595976
2023-05-24;56.7829165193687;50.58126189927168;63.14177791893751
2023-05-25;56.065393286188616;50.57848935221692;62.795031324316916
2023-05-26;58.96746897889824;53.57493539939652;66.86153569459981
2023-05-27;57.72927987497778;52.540947822652015;65.28387387333983
2023-05-28;61.94457104260937;59.10122679512155;66.73674403445274
2023-05-29;55.54662303597901;50.52250948886649;62.68816268273862
2023-05-30;55.66915194868048;49.8905493298963;62.27469583254636
2023-05-31;56.48423263425778;49.84410436824018;62.33339410505938
2023-06-01;55.91650276330093;49.53984681034143;62.573659842047206
2023-06-02;56.38014138482915;49.94458378836509;64.01408602558944
2023-06-03;56.8339497998025;51.31080066825696;64.15510391209621
2023-06-04;57.27936023241061;50.206240732165085;63.86619912535883
2023-06-05;55.22225998388119;50.13289990829583;61.849117700756224
2023-06-06;54.84006576707397;49.89159607504497;62.03948966362205
2023-06-07;56.02215712960007;50.11759582670304;62.96701926338807
2023-06-08;55.99341873593239;49.545857615054594;63.48644230548781
2023-06-09;55.982352373540174;49.72682991849631;63.95801466753027
2023-06-10;56.91671754408353;50.39945727659517;64.43560655243125
2023-06-11;56.462268340553265;51.98023765712214;64.9456896507831
2023-06-12;55.74664468713257;49.368988359721556;61.691671415851
2023-06-13;55.385741251868;49.756988717019304;62.19406442512829
2023-06-14;56.7571928939227;48.767487033468235;61.95584369358103
2023-06-15;55.78531165978304;49.49541267263052;62.4498364886232
2023-06-16;56.29231396515317;49.64493915743375;63.818313560819774
2023-06-17;56.757313842239974;51.15883225385779;63.942701618224206
2023-06-18;59.398818769561366;54.10757953231618;64.04105393410018
2023-06-19;56.345681473239004;53.13994742043825;63.446486760928344
2023-06-20;55.16882871867797;49.26256382405178;62.02065261390676
2023-06-21;55.55458693014955;50.47942216120539;62.31149930391353
2023-06-22;56.545685044494995;49.98899363107693;64.46825715682441
2023-06-23;56.76038318210691;51.296963778650266;63.786804365862864
2023-06-24;57.30540883737512;51.27954655135625;64.37073427694295
2023-06-25;57.62297396462443;52.60011455169486;63.58812395474584
2023-06-26;55.31070579797162;50.06290933947853;61.456242575778234
2023-06-27;55.41557503948169;49.77753142445552;62.17590176890734
2023-06-28;55.82958885735437;50.08997055953826;62.35419642224916
2023-06-29;56.20775089880671;50.517379947334966;63.141122970771235
2023-06-30;57.49604757663836;52.39171977560554;64.22520216392216
2023-07-01;57.46674466306572;53.45124871780129;64.38650178993835
2023-07-02;56.966523828339874;51.156347116941596;69.97970365359791
2023-07-03;56.12362166177568;49.81207382619531;62.337983675278174
2023-07-04;55.55740958273123;51.01758222001321;61.91267046392596
2023-07-05;56.00178602314677;50.26381817516605;62.28865979863417
2023-07-06;56.03527084090625;49.788571056282166;62.605055607794064
2023-07-07;56.37935749369294;51.4374620579685;63.789922427600764
2023-07-08;56.66505919105852;50.95302956176024;64.47689310485325
2023-07-09;56.425249456291446;52.406062651307565;64.00571934674029
2023-07-10;55.5464046327242;50.67864173089895;62.414567430423645
2023-07-11;55.320202878170875;50.35141557940466;61.76471717700721
2023-07-12;55.71177984726916;51.097717121513554;62.10756049529369
2023-07-13;55.775593151855496;51.23975795299387;62.87036853711267
2023-07-14;56.6412764941888;51.20768034551351;63.45266555787984
2023-07-15;56.18172414923758;51.62222331304575;63.63538398852603
2023-07-16;56.24249087734683;50.548298282290745;65.99417269947585
2023-07-17;55.31257140937345;50.46708496329202;62.27473139895402
2023-07-18;55.85785036983103;50.5643973510714;61.84372833389731
2023-07-19;55.84415832382331;53.02872100083472;62.23134095059761
2023-07-20;55.698268564867604;50.16985428430412;62.26278445823602
2023-07-21;56.21463206052827;50.6234500009166;63.24483789774366
2023-07-22;56.438131387315664;50.465996339816755;64.03573433370029
2023-07-23;56.435248589094094;50.85354813502815;63.764209883799936
2023-07-24;55.37770201635175;50.02138294504312;62.06601241753674
2023-07-25;55.15807723135897;49.222316363943094;62.24782471763249
2023-07-26;55.82856087570363;51.96594289950215;62.253926739373604
2023-07-27;55.53170225964277;49.85671263233903;62.24430040413897
2023-07-28;56.27825683467926;49.76648230783479;62.95061650718628
2023-07-29;55.97499552530026;50.26921404910817;63.045423156788246
2023-07-30;56.0977688546747;50.05917857826407;62.86337688309966
2023-07-31;55.311677862292;49.45562244951381;62.36125872645352
2023-08-01;55.41928856039911;49.526368041562094;61.268533499563354
2023-08-02;54.89935154231066;50.83926223543955;61.88945556924227
2023-08-03;55.128010630854945;49.41420001028622;62.056037542791564
2023-08-04;55.4386024846488;51.14189027053878;62.63680295434465
2023-08-05;56.55312319312627;49.56397478999405;62.13066637005846
2023-08-06;55.81905995108143;49.37335964697755;62.44343697268134
2023-08-07;54.589038910984;50.72917195436837;61.21091688595992
2023-08-08;54.497536477907396;49.687274206427226;60.89294189019575
2023-08-09;55.16471573917813;50.58848257487912;61.38085937358727
2023-08-10;55.60956641638174;50.09750566016812;62.22277776706938
2023-08-11;54.89957988679003;49.252079280467676;61.385523323671734
2023-08-12;55.38647928643278;50.082066841530086;62.87698115030922
2023-08-13;54.67550250402974;48.98605361589084;62.500271703711206
2023-08-14;55.3770972709518;48.69811181559295;60.74034108368258
2023-08-15;55.74348302400023;49.05452928489291;61.49031660588702
2023-08-16;54.83869179957654;50.40932031789744;61.408394519451306
2023-08-17;54.71985716012299;49.2075165352395;61.78016157317398
2023-08-18;54.78313040975989;49.07322032004342;61.74239859693482
2023-08-19;55.48774129775238;50.34395771195691;61.37761628516312
2023-08-20;55.76661046308877;49.39885188022852;62.0043563690529
2023-08-21;54.47120814015257;49.484744454679834;61.44123292888604
2023-08-22;54.80817242223971;48.865415275525166;61.0003441687477
2023-08-23;54.863429435852694;50.04180891851555;60.848100097892434
2023-08-24;55.44193541129901;49.564752578055256;61.526628016575586
2023-08-25;55.04805413845404;49.78275152435486;61.82087825137959
2023-08-26;55.30436691863305;49.36254017483734;62.01223717763483
2023-08-27;55.76694561898488;49.897548740416575;62.13169806264659
2023-08-28;55.29414527577604;49.888679776870475;61.41541573453032
2023-08-29;54.53024571847311;49.4807379727479;61.199980000320586
2023-08-30;55.033317417658296;49.68892322999456;61.553075285678915
2023-08-31;55.20608428288583;49.37074886488655;62.006287320858746
2023-09-01;55.59834903865941;49.82511639511334;62.5436580433249
2023-09-02;56.54799609925347;50.750228102665545;63.82229947627831
2023-09-03;59.87699238677499;53.53523177446494;67.84086918588056
2023-09-04;60.128445615995155;56.780475919243194;65.52088115111988
2023-09-05;56.03862334969064;49.09001153971089;62.31241753317814
2023-09-06;56.4615724991627;50.44915279152314;64.19229159852563
2023-09-07;56.68185528366594;49.21624650137295;62.59593081023958
2023-09-08;55.70843367191855;49.47530672392287;63.30136021029227
2023-09-09;58.18356053889974;53.55974009107227;65.51604279279215
2023-09-10;58.649596360976616;54.057391003895404;65.96941708144166
2023-09-11;59.78401194961998;59.20039122199491;64.90677422716064
2023-09-12;55.16889244279081;48.126390524984764;62.27897397077099
2023-09-13;54.906346155645025;48.44175466936143;62.431151362308135
2023-09-14;55.48751791295185;49.12913253190708;63.24673478664904
2023-09-15;59.841175786342944;55.86264748754629;64.72284831748877
2023-09-16;57.6027086547588;50.79446018032687;65.93331178700618
2023-09-17;58.721812288125946;52.54727336639934;64.78151105279954
2023-09-18;57.60037872741411;48.895992553819354;64.20285330915527
2023-09-19;55.1540442608927;48.39006882112483;61.9917585376129
2023-09-20;55.283663873188715;49.24832239724353;62.38397403125411
2023-09-21;55.6349592446286;48.860201773842576;63.051622154379324
2023-09-22;55.69885744383042;49.32952550444631;63.505041293158655
2023-09-23;57.223626599249435;51.01437620197438;66.42564086310907
2023-09-24;56.89717488752359;51.931926238398745;65.98011350734356
2023-09-25;55.37107851881593;49.91247483485889;63.07110252012632
2023-09-26;54.90925940175944;50.9521224183366;62.19309815319142
2023-09-27;55.09718057654823;49.215999807931816;62.17753581557954
2023-09-28;55.369470973655254;49.27624863771116;62.6809129342326
2023-09-29;56.72263051872173;49.482144541306745;64.81848215536283
2023-09-30;57.05980320977713;51.63704737645123;65.49625343285138
2023-10-01;56.75001774242119;51.31016959016772;65.6457998203856
2023-10-02;55.749942045198125;49.02232519882446;62.82660840827046
2023-10-03;55.38265898478446;48.95086520757475;62.02636038846427
2023-10-04;55.577150683035;49.73512720663258;63.004930529268684
2023-10-05;55.65275526669443;49.705378663480715;63.185610518950135
2023-10-06;56.25684708327434;50.177592343718366;63.76619712039458
2023-10-07;56.78352608180248;50.51744419698154;64.38289385878255
2023-10-08;56.39238611687939;50.45685855894817;64.635372353624
2023-10-09;56.086270363389204;48.79413377525864;61.89134842085593
2023-10-10;54.87457212900013;49.164072170083806;61.915299743853154
2023-10-11;55.141363688156126;49.63402999601876;62.71935306076891
2023-10-12;60.731225918934214;50.47005558273472;64.52927614282598
2023-10-13;59.196803768078766;49.00424264230984;62.716869783755406
2023-10-14;59.59467147608333;49.39700464118137;65.04962200737381
2023-10-15;60.25335400040131;49.12637891959933;63.844699432639665
2023-10-16;56.17894346756741;48.95745274575247;63.971719883182885
2023-10-17;55.065829883075004;50.56724557823258;62.74388877626345
2023-10-18;56.05878797610879;50.24228868242651;63.494527711781956
2023-10-19;56.99416313367901;50.57724752086746;64.29560737590946
2023-10-20;58.51437945798925;52.90575206276846;66.34161770823596
2023-10-21;57.11423713207549;49.956705842394044;65.5469935111119
2023-10-22;57.04632037200163;49.960240508405064;64.73710114879108
2023-10-23;59.27602019195668;53.47221478124817;66.87142113392193
2023-10-24;55.735616900780855;50.50202903268811;63.15907813153598
2023-10-25;56.80249847825316;51.124640234489846;64.39622691971775
2023-10-26;56.44804920263029;49.740703891993334;63.4774842276078
2023-10-27;57.294788330896594;49.89231857372566;64.82593384472517
2023-10-28;57.43809943648963;50.29974075730393;64.83823307523433
2023-10-29;58.08065562761814;50.87827841190125;65.93503861104234
2023-10-30;57.674039195175354;50.954794704314196;65.35556448535418
2023-10-31;55.805368727134656;49.667844026744994;63.340046202402256
2023-11-01;57.872850950680395;51.74893689836808;68.16829002340069
2023-11-02;59.02517510324178;55.265984090090434;65.28675575843711
2023-11-03;56.296039171546155;49.88585988417917;64.14348246858715
2023-11-04;57.69974790746247;50.67074304146907;64.95809966487444
2023-11-05;57.566492378163325;51.34746244684246;65.49854181177159
2023-11-06;56.5102922743807;49.15658726859388;64.3135045620396
2023-11-07;55.842573549135025;50.98273564756518;62.88749509067923
2023-11-08;55.958985554937314;49.18126264043999;63.46184055213192
2023-11-09;57.22610580065264;50.5948378327484;65.78600689913706
2023-11-10;55.719041963113355;49.00881654462274;63.22576166166938
2023-11-11;59.29037788788609;52.004761342553536;66.48438601437155
2023-11-12;57.09291134799983;49.33986976446548;65.16250712488991
2023-11-13;55.31426051320325;49.28855774842901;62.9240503645586
2023-11-14;55.300762167194776;48.853071680552986;62.75533874450463
2023-11-15;55.293263991981014;48.360162184374616;62.741700045164784
2023-11-16;55.87505078781107;48.74541584482222;63.59105226575348
2023-11-17;55.85834229709478;48.217600146259656;63.82239216808779
2023-11-18;56.95974437837801;49.6641186679686;65.33678561402863
2023-11-19;56.693385001471654;49.96436429426872;65.17766513364873
2023-11-20;55.969775741398664;49.02919559817306;62.66310661114859
2023-11-21;55.41267684155948;50.0049627139861;62.733114538704314
2023-11-22;55.584054602107635;49.82935550715606;62.9109323409356
2023-11-23;56.29388474702453;49.711555193413695;63.68511529739929
2023-11-24;56.55429207320471;49.96130593733248;64.45796435515722
2023-11-25;57.39867858369024;51.18131920027131;65.3777806633114
2023-11-26;57.50472093615894;50.63962253045674;65.0309977065674
2023-11-27;56.7967705862716;48.89072639021342;62.223504967201926
2023-11-28;55.711267313686335;48.590984489939316;62.77665676612112
2023-11-29;55.371731569997365;48.96384690175761;62.85106942459958
2023-11-30;56.64723018457667;49.973705133661994;63.89359361329649
2023-12-01;60.62602098813598;55.50601141954403;68.9518835586112
2023-12-02;57.817549367077525;50.73089607545846;65.85276718369394
2023-12-03;57.650267519337575;51.822706882541056;65.7963901721968
2023-12-04;56.712516889235786;50.1457569846233;64.26098527539737
2023-12-05;56.23920344403652;50.17323772170846;62.79732967489558
2023-12-06;56.356427557597264;49.71688005852576;63.98430727602864
2023-12-07;55.97681387755028;49.67196623792428;63.509135689637766
2023-12-08;57.73978945136814;50.58516583091255;66.18528090577625
2023-12-09;56.6864813049694;49.56553223400576;64.14499717347606
2023-12-10;57.56372868619928;48.997409117493696;64.05685508313405
2023-12-11;55.78232894375506;49.08210039172664;63.28094471211663
2023-12-12;55.88303060687566;49.38121171269211;62.83055538145695
2023-12-13;57.42616574018581;50.66414333111928;65.19097447291603
2023-12-14;56.921212155821515;51.318041553272124;64.32920982162206
2023-12-15;57.82487784342884;51.801429932380955;65.08996677091253
2023-12-16;58.26097552915425;52.09086941815816;66.40672223331481
2023-12-17;57.878652143573504;52.037444928246394;66.11871352628368
2023-12-18;56.73424495165865;50.3226592274972;63.51142709445506
2023-12-19;56.47018409405162;51.16110134169581;62.9413311945521
2023-12-20;56.54863982763659;50.531427457902694;63.64892257656987
2023-12-21;56.86089335298328;51.17737724372192;64.21244722582993
2023-12-22;58.07097724511106;52.08938887942431;65.41956142572121
2023-12-23;58.23625513538444;51.78074534147154;65.62907461428031
2023-12-24;57.21411863726328;50.17477751382244;63.83749554507116
2023-12-25;58.49281882332497;60.808879030013074;63.818276082609856
2023-12-26;55.97903539834252;49.412896252485126;62.10596046921302
2023-12-27;56.5299339719487;50.337926458288436;62.8519085282828
2023-12-28;56.33223447662657;50.430785308625346;63.40574116354066
2023-12-29;56.285733194423514;49.950018048257775;63.68907614197887
2023-12-30;57.467090216611474;50.566450713950815;64.22564243269244
2023-12-31;57.105894243843984;49.97780549000528;62.911013598267964
2024-01-01;67.02737846702078;70.63822683304464;66.78012826634274
2024-01-02;55.93159119649468;49.87132675866264;61.578098934305544
2024-01-03;56.08430002538217;49.59562595679336;62.81827254629156
2024-01-04;56.78606906182403;49.37071892055752;63.56125474181428
2024-01-05;57.71341986583498;51.228586619741854;65.297975088185
2024-01-06;56.79247720168163;50.628401984361446;63.692696562848646
2024-01-07;56.46708625582985;50.02101875773701;63.39084069215269
2024-01-08;56.07716565321789;50.01650796839843;63.03465842226093
2024-01-09;55.48974177481494;48.59527179330171;62.77121075851548
2024-01-10;55.48889389600446;48.96542899323595;62.51499841498749
2024-01-11;57.36155908690758;49.8283152899772;63.57821948378802
2024-01-12;56.360999531291384;50.11453412908389;63.510942207542136
2024-01-13;57.49114429887239;50.321330339642316;64.95146791171977
2024-01-14;56.89869756903619;50.566500432356605;64.5677175176356
2024-01-15;57.398985464348286;50.637132420158586;64.85555043320957
2024-01-16;57.24917693467247;51.84270378798054;63.675743864084296
2024-01-17;58.24676198533936;52.198820135129445;64.45633619314256
2024-01-18;56.96224964331997;51.0936167461395;63.40343464078941
2024-01-19;58.66660780270073;52.23858476458033;66.9822192891582
2024-01-20;57.77250828403068;50.9802042080075;65.63341165687181
2024-01-21;57.034516053040505;49.56088566367797;64.88426414890434
2024-01-22;55.90133679112824;49.5475706138517;62.78965559624338
2024-01-23;56.11652259947199;49.76415428119105;62.91902405262422
2024-01-24;56.246535414202214;50.58929958036852;63.25842994269565
2024-01-25;56.331485766240164;50.86017784698725;63.74421289203869
2024-01-26;56.942499559096554;51.01324130590975;64.3350613204957
2024-01-27;57.903472167156195;50.70977298141947;64.98737144177389
2024-01-28;56.85701699027328;50.2851980913188;64.57077105184679
2024-01-29;55.922550016605086;49.65184391069143;62.51639394217324
2024-01-30;55.66138413912002;49.70155971150792;62.57055943137931
2024-01-31;55.635368985237776;52.85878437996202;63.096086225470636
2024-02-01;56.63622103793644;50.79657008465027;63.09710619617131
2024-02-02;56.44038279754565;50.7244676662956;64.28673607966714
2024-02-03;57.58878112217171;50.727580429622556;65.17674154074525
2024-02-04;57.24323025978309;51.64789974481087;65.06213988474252
2024-02-05;56.203110876836746;50.03077441992981;63.52440941048887
2024-02-06;55.25301000974793;48.97021841826288;62.0270420744696
2024-02-07;55.46243538906409;49.60928882194378;62.38412729294068
2024-02-08;56.06922398093555;49.98492852658746;63.00199972274748
2024-02-09;58.60586312101137;52.22484286584556;67.06959412866344
2024-02-10;59.47372069829253;52.28864503438399;66.69830967135121
2024-02-11;57.86916450990391;50.43057779707962;64.62831126584771
2024-02-12;56.09397749945734;49.794608646117815;63.04811086897115
2024-02-13;55.48777121147549;49.86293891036003;62.1278195017618
2024-02-14;55.70869726553505;49.684033589367004;62.80874459868754
2024-02-15;56.230985871141435;50.455710439557244;64.2546606286617
2024-02-16;57.00294646919304;50.78836673093545;65.29215354459497
2024-02-17;58.2939327885856;50.81827760108275;65.19223892281704
2024-02-18;57.84984110166596;50.27935222741163;64.43719577212482
2024-02-19;55.652115895986654;50.292886225926814;62.2055193841673
2024-02-20;55.989485466512406;50.01239917571263;62.5281162472111
2024-02-21;55.6889717145479;50.1191480153685;62.65639491433183
2024-02-22;55.546665600905705;49.45928044867542;63.10297533936114
2024-02-23;56.758145282866735;51.30337784978086;64.53450665054956
2024-02-24;57.482661444900245;50.046740257706865;65.30145510790683
2024-02-25;57.26717871113681;50.50966104110907;65.1622050728474
2024-02-26;56.1892280801741;50.97738184364722;64.50999211883831
2024-02-27;55.6096524018707;49.88300519905807;62.18281057451078
2024-02-28;55.63745454990404;49.63923353044359;62.53231789644691
2024-02-29;56.10402991826539;49.849273815044015;62.99032539365507
2024-03-01;56.178158916854066;49.99795544102667;63.58999462749103
2024-03-02;57.32064263616425;50.60706340715977;64.78082863007022
2024-03-03;58.21843683990751;52.07166166910224;65.35395610824781
2024-03-04;55.89886685246367;49.6750244084312;62.367127867571526
2024-03-05;55.658664772968656;49.75598947604337;62.104991785729204
2024-03-06;55.89639817461811;50.15885258256653;62.58358330761854
2024-03-07;56.04061638083434;49.96539572540431;63.71681502406565
2024-03-08;58.47343477558702;52.58788206217443;66.30145240712126
2024-03-09;60.672006197880194;53.8680570690675;69.02061363453589
2024-03-10;58.52575732681876;51.192771155701266;66.36930718101256
2024-03-11;56.01244032749062;49.70654971325625;63.24760025889722
2024-03-12;55.81405703967967;50.45106698067961;62.75070707233104
2024-03-13;56.36977689535773;49.98948483707571;62.94643026779508
2024-03-14;56.390084241476124;50.41854584035765;63.04645893765595
2024-03-15;56.025525209890034;50.07405924289036;63.52655506523444
2024-03-16;57.177542921785474;50.38570007798984;64.24810229774495
2024-03-17;58.09982380362631;50.491667188010624;64.52105017961442
2024-03-18;55.58338844766274;49.67238419012421;62.31487641556393
2024-03-19;54.93384486364053;49.90795931209972;62.0930500957035
2024-03-20;55.57066778962599;49.865025595083836;62.68427169474013
2024-03-21;55.77206316153777;49.671835088943894;63.11771122219802
2024-03-22;56.093237994864865;50.329191755471435;63.9804890539687
2024-03-23;56.7385671021713;51.206392740115064;64.01507322010961
2024-03-24;56.58941136248697;50.290373025713095;63.64733734720427
2024-03-25;55.3799547689189;49.910648734206276;63.14228696751677
2024-03-26;55.25701049011471;49.7189666510436;61.87568593327061
2024-03-27;57.66550657737376;50.95759810909111;65.14938752029745
2024-03-28;56.68780351828866;51.77891937206351;63.061580139608026
2024-03-29;57.767362917764174;50.935202931381625;65.24911727455421
2024-03-30;57.06827335008682;49.944277032770124;64.80964829810493
2024-03-31;59.488226625768725;52.54302385451824;67.18678471340993
2024-04-01;56.546680279948475;49.8651798636062;63.76525306070809
2024-04-02;56.17146614564196;49.0070335811308;62.432235310261355
2024-04-03;55.755707762249656;49.51970023369764;62.38951851054351
2024-04-04;56.0935691123401;50.301966426391886;62.95219215952885
2024-04-05;56.33020742014957;50.711323221267776;63.8804985137575
2024-04-06;57.82483609569312;50.984455921453915;64.33120373332842
2024-04-07;57.17359712909214;51.344999635617015;63.822057698681064
2024-04-08;55.03064101128797;49.81829379354669;61.83791025705399
2024-04-09;55.10054163142769;49.93240148286703;62.18383732291318
2024-04-10;55.90585872960734;49.850607540756506;63.98270961142995
2024-04-11;55.924527947846215;49.71416654530188;63.071884641955585
2024-04-12;56.267438358529446;50.43403046887478;63.31634379523883
2024-04-13;57.62561286453281;52.22348369667907;64.46900858115185
2024-04-14;56.871854865735465;52.363798691269096;64.60372654093666
2024-04-15;55.25427228712633;48.91504061580554;62.80184144318543
2024-04-16;55.32156176069815;50.155331940717645;61.829905254134864
2024-04-17;55.309263611988456;49.10780478758401;62.03342295948534
2024-04-18;55.95851666711503;55.19930035708248;63.262504198486056
2024-04-19;55.7191862527219;49.15671193800374;63.291178811059446
2024-04-20;56.89477528506237;50.96630082487831;64.09473582823226
2024-04-21;57.13427526825063;50.59720467513293;64.70327054687343
2024-04-22;55.91123581103763;53.66553021400823;63.751531969898465
2024-04-23;54.686059003741214;49.381460922759246;61.82976578655463
2024-04-24;55.28463399984133;49.5365876676309;62.95578242042576
2024-04-25;55.00400010675716;49.11059144828773;62.84516923880786
2024-04-26;55.37363632463037;49.693904922792086;63.610128777258545
2024-04-27;58.054473596708824;51.415360510326906;65.6920701743618
2024-04-28;56.83097527386799;51.529668076493365;64.43726300611006
2024-04-29;55.603524646947776;50.600806891419616;62.216812799763765
2024-04-30;54.72858514201371;48.89374543734115;62.076625467560966
2024-05-01;55.9828212992635;50.54938197415523;63.38438024768205
2024-05-02;55.79912831040444;49.566297129549525;63.38470133418043
2024-05-03;55.31378543687196;55.34140018235849;62.29092706626838
2024-05-04;55.73763392361349;49.72730696836866;63.58118007107818
2024-05-05;55.60628416336198;50.154134066660845;63.15928799750648
2024-05-06;57.202380223402606;50.891970618539915;64.63493741954272
2024-05-07;55.099142741984835;50.83221445389337;62.04398340423409
2024-05-08;55.89132734363432;50.789095330079775;63.093060215273916
2024-05-09;56.33564704791191;53.21108180412445;64.99309718369737
2024-05-10;55.80128011680802;50.31911183832308;63.281175170867634
2024-05-11;56.602232333906755;51.49324775920687;64.19331279380148
2024-05-12;56.900473462564506;53.200571298961165;64.51092952040652
2024-05-13;56.08132214888238;49.62087942064101;62.01116066003999
2024-05-14;55.90084982716845;50.502247061917195;62.32334209244926
2024-05-15;56.634009505019506;50.714286708191764;64.51267065687105
2024-05-16;55.290589126357965;55.44481195791051;62.70247671025214
2024-05-17;55.32891902421894;49.73337547728129;63.302373725248806
2024-05-18;56.160348908545984;50.37493571360609;63.922613509197234
2024-05-19;56.21499031670573;50.44591752096898;64.44399681679928
2024-05-20;55.061663045033285;48.981628457876724;62.28217209184113
2024-05-21;54.68912704783881;49.5823322974348;61.78387927259565
2024-05-22;55.671336706050354;49.42433877344059;63.12348625703037
2024-05-23;55.12534152724413;49.855668581403314;62.977507853700004
2024-05-24;55.43432017070366;51.77059019320302;63.62156172733772
2024-05-25;56.5033695788383;50.894252476497506;64.5596172385628
2024-05-26;57.07463257012413;51.54341967229914;65.4179721501691
2024-05-27;54.708523609099544;49.53485442162855;61.955486587408544
2024-05-28;55.68896044291071;50.33900190458701;62.06272017700044
2024-05-29;55.243918886684405;49.34850240263628;63.3507304125026
2024-05-30;55.32900228792988;49.89653588594396;63.36754219645641
2024-05-31;56.584881440637304;51.129431010910906;63.88419300533472
2024-06-01;57.00535837798354;51.520247271928056;64.57628406182664
2024-06-02;59.448713487592634;54.51288644829022;71.89600987729884
2024-06-03;55.30716397331517;50.352061864801314;63.2724285679216
2024-06-04;54.86011596711556;50.44080431593905;62.16227293430287
2024-06-05;55.078374324233366;50.62058166887199;62.554509310436714
2024-06-06;55.43733433278391;50.830222820803606;62.86283546206674
2024-06-07;57.07408607104554;51.164482280304114;63.40635154229616
2024-06-08;56.706101088857686;51.371218937987344;64.24862832926922
2024-06-09;57.079487747647384;52.21269631102373;65.0589651262034
2024-06-10;55.7821906531229;51.00886697561752;62.357814843190276
2024-06-11;56.02127016586624;49.54904337188519;62.70512969712412
2024-06-12;56.49675432883789;50.28085212205714;62.86590302514377
2024-06-13;55.707269813645084;50.330932845033146;63.08627729404816
2024-06-14;56.634773443899505;50.77398306021921;64.03740170433464
2024-06-15;56.98464267570158;52.73267832845792;64.39466536890387
2024-06-16;56.675681053190914;51.21867783987418;64.54452186327251
2024-06-17;55.82205894719494;50.61699239115682;62.83231167550839
2024-06-18;54.99580274107224;49.969225427733654;62.30470293471245
2024-06-19;55.45761577277698;49.20473541117127;63.13332227492665
2024-06-20;56.25478974345395;50.60704528557358;63.910176087958604
2024-06-21;56.90662131266461;50.823238404213384;64.67760924095474
2024-06-22;57.00561037237935;51.51382821784813;64.23215262247011
2024-06-23;56.73683342453351;52.084281738156534;65.08601474346668
2024-06-24;55.27774010874899;50.29311927192201;61.980881120063394
2024-06-25;55.31164137648733;49.96203425159894;62.635212581449665
2024-06-26;55.75951490976308;50.921619797436;62.34351989147308
2024-06-27;55.63089017664548;50.31435210372208;63.47365890890616
2024-06-28;56.755633268789765;50.91324865859648;64.46404703860453
2024-06-29;57.18114078973814;51.52716988501135;65.25246883076991
2024-06-30;57.158219535459494;52.4292550947067;64.89591294605026
2024-07-01;55.80934357526104;51.46737262288758;62.40173838054764
2024-07-02;55.58026996542084;50.50581025532506;62.963947304232626
2024-07-03;56.33496151668682;50.30822865607164;62.67313602190595
2024-07-04;55.794992049365426;49.95870350359998;63.79618053736864
2024-07-05;56.15774035075575;50.32820865099448;64.23480872112223
2024-07-06;56.68591290430754;51.48480090973054;64.00969520397715
2024-07-07;57.130172532111125;51.04758027611165;68.19638949561795
2024-07-08;57.25989885873385;50.134130847473166;62.856368025228704
2024-07-09;54.7280165632296;50.32349488051365;62.465944823393436
2024-07-10;55.974890946519096;50.259915844407686;63.77281454294995
2024-07-11;56.08378373521926;50.11286748058297;63.02279123235742
2024-07-12;56.62844383426168;50.55170903736762;63.0894326390641
2024-07-13;56.218741586686704;51.09540241064291;64.04702904726742
2024-07-14;55.99872897253776;52.21294833804446;63.944943763768066
2024-07-15;58.972752699946376;51.85444380722452;70.64627494385161
2024-07-16;56.0167031796684;51.15228787328769;63.630636797120054
2024-07-17;55.79891102342415;49.76912717142221;62.32712964159559
2024-07-18;55.467439315562224;50.19725443249116;62.878719117552926
2024-07-19;56.38906740707678;50.39403721300079;63.84473824750092
2024-07-20;55.73395713846884;50.83793257217873;63.60958635223538
2024-07-21;56.12263216155566;51.010370413569916;64.48096908749595
2024-07-22;56.50469354933559;50.32337926219597;63.288457057274705
2024-07-23;55.86019449342891;49.51206684473637;63.41796018963515
2024-07-24;56.46653787909858;49.78571529526932;63.61185283103688
2024-07-25;55.75032090563233;49.55545511697479;63.27558433844604
2024-07-26;55.71060689168079;50.27731488580297;61.84620161989898
2024-07-27;56.3356412441006;50.224362309929475;62.50365527061561
2024-07-28;56.046379121672885;50.06105716074999;62.96262408425676
2024-07-29;55.73446020646724;49.80925271903026;62.42763018812764
2024-07-30;55.36532798553792;52.28105171769684;62.52023206677851
2024-07-31;55.82624358201911;50.04505982880117;63.33711490883707
2024-08-01;55.64397070643949;49.12000475614626;62.695546679845826
2024-08-02;55.640794471539735;49.216712367854754;62.757182007425456
2024-08-03;56.10822101968098;50.43229020276571;63.435737524007855
2024-08-04;55.196929246004906;50.39254265792552;62.0243397870535
2024-08-05;55.098878353702545;49.1137387396069;61.408497513276586
2024-08-06;54.72256397494081;49.61231095753931;61.52259508988422
2024-08-07;55.012171012301856;49.10025104562662;61.40150466062966
2024-08-08;55.42860730772955;49.27606384048265;61.75757971948423
2024-08-09;55.181090057820974;50.630525401058165;61.88475734953685
2024-08-10;56.416403478084135;50.787782721270396;62.27006183508906
2024-08-11;56.23979818175737;49.58023402594218;62.434410230221516
2024-08-12;55.12395472959824;48.71429019821579;62.0499992859514
2024-08-13;54.40505185552603;49.17295724767156;61.26606274057391
2024-08-14;54.93379187546877;49.68504201337819;61.47058871992081
2024-08-15;55.120842299826975;49.217245313524806;61.21100433534384
2024-08-16;54.643219633955724;50.15870734463731;60.80362243424123
2024-08-17;55.55091622875072;50.50937329037015;61.29853993684959
2024-08-18;54.890591450307895;48.896294964899774;61.777317160049364
2024-08-19;54.57823386796938;49.3690732325635;61.116121421542566
2024-08-20;54.372636692082764;48.99645442136486;60.92421432894625
2024-08-21;55.02849058055243;50.655524945005084;61.522789699567795
2024-08-22;54.35570749779476;48.41197913007033;61.516523702325514
2024-08-23;54.85326795255567;48.89239902426578;61.740100733956844
2024-08-24;55.157867156700426;49.35958260297802;61.92843577277106
2024-08-25;55.48842086847182;49.38097826928606;62.398369504974625
2024-08-26;55.02336013219511;48.59954312272211;60.97440595128696
2024-08-27;54.500855062978715;48.81676007929067;60.909322100560686
2024-08-28;54.59635655102443;49.48364235291991;61.848838767710184
2024-08-29;56.744604234910874;52.92468028501161;63.23091988520649
2024-08-30;55.473934445541246;50.68854582751826;62.62470417586003
2024-08-31;57.06771673692352;52.16031283401798;63.57316719263211
2024-09-01;55.96500670822706;53.88979321730999;63.10488035166287
2024-09-02;55.219851392258626;49.997617039038076;63.191286474458
2024-09-03;54.95253441736507;50.039221417760025;61.4509488738846
2024-09-04;55.23756664777252;49.51073749421958;62.02423932138537
2024-09-05;55.68769096358097;49.58213669474166;62.928041086727475
2024-09-06;56.44886251369;50.75469777446049;62.93649523639982
2024-09-07;56.487510484587304;50.566163912925475;64.01058944324498
2024-09-08;57.5278361554118;52.14557121470385;64.72012050107428
2024-09-09;55.138267751117596;55.0970583082022;62.756007884472
2024-09-10;54.857595960947805;49.758870648200464;61.89175870486686
2024-09-11;54.88184594366152;50.2649520664093;61.79996981050601
2024-09-12;55.534965404712636;48.573324293244475;62.60839578236567
2024-09-13;55.906513887967705;50.57197152692691;63.86186791835171
2024-09-14;57.13440231990081;51.49283731627598;64.20723107958707
2024-09-15;56.80613767807097;53.80356623606943;64.29916168461814
2024-09-16;56.916179674221866;49.18962893625682;61.62052141079652
2024-09-17;55.120817783795026;50.768657864756634;61.944915095884376
2024-09-18;54.960866037404216;49.5254903445608;63.269709290041334
2024-09-19;55.283174046182815;48.79839558603802;62.19632082612012
2024-09-20;56.56988758452527;49.285777530839994;64.00811983568356
2024-09-21;57.003965692741964;51.01899809827308;65.30158107138294
2024-09-22;56.66404638225526;51.201322774222724;65.89336722564315
2024-09-23;54.67011129206206;49.16516753398013;61.96303677741497
2024-09-24;54.70244452113882;50.16168549720299;61.83694279106795
2024-09-25;54.966802591446154;48.95731667608005;63.5868237108724
2024-09-26;55.998550154022475;50.910098915163275;63.09165160585148
2024-09-27;55.65334801219762;49.432568283718446;63.74049264791541
2024-09-28;56.723117141833875;51.645945498543;66.23692633379126
2024-09-29;56.690801768495234;51.48542094259114;66.65816126744761
2024-09-30;55.66076762437662;49.438807221001824;62.9434218319429
2024-10-01;55.24782949443035;48.984021934083984;61.72697207231234
2024-10-02;55.07224781823446;48.48130394616569;62.11538999402619
2024-10-03;55.70923859018787;49.01429740014529;62.75047857587525
2024-10-04;55.74515590832847;48.68407677278608;63.2534808014034
2024-10-05;56.76759465272654;50.65034319156034;64.67044989627239
2024-10-06;56.975944233368196;50.90756691719706;65.28626330355328
2024-10-07;54.95667943389843;48.689779721627204;62.13300215697575
2024-10-08;55.49062183931877;49.60677744581372;63.033140444243955
2024-10-09;55.58012274671941;49.64071699512025;62.93257419930897
2024-10-10;55.86539372046371;49.49008174635797;63.61925016950751
2024-10-11;57.64139418484132;49.06059940724315;64.15679768286557
2024-10-12;61.33505523271236;50.93532167945169;66.76982679222672
2024-10-13;60.412808907516016;49.721478384746796;65.20857538198008
2024-10-14;55.89549083631173;49.71126883135673;62.33145863310577
2024-10-15;55.318536340993376;48.99715791135118;62.3589145780177
2024-10-16;57.79098586670603;52.22461293828669;65.20520013213694
2024-10-17;57.54065157776202;51.373006509325776;65.34926169573932
2024-10-18;56.24784444393541;49.86940142756794;64.76054995433147
2024-10-19;56.737611550828824;49.83406140364855;65.57028131198062
2024-10-20;56.52289411611132;50.11697301014809;64.74066000638656
2024-10-21;55.30340032520759;50.36049680763842;62.7313035073777
2024-10-22;55.30893246299612;49.44579793542212;62.02491936631037
2024-10-23;55.194146642793314;50.21331500913102;63.86189181659147
2024-10-24;55.64144767288813;48.82963129778606;63.04387167813318
2024-10-25;55.99998949964683;49.86233526359831;63.50601603328286
2024-10-26;56.90424554178787;49.773055349654626;65.57964356687914
2024-10-27;57.16792256366106;50.40618554276392;65.79697394520133
2024-10-28;56.37703303324319;50.67268985990385;64.25055211414988
2024-10-29;55.7760987429195;49.483186464446014;62.98950972540353
2024-10-30;59.708196349161355;54.235429662412706;66.94859364620064
2024-10-31;55.83521253448669;49.465594386647524;63.67605682031697
2024-11-01;59.84387083550751;53.542589658412865;67.99427799214823
2024-11-02;56.050977300845595;48.917990248917675;63.918052180751836
2024-11-03;56.53341413468426;49.55005779357001;64.5236315270039
2024-11-04;55.24092177953139;49.117845366117905;63.34710080391224
2024-11-05;55.31954958038612;49.49271174816717;62.63301512767951
2024-11-06;55.68950626344495;50.07905653964858;63.79154191918837
2024-11-07;56.274880752418454;49.6718147997689;63.43243909831636
2024-11-08;56.650999897012994;49.58989365903804;64.5194772345003
2024-11-09;57.19710123692597;50.17049988661458;64.92571478433894
2024-11-10;57.04883214797651;50.238584377476705;65.2245233451925
2024-11-11;55.4108230584541;49.39396255095951;63.26376575886074
2024-11-12;55.503158500828334;49.77544982792641;62.2325285443462
2024-11-13;56.200659294091444;49.65526701193852;62.587074025096484
2024-11-14;55.9763748997361;49.532386611482494;63.269549309917934
2024-11-15;55.890190552282775;49.531237759043805;64.70966999920996
2024-11-16;57.60278526668149;50.507526827212985;65.00050401776835
2024-11-17;57.64895277230902;50.519454749320815;65.27713273161898
2024-11-18;56.44504931205723;49.60315744660613;62.654016224411286
2024-11-19;56.39593943229629;49.2776338867329;62.88605443277924
2024-11-20;55.70390630763724;49.477498636224894;62.7049601839731
2024-11-21;55.87252425941692;49.43987076820566;63.73261061117954
2024-11-22;57.34697866763842;50.66544232338132;64.11315689600254
2024-11-23;57.807138932513595;50.05373997577599;65.2659860560645
2024-11-24;57.349312096296174;50.67464852894355;65.46168886670995
2024-11-25;55.68568161508554;50.26766354097689;63.012389087371346
2024-11-26;55.92553816763843;49.6288416829777;63.311812189211764
2024-11-27;56.37167469394298;50.46955187703929;63.39677855809533
2024-11-28;56.980148433979565;50.290092746423255;63.688398865265924
2024-11-29;57.146578065145306;50.589757391739525;65.2304925844736
2024-11-30;57.99837126576267;51.06154977419648;65.4277000130372
2024-12-01;57.894446888683504;51.18893978362437;65.6990374547439
2024-12-02;55.638219067987876;49.518224211826606;62.62473433824168
2024-12-03;55.67813956199275;50.991240084407735;62.543291478738645
2024-12-04;56.32244754578199;50.18153918817559;63.31820941346546
2024-12-05;56.30644561678149;49.72675553922591;64.03119710814816
2024-12-06;56.69933252443614;50.240463102762945;64.60245662199654
2024-12-07;56.50384372136733;49.441574055098855;64.57527457372913
2024-12-08;57.6285407318096;50.55956350218768;65.12821495136781
2024-12-09;55.55546207631948;49.66372945957594;62.51616551673625
2024-12-10;55.66384703812291;49.90583149409544;62.722114135582586
2024-12-11;55.65730724870672;49.33753897029827;63.28892175899834
2024-12-12;56.37994418970996;49.8248706368398;63.85158067496793
2024-12-13;57.44831345974616;50.57716746005623;65.36180286612083
2024-12-14;58.65028232219301;51.72975766572424;66.24637278860358
2024-12-15;58.7219590200703;52.759251414665655;65.3946014317365
2024-12-16;56.32612076327935;50.2676210411679;62.8856145253866
2024-12-17;56.083447635056054;50.61560987575945;63.060866923432535
2024-12-18;56.61461753290137;50.36525746063319;64.18434301892884
2024-12-19;56.5246203780392;50.59949044251557;64.474193013598
2024-12-20;57.16892680536575;51.70617474201326;65.35483164788899
2024-12-21;58.16064184842957;51.54318138161316;66.86084972992876
2024-12-22;57.727648870795825;51.340559261894754;65.57550558280147
2024-12-23;55.90531471585411;50.546827815743924;62.84742762715193
2024-12-24;56.26223730424972;50.11350497877157;62.884264335208194
2024-12-25;58.432727173176986;62.28767371889337;63.7976380955341
2024-12-26;55.76682026617709;49.6512265616552;61.90759632560287
2024-12-27;56.22094152177184;50.07249357036439;63.62115911984616
2024-12-28;57.45231198924068;50.642714736575314;64.51859003459302
2024-12-29;56.89919622775289;51.298222406346525;64.42636394207494
2024-12-30;56.51077550971442;50.190241445683355;63.261507602209846
2024-12-31;56.54425661186814;50.624854164404596;63.29085605544401
2025-01-01;69.02220185637763;65.13593642578842;66.73517713600083
2025-01-02;55.72544372446796;49.344436739906314;62.47687044964358
2025-01-03;56.084037986312666;50.468835737034;63.35140744736929
2025-01-04;56.78108076987519;49.69118633717088;64.29221667353856
2025-01-05;56.17549631561847;49.34591317890778;63.989021923051595
2025-01-06;58.09306562959469;50.35212500726804;64.87509222142788
2025-01-07;55.8855332024482;49.74904465099722;62.78513771488066
2025-01-08;55.71770960228058;49.368190810923274;62.316991134176895
2025-01-09;56.753400181646974;49.99523557360246;64.06052654451636
2025-01-10;55.99819601516492;49.935621512817065;63.69696915613328
2025-01-11;57.31072875741745;50.106502171497596;65.3136566133422
2025-01-12;56.83659947140878;50.06501463035609;64.6866734720352
2025-01-13;55.64273179922917;50.19727304872387;62.68138111955373
2025-01-14;55.23260342481759;49.644177506314364;62.35536840240438
2025-01-15;57.487314239862705;50.45579596244029;63.332843697845135
2025-01-16;56.59211689615323;50.45264884256486;64.16143274953254
2025-01-17;56.199739916447896;50.54619187155004;64.43055274093457
2025-01-18;58.06986741003098;50.44386834361595;64.84796011830713
2025-01-19;57.70689568206893;50.25470850759799;65.19736028691852
2025-01-20;56.221908048423764;50.522920307880696;63.54579569773222
2025-01-21;57.75172852073135;50.885948080293126;65.46193251494589
2025-01-22;57.409918442780494;51.805174356819144;64.65202624372787
2025-01-23;58.65484423262687;52.340310190737604;67.5669417116686
2025-01-24;56.42218134125049;50.15849823127545;64.7025029206169
2025-01-25;57.924286747760334;49.94099650498846;65.1989119211548
2025-01-26;57.61620973502451;50.674797231250594;65.24153953726187
2025-01-27;58.018667228044606;52.47283677824357;65.15184425154844
2025-01-28;56.516374371411345;50.922704216796895;63.48439403947235
2025-01-29;55.60168284830059;49.66761273607456;63.01513134155502
2025-01-30;57.2474861131563;50.78731417791286;64.68878668357631
2025-01-31;56.30145903215181;50.73941757167833;64.09690748158341
2025-02-01;58.05033284512061;50.52888194100693;65.68557101022498
2025-02-02;57.35566140019604;51.69286221808004;65.30934889142306
2025-02-03;56.27373386208639;49.85566345358835;63.04907970172551
2025-02-04;55.99634869966564;50.01298479239033;62.968229512848445
2025-02-05;56.5372057911417;50.268318632014314;62.79222732137916
2025-02-06;56.495776151954196;50.39028702205371;63.19042567681409
2025-02-07;56.43511089745388;50.36069986864434;63.505223890002256
2025-02-08;58.63244884952576;51.52784607209782;66.58275790290108
2025-02-09;58.073906271090195;51.18548590255721;65.8109905522368
2025-02-10;55.80231086288226;50.14137943130311;62.49540923278175
2025-02-11;56.29080027271701;49.84319268681733;62.27661221261467
2025-02-12;58.120256064649915;51.865853647961615;66.19912931104672
2025-02-13;56.20203840019112;50.53295246450317;63.69028618527865
2025-02-14;56.11869516317762;50.21820898750687;63.97164107041938
2025-02-15;57.54468970999322;51.03940514650779;65.17158855079158
2025-02-16;56.78169915069509;50.47018783155945;65.05832175723415
2025-02-17;55.29525297988673;49.19131237885402;62.44586951609651
2025-02-18;55.67508305123176;49.64965555304033;62.24784699921179
2025-02-19;55.297410937991;49.20277885766475;62.624862114919864
2025-02-20;55.98955983413823;50.9230414114957;65.50054677973841
2025-02-21;55.86772595641779;51.999309985197485;63.82135772888287
2025-02-22;58.43759460922236;51.38666305679279;65.86976041509534
2025-02-23;56.941630035467306;50.374047579362184;64.66381710787302
2025-02-24;55.44040835275279;49.234951139124036;62.48450522640815
2025-02-25;56.18148865570235;49.85350269252755;62.06815320170634
2025-02-26;55.84712615841753;49.63863246702286;63.451428401259555
2025-02-27;55.38967779357616;49.60323928364366;63.357502432333554
2025-02-28;56.838607972197046;50.422829145139836;64.64243858550982
2025-03-01;57.88547145078422;50.47576395505291;66.12424002183934
2025-03-02;59.1598100926369;52.931183472237926;67.79002624675816
2025-03-03;58.18958440636982;51.94452872932058;65.73714859765437
2025-03-04;57.805076666480886;51.84809495943068;65.73261744277876
2025-03-05;57.61933323431055;51.499216868883444;66.26841305721987
2025-03-06;58.042627628304395;51.27640968987957;66.34950032246651
2025-03-07;57.33539764104841;50.69191760442919;65.03622128246327
2025-03-08;59.6057143699715;52.26128147760737;67.84133722363276
2025-03-09;58.77849139482801;51.35285592704919;66.93371218991169
2025-03-10;56.820384581417755;50.6297415594302;64.56492295476107
2025-03-11;57.86867825312201;52.67632611266089;65.30337654443048
2025-03-12;56.131984044481904;50.715129523628036;63.801537298688295
2025-03-13;56.01711480030464;52.3447692592797;63.71362085035617
2025-03-14;57.871678922871645;52.095015760539745;66.49098475210002
2025-03-15;57.15508411210334;51.32751065209834;64.83845719086817
2025-03-16;57.91769663040827;52.36767334758305;65.24258183043403
2025-03-17;55.684749400321785;49.652751503390824;63.034478828243735
2025-03-18;58.51582331152571;52.42149465545609;66.22032227009177
2025-03-19;56.45878910177869;50.402024804240114;63.936942475102036
2025-03-20;56.242922390701146;50.428178571586564;63.42194454278676
2025-03-21;58.76463940974649;52.52646187436035;66.79471680584548
2025-03-22;59.092449103844984;53.07765898185206;66.58365940963249
2025-03-23;58.54395453932699;51.55605677645207;65.79939351758958
2025-03-24;55.93425704124847;50.20402463423521;62.99510993155756
2025-03-25;56.373975157525614;50.62373035274574;63.94228197706933
2025-03-26;55.767686723648914;49.84404212360563;63.04058561756691
2025-03-27;56.27882967170602;49.91800069223285;62.98575552548932
2025-03-28;56.111423901774714;50.686213284681585;63.73764582882856
2025-03-29;57.53226066751122;50.36591740017392;64.89767531693201
2025-03-30;57.272278893728085;50.19142854527143;65.15276614345484
2025-03-31;55.99481221775325;49.71075795002484;62.91973979351711
2025-04-01;55.85400546178302;49.70815541333654;62.151360423314316
2025-04-02;55.50125122978877;49.13556840202826;63.00269798305537
2025-04-03;59.01829706972353;52.728930016045716;66.73518688190131
2025-04-04;57.442586580139704;50.08130706659646;65.35540752398981
2025-04-05;59.12622215744169;52.82441164075178;67.3198945299852
2025-04-06;57.266402085707966;50.5294428430043;65.2074786331487
2025-04-07;55.49869169174211;49.76735931256164;62.795288679646184
2025-04-08;55.55621333942034;49.93322993615607;62.02326052332999
2025-04-09;55.79073828056772;50.06273420531908;62.8489424938479
2025-04-10;55.67154442002792;49.71534257524816;62.63782056612855
2025-04-11;55.71894430216197;50.39786524571092;64.06268779727435
2025-04-12;58.00302151845123;50.58944009566281;66.1573255525384
2025-04-13;57.378553619649004;49.21789239220618;64.40636693154347
2025-04-14;55.25608525941678;49.14475634986111;62.35062673411528
2025-04-15;56.997071191652836;50.55681142909074;64.64360470874814
2025-04-16;56.19159397026269;49.16696319041008;62.970712044877075
2025-04-17;57.7101631833139;50.09855429528784;65.68238500801586
2025-04-18;55.347142259829056;47.58775774048493;62.107533254328864
2025-04-19;57.150828213239954;50.15658220829107;64.04772631743978
2025-04-20;56.30428298174897;50.256538869225025;63.80061548126137
2025-04-21;55.371388966178756;50.16975961244633;63.26389914290018
2025-04-22;55.605985274401455;49.44156704233589;63.361925881149226
2025-04-23;55.37519536687405;49.76104034988764;62.60638434670678
2025-04-24;56.00782750399537;49.924062674603235;62.92794166447466
2025-04-25;56.52787665933545;50.9642768498464;63.20367143922836
2025-04-26;57.255271681944734;51.507862945430574;64.29457761743251
2025-04-27;57.11788597353828;51.0904791651368;64.43895607224111
2025-04-28;55.30441955736019;49.90569759783522;62.26300845332184
2025-04-29;55.84228799569867;49.71128308570603;62.151274871150555
2025-04-30;56.682451747944455;50.160301526726876;62.27721205871464
2025-05-01;58.27038054316109;51.21676785059251;66.68424524858676
2025-05-02;60.086319484287515;58.58035147077969;66.82835518337976
2025-05-03;57.09846023036765;57.116701466408806;64.80143788726508
2025-05-04;56.422703811328596;50.4757236215118;63.44438538574508
2025-05-05;55.39353278239303;49.29021644304391;62.93803665370231
2025-05-06;55.508019694677905;50.493736187327485;62.749833926478814
2025-05-07;56.267799007322864;50.20468702363366;62.64168383915259
2025-05-08;55.4563461087517;49.80393321923813;62.74913834805705
2025-05-09;55.8386586271137;49.457852235248126;63.69881930986189
2025-05-10;57.36503519516236;51.877182612873646;64.91450840444662
2025-05-11;57.62313463370696;52.78725506179374;64.46515754862462
2025-05-12;55.44800391942579;49.86143941709025;62.3077375547734
2025-05-13;55.5618356952007;49.71380728953284;62.22137180165065
2025-05-14;55.93652721019165;50.299944337656214;62.35084085589549
2025-05-15;56.764838884049944;51.64662664741513;65.11138343589724
2025-05-16;56.56691041119123;57.57900078680203;63.33531239703581
2025-05-17;57.05524677886683;53.070178003320095;63.92434119894805
2025-05-18;57.1056006753501;50.29972889611742;64.35197511957924
2025-05-19;54.979683597215974;49.163102476243466;61.64811568372621
2025-05-20;55.70001610938906;52.67217567791928;62.28145256962491
2025-05-21;55.987426884098184;50.37205604717377;62.86291777997259
2025-05-22;55.727889353516105;51.868879569001805;62.56068397658601
2025-05-23;55.94519981134309;52.32657950065313;63.60273020419099
2025-05-24;57.105803784713174;50.62686728759583;64.41825589647186
2025-05-25;57.1620046825847;51.03850671306141;64.06181998445246
2025-05-26;55.05190810767205;50.127293437773105;62.102537659575475
2025-05-27;55.392936740670365;50.294651532669846;62.13366058481617
2025-05-28;55.41640557624156;50.46496223510708;62.61080047607743
2025-05-29;55.669413966631815;50.445154930285;62.69566706263788
2025-05-30;57.81638135664858;50.66642765488951;63.95541343413932
2025-05-31;57.73591586861711;52.124024761644215;63.99388307064604
2025-06-01;58.02007588252249;51.33838680243108;64.02517190778991
2025-06-02;55.81583933925777;50.46375614803882;62.409809410348345
2025-06-03;56.29763963268338;50.443400113754976;62.06969260461851
2025-06-04;56.10400643482172;49.64530487241213;62.59999391059008
2025-06-05;55.83019156300666;49.85401952579048;62.90908887945332
2025-06-06;56.5240578700422;50.413845322163425;63.477440176091015
2025-06-07;57.524926283849986;51.10866883160423;64.32866517773603
2025-06-08;58.89220672233616;51.67495492912898;64.91755146336047
2025-06-09;56.15796448023119;49.69868156379887;62.15012214748328
2025-06-10;55.56908205197054;49.81744364168919;61.62496239267767
2025-06-11;56.157402012639224;50.25583564568308;62.08640000180766
2025-06-12;56.7126639393005;50.237873586567694;63.39697518162474
2025-06-13;56.8745193996409;51.07590849863894;63.56652430922307
2025-06-14;57.95317543490489;51.69936615251111;64.82245312610482
2025-06-15;57.865515944217556;51.38591022173635;64.341652768137
2025-06-16;56.096107323685686;51.134534124448905;62.48067974923338
2025-06-17;55.90446983002268;50.791866905182495;62.42171188529938
2025-06-18;56.53979493033926;50.901298112230094;62.362321958383134
2025-06-19;56.426271360353155;50.253240719982514;62.96156632968783
2025-06-20;56.84409176651923;51.26137220872061;63.96278817299646
2025-06-21;57.66419362326538;51.91475606325656;64.87974829662916
2025-06-22;58.21004685097981;51.38455645452879;65.25640918094214
2025-06-23;55.52477411350537;50.106594190858104;61.924216102113256
2025-06-24;56.114675150857074;50.830113372546734;62.18601570115705
2025-06-25;56.74174154894999;50.392564198517114;62.813846505022745
2025-06-26;56.3805542680922;51.795806171229856;63.41973737763035
2025-06-27;57.587360504939724;51.68013270478874;63.558162136190745
2025-06-28;58.30073745051635;51.81742373001998;64.32230082433661
2025-06-29;57.68117370178302;51.94360987657052;64.38675940904699
2025-06-30;56.262608629901464;51.104987683413874;62.473494118595085
2025-07-01;56.45420783305614;50.85240442838737;63.127051524751764
2025-07-02;56.86301718502659;51.08120993612614;62.75804325982393
2025-07-03;57.061760910571195;51.29636582432369;63.848235019968904
2025-07-04;58.35432585317086;53.73833169917574;64.93988414542757
2025-07-05;58.19649062959332;52.587665775360364;65.3788004673337
2025-07-06;58.12504433068797;51.043261881106304;72.88435365292565
2025-07-07;56.25240714359191;49.94050627512906;62.09315504401669
2025-07-08;57.348032018879906;51.18020629617476;63.37880140669479
2025-07-09;55.87585736070426;50.74315319897731;62.484928484469854
2025-07-10;56.54336209408313;50.3351078608453;63.318356269488504
2025-07-11;57.46631944135465;50.85134700065447;63.887391066598724
2025-07-12;56.890893179883506;50.96986295373296;63.9126273095429
2025-07-13;56.60591002513024;51.21403377707403;63.57902885935487
2025-07-14;56.08122832297497;49.84492772549248;62.23052527097957
2025-07-15;55.658758534015604;49.94050457123351;62.36858456195204
2025-07-16;56.14747414323489;50.607526260968314;62.46119196893403
2025-07-17;56.30955597826222;50.708420578093936;63.047509610415595
2025-07-18;55.87429937431486;51.17663522150315;63.505531635312465
2025-07-19;56.25896114996909;50.72756951922795;63.41675700648626
2025-07-20;57.35420493920036;50.773121237525004;63.542690189118346
2025-07-21;55.64042985771365;51.14149732358829;62.14167340274814
2025-07-22;55.412872325479476;49.73202652540409;61.95338483582171
2025-07-23;55.79419950139144;49.74841686758733;62.384046373602175
2025-07-24;56.711049854478794;50.94335086096116;63.14337644008198
2025-07-25;56.19206799594487;51.30636718260567;63.24996418087427
2025-07-26;55.663989607249384;50.125685783440545;63.117061297103724
2025-07-27;55.674480056437325;49.96908836878532;62.56525749309049
2025-07-28;55.887433770193404;49.78633347449524;62.13365391860323
2025-07-29;56.238043066859966;51.103140334062836;62.30710476083213
2025-07-30;56.00932354309233;50.56735651229331;62.599597622899516
2025-07-31;56.56777383300442;49.663323512138106;62.63999138475456
2025-08-01;56.22273077321659;50.78257902983016;63.24319752201431
2025-08-02;56.15912408382016;51.10794004588254;62.86557367403795
2025-08-03;55.8309918201943;50.06647530574372;62.60148397026298
2025-08-04;55.378139145331666;49.28435750646169;61.06507457986928
2025-08-05;55.40102284265363;49.32698496637493;61.33690357639439
2025-08-06;55.41122848398384;49.81515795940421;61.707558822698815
2025-08-07;55.42959621332425;49.44163421044097;62.08756693135846
2025-08-08;55.4605733817494;49.815203378450796;61.86241430336217
2025-08-09;55.93217572753349;49.60339621989468;62.425184594966574
2025-08-10;55.81983108183414;49.3459758767866;62.690939206177475
2025-08-11;54.88219159979107;48.851343184103165;61.60791648889531
2025-08-12;54.78057130462452;49.4698020624009;60.82127486369117
2025-08-13;54.895134541147776;48.94486614092252;61.17236865190512
2025-08-14;55.165959848436835;49.06236099559788;61.168320751656694
2025-08-15;54.927770093504094;48.95400355532901;61.931141416350144
2025-08-16;56.222211087900206;49.38996317212366;61.79740599387407
2025-08-17;54.90847107567877;48.85724659771596;61.797984373694874
2025-08-18;55.009709672348976;49.344627011862514;61.35470505947792
2025-08-19;54.73521957619623;48.79251698691763;61.241982724057394
2025-08-20;55.20015669271932;49.06204860334331;61.98342422540175
2025-08-21;55.617578118808524;49.06849355471833;61.62407814360522
2025-08-22;56.58919332036177;49.730390440046776;62.13380730460072
2025-08-23;55.57061489212005;48.857742792454474;62.46187941784406
2025-08-24;55.9551582919373;49.39742662510537;62.585588299220234
2025-08-25;55.56742601444255;49.22846821796156;62.33080948589232
2025-08-26;55.40015904166407;49.8655195544565;61.4814908857452
2025-08-27;55.32017739125849;48.49595786933832;61.74781658272572
2025-08-28;55.063975461255595;49.32985888190856;62.137007336297614
2025-08-29;55.76185694253326;50.33650174540311;62.41005933292887
2025-08-30;55.92605107648698;49.833494044663595;62.73030703507437
2025-08-31;56.841435005646105;50.17933011502569;63.918940236050105
2025-09-01;55.684849789792295;49.47043728719532;62.14268234099529
2025-09-02;55.588964489761096;49.96436183177525;61.89898742446018
2025-09-03;55.66517758379362;50.37137753213087;62.3053907555385
2025-09-04;56.140398446332796;50.20989707997963;62.66207865054427
2025-09-05;56.247191733056034;50.86461881720762;63.27050243727351
2025-09-06;57.334406766126634;52.332884591151505;64.36062138194718
2025-09-07;57.19658264073877;53.06801806312356;64.49095925872638
2025-09-08;54.87204867729265;57.249967247807795;61.853975661185025
2025-09-09;55.07615279355289;49.90123558151991;62.06754955382432
2025-09-10;55.03966761794659;49.902979240760686;62.53558887003187
2025-09-11;55.58458989964336;50.04146407269447;62.804029252647666
2025-09-12;56.19854064579121;50.20332522422582;63.91625095273882
2025-09-13;57.03246413219381;50.84817288171606;64.4988349978839
2025-09-14;57.21555959857041;53.0435283856606;64.10440161200385
2025-09-15;57.73961900837958;49.614960799626644;61.65535318128698
2025-09-16;55.56792208273235;49.43655265083674;61.93779305468391
2025-09-17;55.66649341344381;49.56814853678004;63.21813518536266
2025-09-18;56.5205746033827;49.505853567591956;63.040950535956135
2025-09-19;56.51717256805224;50.1063473845046;63.30397780722297
2025-09-20;57.30646004618286;50.33829377166925;65.07515097972423
2025-09-21;56.625760569071026;50.70662069022907;64.42393126794236
2025-09-22;55.07682533356601;49.09859925118667;62.382996385926326
2025-09-23;56.47468909398907;49.23933023646049;61.96226127430868
2025-09-24;55.488819487972656;49.769720413233685;62.62280599558682
2025-09-25;56.416015731871745;49.49315430223273;62.756008166525994
2025-09-26;56.03935570366033;49.690589124227;63.79570112417338
2025-09-27;56.85427004520684;51.02689763255839;68.32343710522976
2025-09-28;56.94114878684974;50.395522543303485;66.39524060952006
2025-09-29;55.42478340982023;49.491193547712314;62.643910867714574
2025-09-30;55.20200329613672;49.36015568360662;62.57587372472132
2025-10-01;55.565587452439416;49.98439061287832;62.75207103989607
2025-10-02;56.63935664143378;49.939983011296256;63.2805421655261
2025-10-03;56.157370261197045;50.03145655964882;63.83757613110207
2025-10-04;57.32848441741037;50.98639153661625;64.77875361303818
2025-10-05;57.35585835176315;50.214453639320446;65.38520027684075
2025-10-06;55.98228977638957;49.57715469759782;62.38238573903091
2025-10-07;55.76904251144036;50.09853111746624;62.83505479450605
2025-10-08;56.415747984662765;49.51215481232525;62.50673122451707
2025-10-09;56.779937175843315;49.51946017502374;62.76794389766532
2025-10-10;57.64690842466716;50.17639694963616;64.1457952822559
2025-10-11;59.71147686982856;51.05919818181842;64.48374592303706
2025-10-12;63.07040312752798;50.86291244146918;64.3463180720441
2025-10-13;55.61080489484062;49.07842069272121;62.41703706398774
2025-10-14;56.02236922528864;49.23362058503984;62.17846480772405
2025-10-15;55.662016101470414;49.879889637264554;62.44383835297606
2025-10-16;56.19635600756376;49.58879121003519;63.00203209556568
2025-10-17;56.03000486535872;50.34127081514864;64.00805605297664
2025-10-18;57.268899320618026;51.0434188813947;65.01710228573852
2025-10-19;57.25894101825276;50.13677543659203;64.42978264143323
2025-10-20;55.924748971546606;49.59038351265767;63.460309028979765
2025-10-21;56.38063870366162;50.29988637619777;62.996227611109965
2025-10-22;55.87658239108704;49.510073441905966;62.76618911453398
2025-10-23;56.911880623131765;51.74627736590694;64.45572494743207
2025-10-24;55.74886270639877;49.61880102494462;63.890693738214836
2025-10-25;57.422019877689515;50.58965340066193;65.11045357434473
2025-10-26;57.6497521044725;50.329309471721864;65.98242925656467
2025-10-27;55.87209549959722;49.244139875871085;63.14017270628007
2025-10-28;56.8918854137612;49.86209980673921;63.3872245245591
2025-10-29;59.10021028423034;53.636991913085794;66.48960445665728
2025-10-30;56.95878317601861;49.545593797851424;71.78884886189648
2025-10-31;56.672365560673256;50.43404207324635;68.26973799970804
2025-11-01;58.32825757362053;50.91358371572602;65.69483293497282
2025-11-02;56.998025688860565;49.378105097254526;64.83846188094628
2025-11-03;56.54729360620973;49.83533812386043;62.89579047765889
2025-11-04;56.11753517226509;50.366523200234354;63.05296067294863
2025-11-05;56.74477972269061;50.10258026611707;62.74340010249672
2025-11-06;58.54009171436062;51.152165299696264;64.97155722174449
2025-11-07;56.613625969666046;51.06059787135932;64.31096858634373
2025-11-08;58.43760858355117;51.02661734943994;66.1735221347215
2025-11-09;58.011410112989935;49.86213689272525;64.93285643934539
2025-11-10;55.86836679485658;48.93804563593062;63.4264479562728
2025-11-11;55.71198929049311;49.70494833488277;62.315071580187364
2025-11-12;56.42649883635794;50.82292324635002;63.088663030992564
2025-11-13;56.39031939784243;50.809938174128206;63.599788858116106
2025-11-14;60.164027084373416;54.27225488354477;67.46133872085213
2025-11-15;60.077915501076674;54.1960273020897;67.18265714399928
2025-11-16;58.241677295142225;50.23467547999766;65.78578643415423
2025-11-17;56.252603431176766;49.55329365846068;63.29116103154925
2025-11-18;56.459313509167245;50.959409526280844;63.32547330300174
2025-11-19;56.64996227369181;50.376272322334245;63.81695584392383
2025-11-20;57.29180251337554;50.179121772109944;64.01964894525462
2025-11-21;57.01263831355278;51.14539762783812;64.44311107735443
2025-11-22;58.02545655527557;50.8088319899948;65.639472567827
2025-11-23;57.836727662539715;49.5646966953554;65.52581461716943
2025-11-24;56.5554986241251;50.454460063376814;63.468299330838164
2025-11-25;57.24467834978572;51.13126659002472;64.12373183265548
2025-11-26;56.95103890629429;50.58497375792959;63.66813507431501
2025-11-27;57.33373628327126;51.139136041088406;64.05801843777313
2025-11-28;57.245815276828125;51.0197989981065;64.7443886259143
2025-11-29;58.666124701450414;51.19341196978391;66.39644463529154
2025-11-30;59.23295769204707;51.36749649765346;67.09758592278047
2025-12-01;56.80019346675911;50.27493899827695;63.371623000597154
2025-12-02;57.12560219775395;50.846319992724176;63.505047989867464
2025-12-03;57.494862756010406;50.830671661582414;64.73068977633991
2025-12-04;57.19522533290558;51.17028107671011;63.8331322250977
2025-12-05;57.02080769204311;50.74636149750171;64.69888550213523
2025-12-06;57.20335424551459;49.77373364467993;65.20019602225302
2025-12-07;56.86073298974513;48.92497885596586;64.75338770264881
2025-12-08;56.94972708674892;50.018901617167224;64.09225364848409
2025-12-09;56.37236112976257;50.04829964699286;62.681469796547375
2025-12-10;58.80789110480934;52.19392957943193;66.44379581688781
2025-12-11;57.745575776930245;51.158970839809854;65.04111272589383
2025-12-12;57.66628960181138;51.42290173085364;65.08952666009594
2025-12-13;58.19721527066661;51.969209392494264;66.19941822522964
2025-12-14;57.99716313641171;51.635015980193685;65.80328558472705
2025-12-15;56.30322439308593;49.29139179926097;63.318349362203804
2025-12-16;59.43097177846913;53.514777437371265;66.55358786336892
2025-12-17;57.5632864668478;51.741806318139716;64.35923819451713
2025-12-18;56.76124679043603;50.47124059680886;64.58022233453867
2025-12-19;57.35075801186673;51.098054405181195;65.49478770111392
2025-12-20;58.36703915692959;51.190309670140415;66.28776740602332
2025-12-21;60.15297218790661;53.626887422497134;68.48828373070103
2025-12-22;57.0856781837955;50.6839777527643;64.59117517038162
2025-12-23;57.02543256802889;51.09125209599739;64.01691778209289
2025-12-24;56.75891066965026;50.17285462027275;64.21217813273172
2025-12-25;59.53628725127043;60.59905506161671;64.24823885542929
2025-12-26;56.14103372831509;49.129314425936464;63.054966450225194
2025-12-27;59.125127880657224;50.10720280703683;65.01697886900685
2025-12-28;56.85715953591186;50.12654915104974;64.32418731110423
2025-12-29;56.498281772858235;49.85697210606524;63.338540922991406
2025-12-30;56.83876699427052;52.43956727007979;63.67788796486665
2025-12-31;57.29959956626403;50.66859453668276;64.30011307581779
