FECHA;Cluster_0;Cluster_1;Cluster_2
2015-01-02;68.44343091368435;58.328823305440835;63.24130429705791
2015-01-03;67.15397300195761;55.739408832969985;62.28882378424067
2015-01-04;66.51354616325483;56.35692950135733;62.63620088851749
2015-01-05;68.92867758402674;58.00176717428294;63.888313689796334
2015-01-06;66.43368536022095;58.03909312678229;62.193895357898235
2015-01-07;68.90101039059164;56.96581977692986;63.85422347655522
2015-01-08;69.16482755836638;57.26340719849597;64.16439719263525
2015-01-09;69.10495599705042;57.639743206833074;63.7657653657157
2015-01-10;67.52064659385793;55.414931582277575;62.13858570041527
2015-01-11;66.5596494560134;55.63556672080274;61.60500209520933
2015-01-12;69.15233301392288;57.4372503484399;63.863932484394425
2015-01-13;69.04436015439246;56.913323960272855;63.6019865597531
2015-01-14;69.28699140116775;56.56373438925925;63.63957778355308
2015-01-15;69.20430359956595;57.44754839853577;63.894030528547184
2015-01-16;69.5729131815536;56.84906984372287;63.943514165178776
2015-01-17;67.6171827981704;54.98261803034305;62.04899780531272
2015-01-18;67.0867215274741;54.53393338753757;61.33195078252658
2015-01-19;69.48003513814304;57.289065088704724;63.85583666070774
2015-01-20;69.36262562225055;56.3519367862832;63.27233086965797
2015-01-21;69.64604898593656;56.628924045239586;63.808258071462106
2015-01-22;69.54580511345318;57.289832194949724;63.73349751949785
2015-01-23;69.37467654801773;56.515915799128024;63.63571366360307
2015-01-24;67.40915267740948;54.98701273624845;62.3618499878405
2015-01-25;66.54589266766772;55.20239582070123;60.98875972973807
2015-01-26;68.9471569293002;56.898664831521586;63.23267742470526
2015-01-27;69.0750899357205;57.65629628126482;63.42257204721825
2015-01-28;68.9547309476177;57.2832135379847;63.67886866376513
2015-01-29;69.33468608724885;56.94089380727016;63.76391705148989
2015-01-30;69.58880320570358;57.693047850962174;63.73209689417348
2015-01-31;68.07422603126233;55.93748902661837;63.16817609574549
2015-02-01;67.0191522969406;54.534872133126655;61.62698402505758
2015-02-02;70.15367139455185;57.27453876887385;64.4530280090734
2015-02-03;70.01711968605352;57.21510620266855;64.39835661294144
2015-02-04;69.51350673382065;56.49729438862963;63.77374316622835
2015-02-05;69.50925793980683;57.17991574175424;63.76757350985302
2015-02-06;69.5526890229345;56.474104226504345;63.69740302298035
2015-02-07;67.81506183226158;54.97442229467801;62.549174782983705
2015-02-08;66.89536166051381;54.4525957660463;61.797096377238454
2015-02-09;69.12860060089301;56.48164168300957;63.36117020712536
2015-02-10;69.15570740234762;56.17923029928658;64.26844750257865
2015-02-11;69.34937246600987;57.35678442407061;63.71052013868911
2015-02-12;69.60363044761114;57.30269845869187;63.707582573874824
2015-02-13;69.07722758601413;57.287784231451056;63.381668240368974
2015-02-14;67.39796998200116;55.03346987288922;61.79553309034997
2015-02-15;66.69831151563004;55.259848367417035;61.131121915997724
2015-02-16;69.05777772837976;56.43088214350145;63.27541778564617
2015-02-17;69.76242546412084;58.83209636379953;64.21978588152375
2015-02-18;69.19293898301109;56.567434051857894;63.92976726358937
2015-02-19;69.28942466916794;56.555955240135376;63.53123509948884
2015-02-20;69.27411234235555;57.074730504070715;64.10253777475758
2015-02-21;67.86833945081563;55.79689444685751;62.257046731864776
2015-02-22;66.57653908514837;56.12841512014402;61.86767875906323
2015-02-23;69.02722879744378;57.02453043690747;63.568232786409354
2015-02-24;69.0488149000137;57.15274239926582;63.52716102630151
2015-02-25;68.91423536800232;57.475630550104114;63.47355688876434
2015-02-26;69.12771911698658;56.85941220872151;63.47763491851386
2015-02-27;68.87694058070801;56.80554038802398;63.21661948307869
2015-02-28;67.29704536411217;55.92666328844096;62.16412180855264
2015-03-01;66.60948175741072;56.407892642813515;60.887083095365526
2015-03-02;68.80082812889302;56.75206050465026;63.034319057685686
2015-03-03;69.11241396915156;57.24028366809637;63.077286605289174
2015-03-04;68.69009089239822;56.81384537222967;63.19508846962493
2015-03-05;68.86043353236806;56.275298574211604;62.91661788688778
2015-03-06;68.57063006521759;56.81269704958484;62.915827976968885
2015-03-07;66.78504219833289;56.40502072717049;61.72831609117095
2015-03-08;66.00849387993273;55.70676073312552;60.82897584931775
2015-03-09;68.30984500490118;57.356702200226046;62.66606028399848
2015-03-10;68.4574340574789;56.86892292786817;62.53350974067039
2015-03-11;68.43869549166607;56.64635497227547;62.7867112716101
2015-03-12;68.73166590831305;57.94117535703996;62.72202363653637
2015-03-13;68.8389451601945;58.35465036214956;63.47926312187876
2015-03-14;66.91067565977269;55.72359756225271;61.481481816581194
2015-03-15;66.58148526811972;54.85010113082044;60.55038812332886
2015-03-16;68.72386674324719;57.57668741557515;62.851174226773246
2015-03-17;68.90160854435844;56.77322412561438;63.328906383244146
2015-03-18;70.74371906450946;58.13746168564065;64.67650023795456
2015-03-19;67.99654502755615;55.620852414349436;61.864255996451064
2015-03-20;69.1937988103724;57.39632099649281;63.8435564188438
2015-03-21;69.34621678453827;56.59318347613822;62.882784404175894
2015-03-22;68.87532087341414;54.83862454652758;61.34753277153477
2015-03-23;71.40555168300722;58.80771402305369;65.02995486948531
2015-03-24;69.58990966219913;58.10173052037278;63.799436221723205
2015-03-25;69.23392473283629;58.713562543470445;63.60729367732682
2015-03-26;69.09329823739344;57.96281870457183;63.60689520325158
2015-03-27;68.84361906268424;57.631886233499046;63.02002258860169
2015-03-28;67.02670429030167;55.69315664711902;61.9078439101705
2015-03-29;65.64866841647118;54.99307833203635;60.16583480022403
2015-03-30;67.79240331788515;58.162768353192796;61.931424010830575
2015-03-31;67.43136578582843;56.83735411287011;62.087563247131364
2015-04-01;67.43899737742365;56.84579991299266;62.179521425367874
2015-04-02;64.51616778178828;53.940431464115015;59.199142648447676
2015-04-03;64.49264295761148;54.39509706778451;58.77080927687967
2015-04-04;65.02619337140538;54.14306807578703;59.7767027408881
2015-04-05;64.77482883440464;54.38366208695261;59.61361959656466
2015-04-06;67.68045515493255;56.5364724050323;62.27894617953575
2015-04-07;68.38893042905376;57.12548095261849;62.56667223483569
2015-04-08;68.1284999655837;57.30728456844169;62.71971616768602
2015-04-09;70.14337622407182;57.574184358395755;64.88767922169947
2015-04-10;69.10998633540224;57.411193985862354;63.87457274904824
2015-04-11;67.3233437563586;55.91694902320959;66.15802254574712
2015-04-12;66.16620217418671;55.3039056323998;60.972066043974166
2015-04-13;68.66822755303511;57.35970835360794;63.000077712048764
2015-04-14;68.4220051087634;56.79944410265421;62.812972942021965
2015-04-15;68.42707784303117;56.26422208791031;62.618474584179495
2015-04-16;69.12618774678445;57.13700378325765;63.561863955068546
2015-04-17;68.4812628228992;57.40032815033964;63.25987665266054
2015-04-18;66.72299406527347;56.100589163803576;61.279776115507225
2015-04-19;65.97010007372168;54.989261822283225;60.91788214296379
2015-04-20;68.30144118565627;56.98344505671557;62.89748819261179
2015-04-21;68.30983641694245;57.57430336958811;62.82577229674156
2015-04-22;68.48427071550272;56.64430824449796;62.523526527652756
2015-04-23;69.27589850872528;56.9723639571683;62.69267777792709
2015-04-24;68.2576194816233;57.00392071447571;63.29752480094797
2015-04-25;66.81665977282697;55.56002498056885;61.40029134981777
2015-04-26;68.07369885896514;56.89775730533887;62.44588115955611
2015-04-27;69.11750931883671;57.54966809085759;63.30270735651111
2015-04-28;68.97487307604932;57.224519445022494;62.86096318399724
2015-04-29;68.43240355040811;57.17116029634657;62.58876644830157
2015-04-30;68.50484546120882;59.24948464666515;63.24104332575334
2015-05-01;65.65945941817006;55.3237842130367;60.20116507169731
2015-05-02;65.85632539142796;55.12389935243054;60.380524849443916
2015-05-03;65.60877714435554;54.715487329262665;61.708056320916285
2015-05-04;68.04989477937221;56.59621350188892;62.68905079777346
2015-05-05;68.37830354398531;56.93963348628593;62.55042198323381
2015-05-06;68.36077963456059;59.47056151112019;62.37070928756053
2015-05-07;68.19246638509733;57.57566438679676;62.69434860169521
2015-05-08;67.85534922367948;56.89167837632513;62.6270133743381
2015-05-09;66.45123143634797;55.82583421695108;61.12920644980364
2015-05-10;66.150527150239;55.23000505012385;60.34773266673823
2015-05-11;68.29969249362806;57.50787864537578;62.264533749569864
2015-05-12;68.03615280539016;58.41613336006412;62.200088183399494
2015-05-13;68.24032453345832;57.37035436446975;62.27701361893789
2015-05-14;68.20938211998698;57.99266396625141;62.48727184226861
2015-05-15;65.99184217782658;55.892014916851224;60.38044706622444
2015-05-16;65.96736423105155;55.45503157453493;60.4717353442696
2015-05-17;65.16494681173911;55.14073781968054;60.00113692549271
2015-05-18;68.4513528909524;56.31753588775547;62.33023337746793
2015-05-19;68.42231353123697;58.13302126537924;63.154706134161955
2015-05-20;68.45701535573943;56.61739219258655;62.51884239010444
2015-05-21;68.36576001942453;56.67791111897115;62.64288853300599
2015-05-22;67.53807885179985;57.60276883783821;62.85046800251567
2015-05-23;66.2825329968763;56.43519160033947;61.155453995160336
2015-05-24;66.25036616153653;59.462052701534624;60.11525733401947
2015-05-25;68.11945380397492;57.20984022528821;62.69278919591228
2015-05-26;68.30233723314358;56.63301718755085;62.52411605364554
2015-05-27;68.34337883606938;57.218833623500025;62.40710966494173
2015-05-28;68.31558565668236;57.232997004779484;62.28325410881807
2015-05-29;67.71358651734441;57.61326339145785;62.4786728275602
2015-05-30;66.40312836496815;55.32315195064443;60.75146862733572
2015-05-31;65.47406370440677;55.1452410753177;59.539279674209276
2015-06-01;68.08804084798167;57.794381762028245;62.26863668613527
2015-06-02;68.3160663634838;57.34332485709976;62.40685637838016
2015-06-03;68.41928304176756;58.321587550166115;62.670887786328755
2015-06-04;65.75556796089336;55.48588062009229;59.923924365774816
2015-06-05;67.70024359061658;56.735578539466104;61.911088806227745
2015-06-06;65.7994154201358;54.88177040312168;60.176395984061735
2015-06-07;65.95881113587716;54.86471727141226;59.3866870457792
2015-06-08;68.06743444854374;58.09349402829491;62.1650918669589
2015-06-09;68.24461754429787;56.462897541274145;62.981882824183
2015-06-10;68.59925293001034;57.25862166920733;62.7378392847134
2015-06-11;69.72927076309523;62.08594949108762;64.473296654888
2015-06-12;68.81649695491815;57.48414451880403;63.423735471187015
2015-06-13;66.9117920966102;55.924030899753056;60.992359168911804
2015-06-14;66.1101559724635;55.702828348442026;60.61980583262088
2015-06-15;69.32130975219235;56.603989265535304;63.543415975757625
2015-06-16;68.58085641957273;57.63502031451637;62.9316553794483
2015-06-17;68.42845514475081;57.21723977720976;62.78268439597322
2015-06-18;68.44351600880653;56.320727617824716;62.94355461703839
2015-06-19;68.18670753991324;56.43238438353903;62.423533295321135
2015-06-20;66.54992709574371;53.906964417415196;60.51422860404542
2015-06-21;65.63034183946627;54.98313518903232;59.163302113389165
2015-06-22;67.98590838232856;56.49544756058367;62.239200747391806
2015-06-23;68.79456793349522;57.118063670184576;62.31711089097337
2015-06-24;68.88281601450377;57.94987626906757;62.601159105581175
2015-06-25;69.57964141676521;56.85662609900629;62.4615240907557
2015-06-26;68.35218137998064;56.63182139369174;62.646886787700765
2015-06-27;67.30250068107571;54.44314684976794;60.306118995173094
2015-06-28;64.72192385180495;54.06874357002277;59.07160822920137
2015-06-29;69.79754471926364;57.36277393218675;62.27965297062646
2015-06-30;70.28923106239552;57.80593759774579;62.502939633037656
2015-07-01;70.09586554662353;56.8448050081821;62.89142934162757
2015-07-02;70.98942085581992;56.281366052878155;63.026545085732835
2015-07-03;69.82539495452514;56.47046596798206;62.32732306691793
2015-07-04;67.9234386771892;55.30179238763942;60.531237667450995
2015-07-05;64.9894558579152;54.36154185374117;59.691657892884805
2015-07-06;68.64603846599452;56.90411917668024;62.12672834082313
2015-07-07;68.87462610762515;56.37087288699766;62.560319966167235
2015-07-08;68.61830219021624;56.15656457823896;62.16334599600046
2015-07-09;68.93148017077078;57.00609801995806;62.33623911622426
2015-07-10;68.82003140073357;59.209616311330684;62.36146388149212
2015-07-11;66.74400779010165;54.91177998999552;61.203708816351885
2015-07-12;65.84471389196293;54.39068120603793;59.81453101508371
2015-07-13;68.27676386551772;56.33914763455101;61.95342445586529
2015-07-14;68.14224234162376;60.78420537483535;62.30558322204685
2015-07-15;68.02927293850675;57.046383879878;62.05459811315869
2015-07-16;68.58426709443455;56.72027086496777;62.39476005875208
2015-07-17;67.97780221023731;56.88593097005699;62.091090618994365
2015-07-18;66.20526352785012;54.61310818996648;61.092648324708506
2015-07-19;65.13125204832804;54.336995689695385;60.040946941846784
2015-07-20;67.92848903465598;56.34555551593322;62.16619081432542
2015-07-21;67.84093255190798;56.605771659252255;61.699438826192726
2015-07-22;68.24938289116245;57.15852833793534;62.1892543246775
2015-07-23;67.89964400353334;56.631543672528764;61.80260725323034
2015-07-24;67.70127303377274;57.00017385981961;62.0219086835515
2015-07-25;66.20803777189457;54.91436912105614;59.95618537195415
2015-07-26;64.09241121280576;53.412483356946666;58.932677575883766
2015-07-27;68.18871922733065;55.69645014711406;61.744024571167984
2015-07-28;68.57612662623153;55.639024239475425;61.65457706456734
2015-07-29;68.0978285972983;56.071350143135355;61.27720132450527
2015-07-30;68.61177307777986;57.95293251526188;61.83280245764532
2015-07-31;67.84532980828358;56.625344688124045;61.72759362135534
2015-08-01;65.48250708886022;53.4177995234449;60.100060975387784
2015-08-02;64.07873199682082;53.332586368162964;58.76752474580472
2015-08-03;66.99953084999636;55.2178581988974;61.85049979679586
2015-08-04;67.0010759990699;54.60084587324724;61.18758461880644
2015-08-05;66.99156657550203;55.16718016660178;61.08057995344567
2015-08-06;66.88891512258594;56.00133912581457;61.277225625468844
2015-08-07;66.87072051335423;56.81276374878628;60.91721831096203
2015-08-08;64.56403681595451;54.651443278902185;59.08033721339265
2015-08-09;63.63308031921724;52.45882190699;58.34005554707207
2015-08-10;66.5809620600211;55.32697128145522;60.690673843365545
2015-08-11;67.07424039394265;55.46467501057431;60.88346803321862
2015-08-12;66.9197639769505;57.06263478907739;60.89099607669604
2015-08-13;67.02168950264732;54.96338983726439;61.1698887554678
2015-08-14;66.89753506737388;55.081972611586316;60.90550864118412
2015-08-15;64.02133697518467;53.453478169684416;58.73298140134587
2015-08-16;63.957188655630674;52.64745501698052;58.53562503992851
2015-08-17;66.44459144482778;55.60405165451875;60.885830652248
2015-08-18;66.61360902513546;55.00811521561214;61.08003527492414
2015-08-19;66.8241221646831;55.70052591944502;60.91290308126275
2015-08-20;66.56832380668769;55.04033185384134;60.99195915416415
2015-08-21;66.65107390736696;54.39827789247323;60.973322657448094
2015-08-22;64.69909550133036;53.860715492836334;59.189928921660965
2015-08-23;64.16347850524213;55.30237646379847;58.93279232408805
2015-08-24;66.8907743501941;55.42363891937811;61.27180502383469
2015-08-25;66.80986337565645;56.791478533085346;61.758564641082145
2015-08-26;67.34960535015082;54.582647669390965;61.2283400718257
2015-08-27;67.31904480814165;55.38240229095433;61.596056591844935
2015-08-28;67.11139702403935;54.589180883455086;61.03088986202329
2015-08-29;64.92536678132252;53.17275214455833;59.38143306822014
2015-08-30;64.43774219312635;53.787815024526;58.94340276052852
2015-08-31;68.08509392484983;55.70766712291909;62.03213672783921
2015-09-01;67.73051835697818;59.3452489053876;62.10737608265088
2015-09-02;67.95340861877251;58.65773340289201;61.93866090731446
2015-09-03;67.79763884912958;56.020868918688876;61.992979638584984
2015-09-04;68.86147072741159;58.476441841977895;62.40755433618429
2015-09-05;65.68228441882988;54.53400199068091;60.2399185283825
2015-09-06;65.37135126331803;53.53084907248431;59.50240033306897
2015-09-07;67.89786460676838;55.282966599423304;62.255879632407726
2015-09-08;68.03741182615589;57.113462144599126;62.35136060911386
2015-09-09;68.01945707017941;55.854824676312404;62.46968649110286
2015-09-10;68.06374768827608;55.50337028471433;62.49870017931174
2015-09-11;68.31509188650989;55.77207486339161;62.310294140934694
2015-09-12;65.71710447337374;54.754359712253176;60.368445835304236
2015-09-13;65.03133821290596;54.515569081441065;59.862725867945734
2015-09-14;68.26027951269461;55.834014938695304;62.68814382409471
2015-09-15;68.46871887912735;57.069588746719546;62.84174839839571
2015-09-16;69.04426412047842;58.63902630174088;63.517532948146915
2015-09-17;68.63368638964344;57.1378609273733;62.772135172459535
2015-09-18;68.49680515471861;57.23765547059944;62.73457216003413
2015-09-19;66.05884697226202;54.82065878589138;61.07493904113977
2015-09-20;65.54520149331644;54.747898376054934;59.740310889833275
2015-09-21;68.13268912367162;56.58447443875371;62.27559058626569
2015-09-22;68.17539271933654;56.588312368619114;62.04331833597129
2015-09-23;68.27019625638292;56.643738893870754;62.53581943458379
2015-09-24;68.33410818541154;55.88088169783262;62.39568064138355
2015-09-25;68.25947327646647;55.63186159203491;62.31528414860253
2015-09-26;66.12037952637115;54.54498533941708;60.2845988036798
2015-09-27;65.49410451302893;54.491755294201106;59.82556991451041
2015-09-28;68.36747193516642;56.271589624377825;62.45638217523451
2015-09-29;68.35101397582777;56.96276532307821;63.12702853748725
2015-09-30;68.42705628837498;56.28431587653213;62.94272379048994
2015-10-01;68.6347931346174;57.93647063511731;63.37961168629701
2015-10-02;68.42074431549106;56.20440631824705;62.715905021734656
2015-10-03;66.36878387674723;54.55080491543981;61.053244291599206
2015-10-04;66.87821594542156;54.92844557754184;60.585581135215065
2015-10-05;68.89327943658705;57.09001829210009;63.121954649279616
2015-10-06;69.05215752314388;57.163917624301;63.22508035526294
2015-10-07;68.69975707403522;56.59808246098352;62.832917695895496
2015-10-08;68.61354187925761;59.55627773283332;63.02792384457852
2015-10-09;68.66248996699942;57.47994497186832;63.20664005242008
2015-10-10;66.66551820943016;54.66690905303318;60.96260326674172
2015-10-11;66.5870590013648;54.01380233505445;60.711821368063696
2015-10-12;67.40217697930377;56.974538884538134;60.836661634678364
2015-10-13;69.05756402264254;57.71359707627034;63.29823634101175
2015-10-14;68.7489956545332;57.04452637997086;63.79121611998765
2015-10-15;68.66762302368198;57.444193635923625;63.03793235969501
2015-10-16;68.53662638539011;57.65480978119908;62.920740399698886
2015-10-17;67.08844873534018;54.89989190266796;61.386741311576486
2015-10-18;67.17283799965617;54.44482805848372;61.200307402571525
2015-10-19;69.2047034182166;57.35508284334976;63.09051210266744
2015-10-20;68.68825421073561;56.698095477625415;62.97451025618557
2015-10-21;68.8641327903635;56.95469352519653;63.1561028989142
2015-10-22;68.82338992836053;57.00614648603258;63.150189338453444
2015-10-23;68.68352959771498;57.280786084682795;63.0675643978394
2015-10-24;67.13721933310205;55.85731788847228;61.713792566341496
2015-10-25;66.34996071632246;55.83243978005724;60.58789433007831
2015-10-26;68.77071193376155;56.84336472113244;63.2924503376399
2015-10-27;69.09047355712828;58.21102014728149;63.264962959777975
2015-10-28;69.38927117400767;57.17150587567361;63.825485366884706
2015-10-29;68.93399314508925;56.97309200261689;63.186626625033036
2015-10-30;68.44615445358363;57.000289950639534;63.55821728940094
2015-10-31;67.34956707877944;55.09135530028048;61.24437797157964
2015-11-01;67.74691748081041;55.13658438852321;61.15958658122892
2015-11-02;70.39712195622802;58.27501050420423;64.35808022056898
2015-11-03;69.60877138553406;58.166028101493396;63.69024027673258
2015-11-04;69.13949580262702;57.78804981558856;63.67938461538027
2015-11-05;69.18270542949652;56.822496856396725;63.33498272450967
2015-11-06;68.54223990782262;57.44160364666626;63.26203777680725
2015-11-07;67.19418572475134;55.098090034642894;61.68991330025215
2015-11-08;66.48874775413415;55.147885453193126;60.444152435651844
2015-11-09;67.97888964866937;55.43493421796534;61.76254474459583
2015-11-10;68.92786843364263;56.75945885523599;63.29636433593628
2015-11-11;68.85539210691948;56.78367162255441;63.208530535229386
2015-11-12;68.85342960749875;57.12758409490774;62.93263738286362
2015-11-13;68.01555052747963;56.82777719488175;63.12164854788043
2015-11-14;67.18894444160443;54.91362233097696;61.97695410646212
2015-11-15;66.3615575933505;55.58205271648416;60.84708369746032
2015-11-16;69.12616499553447;57.37038712046698;63.08782118166094
2015-11-17;69.01749928532887;57.67727202999246;63.13463220722349
2015-11-18;68.73947011691912;60.73773097848036;63.25540553996877
2015-11-19;69.21969241624909;56.9443504758189;63.08215910951226
2015-11-20;68.83027174947848;56.854128922125696;67.42723638197567
2015-11-21;67.5445902626627;55.93829336588776;62.20716491230134
2015-11-22;66.41087686441861;55.04316651405449;61.414294341240605
2015-11-23;68.88853076807189;56.78957005499658;62.99462145738307
2015-11-24;68.9230801510477;57.16388491135063;63.03048852997803
2015-11-25;68.84480880730985;56.84165394942622;63.24886355306799
2015-11-26;69.0108570520396;57.18837667107252;63.37585434869372
2015-11-27;67.79754389904608;56.820956619120366;63.11405099562097
2015-11-28;66.61407560968263;55.41055739766149;61.74657978732662
2015-11-29;65.57406995184292;55.46151007229234;60.5761020193369
2015-11-30;68.8769464726061;57.691343670227525;66.24045212281405
2015-12-01;67.63409591363158;58.957517703459146;63.065068217119695
2015-12-02;68.58271342327266;57.99807731905198;63.35557167888561
2015-12-03;69.0598050413859;58.92415520028454;63.37897725321259
2015-12-04;69.12943861445704;57.28344433097307;63.717812746143345
2015-12-05;67.028021594804;55.5403823687283;61.64274166113185
2015-12-06;65.97719295094443;54.707561278669694;60.38497795004759
2015-12-07;68.13271429844183;56.97759049548959;62.73094250883613
2015-12-08;66.32423576681165;57.81570684126027;61.905592474188595
2015-12-09;68.96920390336155;57.10365154819443;63.462843735558664
2015-12-10;69.1309789879062;57.38402275169052;63.77889255797919
2015-12-11;69.08945415896211;56.899440711666614;63.293980536357935
2015-12-12;67.35064950595296;55.24072704341593;62.376996594952715
2015-12-13;66.45372248739939;55.23549648357743;62.21938543700443
2015-12-14;68.8408934221603;57.71952126298832;64.20924872403837
2015-12-15;69.53432426451593;60.308879628249734;63.83477358747085
2015-12-16;69.3611074998864;56.54041229857916;63.58601449521242
2015-12-17;69.74103002041944;57.87557998267392;63.550624749215515
2015-12-18;69.83425497326449;57.17088232066076;63.94103066260088
2015-12-19;68.30762406635144;56.03983569326547;63.18386977510865
2015-12-20;66.7780843465243;55.17070014051886;62.074250326918865
2015-12-21;69.10919190863878;56.72434155202569;64.11306418381851
2015-12-22;69.03970732071299;57.22369577991728;63.8203646916379
2015-12-23;69.0275830200313;58.472610114701936;63.71315886129647
2015-12-24;68.38029825686749;57.99944323293908;63.89955682404235
2015-12-25;65.26950299075119;56.78368355469706;61.78333396307952
2015-12-26;66.44123313206607;55.26623968101366;62.52869191522394
2015-12-27;65.9613945240499;58.0810974157668;63.222131957373534
2015-12-28;68.58301144511645;56.80960484618056;63.863877597784715
2015-12-29;68.45862777619531;56.593898484374975;63.62183973251061
2015-12-30;68.27090416233541;56.878547697667116;63.729987039858116
2015-12-31;68.5405809885668;60.38583333176304;62.75133082948153
2016-01-01;66.10436048516407;55.52635165062804;60.142900010435426
2016-01-02;67.30839427492265;61.84954458926893;62.38613977804177
2016-01-03;66.6248041159029;54.963555900490285;61.37684901405607
2016-01-04;69.31015708486487;59.10559092025461;64.52687605711085
2016-01-05;68.36729821524264;56.613511889432964;63.8283800528124
2016-01-06;66.79091359554145;55.47736229456835;61.02414813949525
2016-01-07;68.90563349446226;57.08517009322929;63.584829490457935
2016-01-08;68.90900035839063;56.71322767103628;63.731915375859806
2016-01-09;67.75558691799722;55.92772133569075;62.21144620082413
2016-01-10;68.05159902085822;56.08263334937179;62.3977859423203
2016-01-11;69.69088498085392;58.16962610362953;64.30450857995763
2016-01-12;69.57133784351771;58.750916062360545;63.676848830424895
2016-01-13;69.07253028624699;57.36182183127404;63.65427201808883
2016-01-14;70.17898381712236;57.761132617003035;64.49474466272285
2016-01-15;69.74995745824;57.547578194855824;64.58012012719261
2016-01-16;67.4277399058772;55.655696807984405;62.057589639992045
2016-01-17;66.78865684018491;54.6883611936446;61.116788968814824
2016-01-18;69.22226632926352;57.165799679246646;63.67674616124511
2016-01-19;69.13422148418299;56.46755788853789;63.45946976294475
2016-01-20;70.49484876208648;56.787104782994284;63.58628961946671
2016-01-21;69.17018823503443;57.417064816481655;63.549146219408726
2016-01-22;69.33419089146524;57.11612939230182;63.74399166637242
2016-01-23;67.57300539759281;55.556220187248925;62.030867495802056
2016-01-24;66.28339217058647;56.52275862062627;60.885926624957534
2016-01-25;68.76380750702515;58.96488166615275;63.21362120404683
2016-01-26;68.93853864477562;56.697631992669415;63.27683752075196
2016-01-27;69.10635953801935;56.56469182975862;63.34351766656242
2016-01-28;69.75822460761191;57.24135221827691;63.96419085907226
2016-01-29;69.62422354248577;57.9703982327836;63.82980387823377
2016-01-30;67.61175333901657;55.56707718778004;62.11685693899274
2016-01-31;66.49527581171144;55.290737207614484;60.83743585977387
2016-02-01;69.0836134786207;56.50846981184089;63.11444901186312
2016-02-02;68.9101294907079;56.50477087605879;63.17993415118893
2016-02-03;69.41834950444883;57.03888035712711;63.45476626333978
2016-02-04;69.08900364535567;56.944398950075495;63.35874122696787
2016-02-05;69.35096052126414;57.66866285004794;63.72960678907472
2016-02-06;67.45836117208998;55.84459417430645;62.21448787829872
2016-02-07;66.63208364556372;56.45608316946099;61.569833174992226
2016-02-08;69.15595457707072;57.12955798952208;63.72213130243685
2016-02-09;69.43031543532837;58.37742048321874;64.06064126426236
2016-02-10;69.32156735465838;58.30470734325001;63.93482570123069
2016-02-11;69.85571597745887;58.25328495853337;64.124777227321
2016-02-12;70.80950286710751;59.28428228863193;65.2945558078741
2016-02-13;68.2788639595942;56.1519943271215;62.52383765203273
2016-02-14;67.69251260387406;55.3029600469733;62.41107103201023
2016-02-15;69.2663714318483;57.10400643120701;64.11797269236189
2016-02-16;69.10668406053131;57.321509629135896;64.20284619196671
2016-02-17;69.3679919105017;56.44044804656954;64.31938381149098
2016-02-18;70.36677870217719;56.65862584614481;63.85045469516466
2016-02-19;69.00571585922894;62.59405508519292;63.56303490564923
2016-02-20;67.06444584729297;56.966463756626304;61.65725782484286
2016-02-21;66.07996349180218;55.06141604635796;60.707594574663915
2016-02-22;68.6840906088789;63.088127936782534;63.192957756818245
2016-02-23;68.65316587941543;57.20135271852176;63.46864902679762
2016-02-24;69.19562805502079;58.219100869596446;63.65014242500432
2016-02-25;69.30531840422142;57.86144982505847;63.538634787467956
2016-02-26;70.57563573977525;58.68541017531237;64.85689186346146
2016-02-27;67.6808747931511;56.54912267401697;62.2149169871459
2016-02-28;66.56279655545772;54.75518115666064;61.409520037036785
2016-02-29;68.6505319197664;56.6067286240256;63.15862675907158
2016-03-01;68.74211832225177;60.39713317557825;63.04936908891947
2016-03-02;68.85498320042926;66.56091151507067;63.374618364410125
2016-03-03;68.95716225519608;57.27035623215525;64.732725901508
2016-03-04;68.88221796702899;57.38092172323353;63.73169679784097
2016-03-05;67.65753452068437;55.19709183196263;62.22426749832633
2016-03-06;66.26423050515172;54.62371155584533;60.865628854917716
2016-03-07;69.57092036516475;57.23585763974417;64.13256744249414
2016-03-08;68.87002505461389;56.791194019872066;63.35725545940387
2016-03-09;69.15405193037765;57.62091405826075;63.57456461096403
2016-03-10;68.92396375120668;57.29519421062364;63.62045604472026
2016-03-11;68.85409136204595;57.32091922369416;63.07625510473449
2016-03-12;67.2608797456471;56.03294628223766;61.80256594450273
2016-03-13;66.14974248595753;55.60771837951555;60.58932259141466
2016-03-14;68.55236106258243;56.26020495587386;62.803882345271575
2016-03-15;68.73843531017292;56.8588194552099;63.33546191175277
2016-03-16;68.55094308062509;57.199899440106144;63.55572482414969
2016-03-17;68.92612012665751;57.79064744846523;63.173055430113706
2016-03-18;68.68284431039766;57.30410200380586;63.07812830797009
2016-03-19;68.01934209179021;55.57225308772751;62.34019510296508
2016-03-20;66.40927284280258;54.84815985747345;60.455006925245904
2016-03-21;68.93413905784574;56.61497820694662;63.07592645125327
2016-03-22;68.68987939186711;56.50603807539352;62.882417599479595
2016-03-23;68.02437008542832;57.562861600166215;62.183656413246325
2016-03-24;65.3163267313355;54.44981058946958;59.762466175985566
2016-03-25;64.75194949927574;55.03684852730109;59.135438028171315
2016-03-26;65.39787994269135;55.245217270470135;60.11546152380252
2016-03-27;64.94711398305643;54.978617173203816;59.70217204854024
2016-03-28;68.40247873578835;56.70645119157915;62.59543877568411
2016-03-29;68.53544504349946;57.03586395775555;62.946947397643385
2016-03-30;68.35098706389945;57.63954330991268;63.106599620326776
2016-03-31;69.06385493769768;57.41703365635204;63.497528025584174
2016-04-01;68.57686924174133;57.38417275583063;63.088851205172844
2016-04-02;66.82916086909917;55.98055762618215;61.781043721300776
2016-04-03;66.19093385301073;56.325946691114055;61.126939995639916
2016-04-04;71.93398086580055;58.514095074877915;65.36571502627127
2016-04-05;69.00564183323237;61.614551832148116;63.810003537075566
2016-04-06;68.6349626997893;57.685083630604346;63.30753763655993
2016-04-07;68.45485796174836;57.66859516328182;62.90793027620364
2016-04-08;68.62975098235984;57.421887821054554;63.30084865380458
2016-04-09;66.84549179695374;56.07941678454605;61.32734471178545
2016-04-10;65.76094159991945;55.88508722549651;60.8684181378064
2016-04-11;69.49122182041111;57.5679552614394;63.81915794673353
2016-04-12;70.46954578993486;58.082764485291904;64.47962672541833
2016-04-13;69.14310242036876;57.45934744577626;63.51339803483752
2016-04-14;68.75967846070681;57.132032019556846;63.13521917537767
2016-04-15;68.7026690257105;59.28214161027214;62.9390684316273
2016-04-16;69.24010541081144;56.687854158713506;63.92096670775875
2016-04-17;66.17599895088769;56.19180725523896;60.70265599431344
2016-04-18;68.35629254312893;57.17371504141198;62.7100023365728
2016-04-19;70.57215263630393;59.044204776970034;64.53043094860239
2016-04-20;70.29301061366114;58.292082658562094;64.37828628672167
2016-04-21;69.15428529808004;58.27782737719875;63.272868502250866
2016-04-22;69.15884252955078;57.479936018648026;63.554492335032734
2016-04-23;67.62119060831954;55.584237022935746;63.77301206347839
2016-04-24;66.14442271051553;55.9553188997996;60.833915723179985
2016-04-25;68.27220789226968;57.14321448009514;63.046991878685205
2016-04-26;68.12793451425416;58.12585774798534;62.71285337886241
2016-04-27;68.31601141236669;56.83689831451314;62.5993410500526
2016-04-28;68.58960005479341;56.82018909982514;63.022041965647624
2016-04-29;68.58082015400258;60.053711131892044;63.19115161719594
2016-04-30;66.58563083545056;55.2031914296215;60.94684584949809
2016-05-01;65.14679756127667;55.47960567584046;59.93659277702724
2016-05-02;65.39055664157247;54.38401801585076;59.62823908029303
2016-05-03;67.75473709235526;56.20840352186136;62.520277858128104
2016-05-04;67.86635598750054;57.50386565302598;62.688551744728414
2016-05-05;68.24896123905326;56.932302897938236;62.44918341674161
2016-05-06;69.4507022450893;59.66667924234385;63.803142224991106
2016-05-07;67.2016162787146;55.71433395935168;61.74837963738437
2016-05-08;69.04396547583941;56.4057020246032;62.755935881507966
2016-05-09;70.12868897449596;59.984921936867806;64.1326007702559
2016-05-10;69.44972555231939;59.262475026251415;63.96377180278534
2016-05-11;69.01855560961765;57.57518727103043;63.598898698915946
2016-05-12;69.06283376636662;58.43767925726;63.58597029929654
2016-05-13;68.73499054461553;60.5669713439292;63.282154530434184
2016-05-14;66.5715910930254;56.13918523663318;61.15259267957009
2016-05-15;65.37648186291132;55.7003969444574;60.00147089828631
2016-05-16;65.6090286040431;55.988337317352915;60.03727183137446
2016-05-17;68.24690431121574;58.160599438388296;62.37407006422971
2016-05-18;68.41361162273971;58.801048674493266;62.71129448343242
2016-05-19;68.4247802042523;57.39125636882469;62.47877450355415
2016-05-20;68.16778934784395;57.61719495431498;62.27661487407317
2016-05-21;66.39910625442104;55.52893887824571;60.93513670535838
2016-05-22;65.62111279405596;56.425463103489136;60.17111855792663
2016-05-23;68.40590294283199;56.73185446072779;62.46675324573229
2016-05-24;68.03267350803938;56.49689884640334;62.8524408934262
2016-05-25;68.04702793194076;59.92875831398418;62.89646542174162
2016-05-26;68.13297956998665;57.978143747037166;62.85652655827157
2016-05-27;68.2355537590586;58.01248344898673;62.78321857375481
2016-05-28;67.29446291455342;56.3418208291624;62.03084720378321
2016-05-29;69.12050484521463;56.348386905029926;60.57984735156727
2016-05-30;68.7944119402547;56.27481791611113;62.554748388082416
2016-05-31;68.29565598781616;57.122236660308594;62.77496042132215
2016-06-01;67.97010834315668;57.07977469701867;62.229880521577705
2016-06-02;68.04466483297557;58.0840249959611;62.87817789722416
2016-06-03;67.98166437062403;57.83973081443928;62.222664766046705
2016-06-04;66.2539462346784;54.88316649382235;60.50451982192966
2016-06-05;65.71296743037013;55.85904697910179;59.88478492983302
2016-06-06;67.77942462588017;56.91979559922221;61.972826784236275
2016-06-07;67.7580180389609;56.54061347463405;62.09328617575572
2016-06-08;67.75210247554057;56.318891173038665;62.11868283962339
2016-06-09;67.91134897078177;57.844895840482366;62.22745773650771
2016-06-10;68.1125691265974;57.56925817460243;62.253381736154054
2016-06-11;66.25444890093024;55.20107302704218;60.26722322201834
2016-06-12;65.49157467332394;54.20934124737762;59.39196538734217
2016-06-13;68.05478954193815;56.55938438822389;62.3409976524877
2016-06-14;67.80437094757941;56.950186883217654;63.223428649427625
2016-06-15;68.19510026262333;57.618759562090496;63.22644281063133
2016-06-16;69.05195975240392;57.03194378595391;62.846970598383784
2016-06-17;68.24430214435182;58.405926304005796;62.49226876374738
2016-06-18;66.21223514187949;55.033737958668034;60.41014389702486
2016-06-19;65.37559302815379;54.551903427845254;59.658060053868695
2016-06-20;67.95385773481273;56.97404700757118;61.927177206753036
2016-06-21;67.92748938197155;56.60500761362039;62.20778062917369
2016-06-22;67.66618777414712;56.25229637494171;61.92274304710284
2016-06-23;67.90632383055248;56.47561821174392;61.9310845719238
2016-06-24;67.7562302437106;56.41101613369726;62.33852261434236
2016-06-25;65.7054280509619;54.67236341573923;60.76400294657121
2016-06-26;65.45675887028219;55.476511141456434;60.19624018502998
2016-06-27;67.69120250446696;56.11053077276182;61.996808257181335
2016-06-28;67.86849356807141;57.13701540584091;62.31557263192725
2016-06-29;67.8772110724582;56.58960529202659;62.6697152848177
2016-06-30;68.08636920279929;57.65116251025043;61.87927195810918
2016-07-01;67.60367174132348;56.88798115100765;62.03308836898829
2016-07-02;66.56618329574499;54.851302466444885;60.250750950544194
2016-07-03;64.64987264301583;54.665602698076896;59.45993340749159
2016-07-04;67.68924239612797;56.23050030390131;61.8062568076359
2016-07-05;67.93281424437644;57.157068084299326;62.315894922421634
2016-07-06;67.95488290411751;57.87173868866354;62.33200178769824
2016-07-07;67.91509263508034;57.250838246593844;62.17530924198266
2016-07-08;67.77834585467546;56.69593209147503;62.54182771759659
2016-07-09;65.43297315058929;55.10835272436456;60.208974663567005
2016-07-10;65.38202528944451;55.69452838266982;59.45893732991522
2016-07-11;67.66719273006514;56.03847956424357;61.88220612193578
2016-07-12;67.7080479346484;57.57627348533287;62.42890966662932
2016-07-13;68.03071198983159;55.78612485277989;62.025551923279956
2016-07-14;67.91270458910495;56.0417052895032;62.28215828510613
2016-07-15;67.87815974655034;56.38308413373969;61.945304413969254
2016-07-16;65.50949075401131;54.41249167154603;60.417699669392945
2016-07-17;64.37816660122702;54.00411248372421;59.0760544420951
2016-07-18;67.42747300242706;55.59122015401718;61.21362055794887
2016-07-19;67.55240205190358;55.96917571463902;62.410116437636944
2016-07-20;68.08697673037909;55.75817603858372;61.969625633708745
2016-07-21;67.59274530014834;56.03233092925172;61.50576135849937
2016-07-22;67.19273834062707;55.695470500455755;61.76505252620001
2016-07-23;65.32338456575329;53.93703217401701;59.687288854389
2016-07-24;64.12170440315722;53.56795595373028;58.24521274564239
2016-07-25;64.38689846589084;53.81423070251253;58.801374050751534
2016-07-26;67.72684905765294;55.61321949273244;61.6187645643702
2016-07-27;67.74727354127832;57.878190337034766;61.690268084329496
2016-07-28;67.50581885444677;56.55998178164299;61.53377461225595
2016-07-29;67.82295852649133;55.385812487159626;61.53139824042383
2016-07-30;65.58966233583155;54.066698694863895;59.67177710349983
2016-07-31;64.632938582476;53.14360914230849;58.76259727127526
2016-08-01;67.588816073189;54.92086455158812;60.991992953303715
2016-08-02;67.33485155946045;56.21375617017799;61.175965879130054
2016-08-03;67.83924436235057;56.11537664869644;61.015346249370026
2016-08-04;67.39431407660209;54.70467061861581;61.227021133346554
2016-08-05;67.10203974854548;54.94476487666529;61.514434001610276
2016-08-06;64.26705596670885;53.67047929366602;59.05556898321082
2016-08-07;63.597445433851696;52.51653447239732;57.94030583852404
2016-08-08;66.50792264233904;55.20977023840808;60.81186622783774
2016-08-09;67.05981448624036;55.11269582444389;60.90145164401281
2016-08-10;67.03041515567469;57.56418207080849;61.12211862910406
2016-08-11;66.79270309309652;54.56761317034495;60.53757802951891
2016-08-12;66.55310470483406;53.979957195183815;60.70277972089859
2016-08-13;66.46574626381225;52.780414266179456;58.89881216950944
2016-08-14;63.356749712270464;52.16774249794739;57.47203732983107
2016-08-15;64.17798345383916;52.60509508491523;58.065947097855485
2016-08-16;66.7056870484076;53.983735180680775;60.88313477174968
2016-08-17;66.42244013156153;54.52245601325253;60.6484209974316
2016-08-18;66.61462632823785;53.77700362109952;60.72551836016363
2016-08-19;66.39349528548453;54.026799663339986;60.46348794057106
2016-08-20;64.20270069137334;52.39709226797919;58.893867091944685
2016-08-21;63.45970440681218;53.29119348787765;57.900386265548576
2016-08-22;67.01010509799565;55.52315856399197;60.41369159960606
2016-08-23;66.64843926652753;54.592682901899;60.769674197978915
2016-08-24;66.82577619634718;54.70999255905983;60.792639237563286
2016-08-25;66.94288113745796;56.401442303707555;60.56550685327012
2016-08-26;66.8162196449661;55.53989033042376;60.47728048550763
2016-08-27;64.73270783861562;53.10305150008925;58.96510172754549
2016-08-28;63.79489693318557;52.69353592446233;58.30551644162412
2016-08-29;67.02814614221059;56.002846670685535;60.93267196525373
2016-08-30;67.13236357005711;55.6888230729795;61.366144702023426
2016-08-31;67.56224909523124;54.8488226497004;61.3916174790814
2016-09-01;67.87856120020412;55.774485187531646;61.67467004933183
2016-09-02;67.60337094447442;54.92405763210573;61.56178460309829
2016-09-03;65.51384807538892;54.25639960013945;60.21284473396291
2016-09-04;64.34976688080822;53.65966440107698;58.95013197325322
2016-09-05;67.55411417641594;56.22052143518534;61.85059408700467
2016-09-06;67.7265027646419;55.46444462969127;61.830761989046444
2016-09-07;67.81576940534853;55.94096718467214;61.595458033246224
2016-09-08;67.8503421477576;56.62221346991295;62.14229807845279
2016-09-09;67.744029381356;56.55200291261856;62.148077334986304
2016-09-10;66.11950269532375;54.912233333798284;60.1717164363499
2016-09-11;64.14044530111448;53.728994678959154;59.11961884431691
2016-09-12;67.84701993736311;56.30643308887677;62.40735340833666
2016-09-13;68.76792391438657;56.881464493813915;63.11092063099273
2016-09-14;68.33355756499333;56.452781720518175;62.723034690828214
2016-09-15;68.46327734605893;56.596975972668716;63.25718657211384
2016-09-16;68.21730929884792;56.70864510420983;62.651447147603136
2016-09-17;66.2534389724776;54.45396722366325;60.73130176194313
2016-09-18;64.88189412520333;53.981441957189915;59.424478692007355
2016-09-19;68.52494562120276;56.195175004146265;62.491238484163
2016-09-20;68.24154827089603;56.53491284181634;62.2281985725171
2016-09-21;68.09560725462978;56.23447191926683;62.49019416622225
2016-09-22;68.40377856405463;56.93650790427785;62.54175683068872
2016-09-23;68.28405773571212;56.40534929181955;62.29163523610549
2016-09-24;66.64618620751718;54.34230884797033;61.08458720933367
2016-09-25;65.28872300716854;54.198305692962606;60.132340448619615
2016-09-26;68.24633174168854;55.639577412007014;62.57346436792653
2016-09-27;68.14523871377065;55.6830844797924;62.924073792237465
2016-09-28;68.8239359131713;56.48827711808138;62.84262480469089
2016-09-29;68.8077752683266;57.675974722896086;63.72038790057283
2016-09-30;68.33549567224642;56.15880792035236;62.679562244269036
2016-10-01;66.55435240055175;54.69590025148136;60.99286194007951
2016-10-02;65.36886394068785;54.18150902356065;59.87683051987432
2016-10-03;68.27157245564325;56.05059281877361;63.10198369847258
2016-10-04;68.4088866808423;56.00153648112719;62.554723265169116
2016-10-05;68.34658364406012;56.32212988700089;63.5727896208611
2016-10-06;68.55972569878078;60.7062338956061;63.105502291789975
2016-10-07;68.14193675858758;55.91957867007536;64.00766772880444
2016-10-08;66.4045131165299;54.154838217296685;61.17434338553765
2016-10-09;66.36079072493052;54.561454074537615;60.78862369060319
2016-10-10;68.65891490803102;56.11478666091409;64.25607853361728
2016-10-11;68.94442700535618;56.311090159541834;62.98913800448014
2016-10-12;69.12497463194899;57.384064710605244;63.69207712091005
2016-10-13;69.17503141303757;59.291604895872794;63.47097065900151
2016-10-14;69.00482071478655;58.04463387932732;63.188815901587134
2016-10-15;67.05761974703832;55.58018109147642;61.65684539703064
2016-10-16;65.88830270952914;54.94992127575226;60.309636733673855
2016-10-17;68.87748867887534;56.45861144696737;62.993601967252495
2016-10-18;69.2255918087564;58.21387660953178;63.26626091992683
2016-10-19;69.75062105811259;57.9302963949323;63.453711549385325
2016-10-20;69.6172815553402;56.99376414945285;63.89446837068952
2016-10-21;68.98571629484513;56.68326821485622;63.7337904507093
2016-10-22;69.00088530250314;56.09536830645902;62.7545774956768
2016-10-23;67.87161457150127;55.48123721446338;61.63419508566376
2016-10-24;71.89105290491159;59.875360447251495;64.12517265553335
2016-10-25;70.8693783206394;56.98989292265789;63.36574013768579
2016-10-26;70.76132346743111;57.04947919214647;63.24092598086231
2016-10-27;71.95125818122966;57.0425567583879;63.29685571549561
2016-10-28;68.78487466045918;56.657718273355606;63.24454074685539
2016-10-29;66.88616487533297;55.740212923481835;61.65924127025063
2016-10-30;65.85608618253087;55.82775285293613;60.844842883683505
2016-10-31;68.05597454403399;57.92127021579112;62.47410210203505
2016-11-01;66.31913891981928;55.21973211597946;60.47884667930359
2016-11-02;68.67670553579129;56.414727151141975;63.29396025652421
2016-11-03;68.68286637967756;56.47151339346809;63.19550703251467
2016-11-04;70.18618737396818;58.170606008276636;64.31036684066255
2016-11-05;69.72155107373418;57.07415117647329;63.61842671723753
2016-11-06;67.03486804673383;55.577236066979204;61.479662111715776
2016-11-07;69.51933661023337;58.34788315873075;63.54929668923458
2016-11-08;69.09327992536946;58.22355221485977;63.09737656349598
2016-11-09;67.25299445413745;56.17343285263591;61.06794951224365
2016-11-10;69.05606480636786;56.74506204507222;62.92069062222345
2016-11-11;69.25561299332371;58.44706541616432;63.716717978072346
2016-11-12;67.65726858075597;55.23439005330524;61.583155092151934
2016-11-13;66.80813924585541;55.276386351173635;61.16936338262736
2016-11-14;68.98558957536616;56.90367614539668;63.342125957226045
2016-11-15;68.94712214419869;57.202765327386075;63.03460992487784
2016-11-16;68.92871512732222;57.43619356885261;62.893624066201774
2016-11-17;68.92495866700014;56.922398658862114;63.399907333897126
2016-11-18;69.15734270371053;57.28350842789975;63.54529818795573
2016-11-19;67.37529811437095;56.05070211439761;62.181353106986634
2016-11-20;68.7517958735293;55.253151368635244;62.38989242107648
2016-11-21;69.73933524309844;57.710436836802515;64.30038098512694
2016-11-22;69.51692018029698;57.20138904505529;63.74606276595266
2016-11-23;70.02502425165049;57.73173586803999;64.19658682901161
2016-11-24;69.50395089686417;58.51150041953979;64.27969665377579
2016-11-25;70.80068497616955;58.30921596163896;65.0426882381413
2016-11-26;70.2772066421788;56.92830911193063;64.02268483615968
2016-11-27;68.95031836784794;55.5411803007171;62.89311847896538
2016-11-28;69.69862251524987;57.896958286497124;63.94102518125542
2016-11-29;69.36461299484618;57.03296009012543;63.81928007007242
2016-11-30;69.47605792665736;58.07678868229199;63.886299880973965
2016-12-01;69.43491547913999;56.958392472610896;63.766061208530175
2016-12-02;69.3440706501824;59.81198716459798;64.79856066673216
2016-12-03;67.39275433863082;56.29259637523896;62.6644876284882
2016-12-04;68.18713943130052;55.12486134347683;62.903190089576555
2016-12-05;69.40248513935987;57.76433730675304;64.44647519977815
2016-12-06;66.97963976267211;56.34512580743345;62.447526981908
2016-12-07;69.35543232344624;61.24701707272844;64.1340212190845
2016-12-08;67.01531474424544;57.03928120862084;62.197714057278546
2016-12-09;68.75414437494216;59.42140239901452;63.83815041997966
2016-12-10;67.6098083275652;58.830242433971094;62.02985561001498
2016-12-11;66.15645597756807;57.14601561647303;61.643317404768226
2016-12-12;70.10194362680362;56.73626976499608;63.434635288247925
2016-12-13;69.53616442673638;57.485839507146466;63.78755994805647
2016-12-14;70.07971901706536;57.332290265046765;65.21563051511825
2016-12-15;70.39758546820136;57.530715487999274;64.32649909147305
2016-12-16;71.01150741881364;60.366226762704365;65.2347833690686
2016-12-17;69.11187174186809;56.27956148722159;62.94489448497725
2016-12-18;67.23274551698056;56.15367014414298;62.10739842472009
2016-12-19;69.49088692800144;59.555971937796755;64.97492589687275
2016-12-20;69.4092202628258;59.4686189723152;63.93818092310774
2016-12-21;69.31187731017312;57.59382349077424;64.44616933688361
2016-12-22;69.3631866185981;57.30677108327356;64.00174448103658
2016-12-23;69.03736608519742;58.64421675650861;64.81609141401259
2016-12-24;67.60567369557023;59.69739233420781;62.313054374553936
2016-12-25;65.74549262846516;58.813830130121794;61.360492546139525
2016-12-26;66.70897673504516;57.30336549996763;62.216575466119856
2016-12-27;68.45154207284155;58.62925304494993;63.26745535374097
2016-12-28;68.42966499031576;57.32765580474418;63.22934508396401
2016-12-29;68.48230537496703;57.495537392792045;64.64693941085608
2016-12-30;68.5934615513271;63.42272021080354;63.83552238202347
2016-12-31;67.6411006959613;65.19254463992708;63.52357653765885
2017-01-01;65.3193544482116;58.69347636441549;62.52229866125827
2017-01-02;68.63085388918456;59.3659341684456;63.8113834347316
2017-01-03;68.65357307737989;57.38340683502067;64.0756143060049
2017-01-04;70.4007316843466;57.85538229743259;64.5607129710923
2017-01-05;68.82670764234209;60.13660848153534;64.47778068766675
2017-01-06;66.42227788543298;57.265188610570796;61.72906502394315
2017-01-07;67.35219890577488;55.71908414547373;62.51552344074404
2017-01-08;66.04676926431574;56.46134419219354;62.0012408812157
2017-01-09;69.30390645155715;58.5515419511606;64.26368163148021
2017-01-10;68.93333729862547;58.088296199850305;65.18015953233615
2017-01-11;68.89999340307908;57.75166614038578;64.38794243307393
2017-01-12;69.09076263097815;58.40162157267518;64.09105209731791
2017-01-13;68.91359071670708;56.87053763198462;64.32732181749061
2017-01-14;67.45134272371736;56.037705487714504;62.41808287747454
2017-01-15;66.51718207052608;55.79181287831565;61.18951675237888
2017-01-16;71.23618171385152;58.75879214244449;65.40810919441827
2017-01-17;69.71231245820549;60.4243147800492;67.32337467752744
2017-01-18;69.83826163426026;57.40241998545629;64.11026264373133
2017-01-19;69.19880241757903;58.00227380228315;63.994011997052084
2017-01-20;69.49268003304104;58.44822820257985;64.06798632197977
2017-01-21;67.5003065178818;56.17053249641418;62.28549454959143
2017-01-22;66.47813901003612;55.67551795492438;61.33833587863271
2017-01-23;68.80628115368694;57.44166735793988;63.510097830967645
2017-01-24;69.1612926365944;57.654513663498776;64.55033316705436
2017-01-25;68.955707724463;59.245489264415376;64.34658204077053
2017-01-26;69.20326117453958;58.078406984484815;65.36876369110003
2017-01-27;71.22055173775256;58.488624270789664;66.13059878224814
2017-01-28;67.87399839377765;59.96201319164618;62.80511495495464
2017-01-29;67.07977924087609;54.44021892438925;61.400030462377515
2017-01-30;69.56030010939268;57.09724103791335;64.76665926430246
2017-01-31;69.47547758143725;58.329338442875176;64.6474429049199
2017-02-01;69.89396167960801;59.490422215867596;65.16961764852985
2017-02-02;70.76898569537784;58.33838081379197;65.43700455397182
2017-02-03;69.78029252390003;57.77731383206902;64.87715267542255
2017-02-04;68.21911452011541;56.64405565853712;62.72695884239369
2017-02-05;67.50456396941162;57.67054323929861;63.08209945452318
2017-02-06;69.14029291940543;58.53378155972158;64.51290578787143
2017-02-07;69.38746044534705;58.37853919982653;64.77816157778908
2017-02-08;69.13857928533889;57.8250885766606;64.41767004904474
2017-02-09;69.14598526478487;57.97302872216383;63.89524424535854
2017-02-10;69.5587236996744;57.356348613306885;64.3729363291556
2017-02-11;69.50588559588252;56.03534965631773;63.89033741901049
2017-02-12;69.12644044349085;56.276924013931264;63.0323294550379
2017-02-13;69.93557877581577;57.72922846571451;65.30496843221717
2017-02-14;69.48837267213109;58.27672999966046;65.23941907213063
2017-02-15;69.42194283165607;59.757222389961825;64.60653028155167
2017-02-16;68.65016554259695;59.4886172466985;64.4010639247483
2017-02-17;68.95583162268836;59.226622122817034;64.14033780258956
2017-02-18;67.42439386351452;56.657099787763045;62.25174856006801
2017-02-19;66.44407994681073;55.416241817965634;61.64837504717046
2017-02-20;68.80423408251004;56.895131743234224;63.634200560724075
2017-02-21;68.75397673352477;56.86519766235339;63.60126488750697
2017-02-22;68.87540471141706;58.51218528235863;63.6358381158648
2017-02-23;68.92795645604167;57.19522842974351;64.99100564097293
2017-02-24;69.24602613314177;57.60971110108085;64.65199226717013
2017-02-25;67.06296258427525;57.28128107604812;63.163687802830786
2017-02-26;66.49785089067777;55.74450096794845;60.877271126840576
2017-02-27;68.95873900382351;57.206685170509665;66.58297697654656
2017-02-28;69.02003601951601;57.507985331158906;66.19636399962924
2017-03-01;68.76035103682521;57.697255962951566;65.15101658788718
2017-03-02;69.21408094447573;57.78045190962377;65.34851097025373
2017-03-03;69.60372817660235;57.685957227275786;64.83806690995208
2017-03-04;67.59692254893905;56.33910997459473;62.744227444568054
2017-03-05;68.67670484040465;57.508685325990726;61.03792684445005
2017-03-06;68.66273980686019;57.243201866522675;64.05710713907317
2017-03-07;68.6440694925239;57.652735664203774;65.01729100867387
2017-03-08;72.16135527140592;57.57835963906604;64.38486052678574
2017-03-09;68.58832069902394;57.44334670177568;63.49724182867939
2017-03-10;68.46812708904007;58.28415468949725;63.235194600070955
2017-03-11;66.9506135655543;55.986990554334284;61.57707943012245
2017-03-12;66.98899229171357;57.9099752772649;60.92805720975487
2017-03-13;68.84118968419261;58.47381373899984;64.48839322051727
2017-03-14;69.25998063208212;59.945980198331256;63.608633599717066
2017-03-15;68.48820205737029;58.96860250260428;63.20383176668699
2017-03-16;68.61248705081525;58.43095552585432;63.33108521807525
2017-03-17;68.1800769109053;59.28816171743207;63.56703898551362
2017-03-18;66.2894229163449;56.30210421067353;61.13284189881634
2017-03-19;65.21735359168632;54.873402037642016;59.95339009344853
2017-03-20;65.4884233051081;55.844029577917034;60.15159574296281
2017-03-21;68.58313796923596;58.965387110772;63.677887538539466
2017-03-22;69.2905866300393;59.59267701336771;64.15904569292219
2017-03-23;70.31131146594845;59.321928803174984;65.12185050174841
2017-03-24;69.70531974230286;60.83758407637711;64.23569666579702
2017-03-25;67.61013622425916;55.89927740516118;62.347831070161064
2017-03-26;66.86282623351681;55.00457893988869;61.26066153613073
2017-03-27;69.52526593552383;57.45591672009951;63.83863258346308
2017-03-28;68.71314637168395;57.61059799601022;63.282110763277444
2017-03-29;68.67568456913885;57.41456914600277;63.45316536464638
2017-03-30;68.67363523591723;58.221284160544556;64.06290150339261
2017-03-31;68.77841079901899;58.45019188410071;63.25929662756867
2017-04-01;66.85613533846305;56.456153380382254;62.430355438822964
2017-04-02;66.59384454335678;57.33605536903936;61.05680005078435
2017-04-03;68.40383298009051;58.03905843605175;63.1611633084285
2017-04-04;68.26367053189696;57.602765444406465;63.20615997913873
2017-04-05;68.48252947090283;57.56644876787241;63.40049045739147
2017-04-06;68.46524792547841;58.015406238501875;63.118189185429365
2017-04-07;68.328171275337;57.25945102304871;63.02031587216899
2017-04-08;66.6327496128868;55.84565139311556;61.139581437526246
2017-04-09;65.38800608891094;55.104100694802156;60.21222718226703
2017-04-10;68.08743819967944;59.43989805428817;62.842811225523235
2017-04-11;67.8145410364907;58.64664555038969;62.195057285134794
2017-04-12;67.41051136172044;59.978014238840004;62.115436090770885
2017-04-13;65.04359929246894;55.10137487272643;59.97471729768573
2017-04-14;64.5338744769805;54.47885861103396;59.46860592817607
2017-04-15;64.70846566407013;54.4796156106507;60.00481225532991
2017-04-16;64.39895154935721;54.60122888428391;59.28932114510593
2017-04-17;67.5626764189216;57.02807043015368;62.18326347887297
2017-04-18;68.05171754026192;58.49015056161971;62.634090240911426
2017-04-19;68.31210356556903;58.594727638108104;62.98224598085196
2017-04-20;69.34304457197234;57.67946586735164;64.0663952756106
2017-04-21;68.37317217549314;59.759022383083;63.29271824405576
2017-04-22;66.58188102984225;55.304617963260895;67.4462995366609
2017-04-23;65.74434521709729;54.934863265800544;60.966631805927676
2017-04-24;68.14371121283115;63.15472245890631;62.81397056999176
2017-04-25;68.97156804794614;62.1424344226595;63.33786267712053
2017-04-26;68.29031323783559;59.0786885268643;63.26511040215509
2017-04-27;68.88385043910591;56.85114638680684;63.91134859734649
2017-04-28;68.57904567808302;56.954447098837946;63.42602937403776
2017-04-29;68.23804672356613;54.917985881096556;62.42327451619385
2017-04-30;66.0924052236712;54.837363197742334;61.6590654841541
2017-05-01;65.2931543708755;54.691476502999066;59.84186957774547
2017-05-02;66.17507031971746;54.76120171336117;60.69311351000225
2017-05-03;68.402357727368;56.4031425757561;62.816897358852195
2017-05-04;68.38499284104134;59.52874241762395;63.394840794481496
2017-05-05;68.47860373964485;57.79813542194343;63.364322162643546
2017-05-06;66.73314187440822;55.85494964386069;62.780344842895005
2017-05-07;65.64851015222132;55.06330983855015;60.65999880179393
2017-05-08;68.33576827385185;56.18672269502251;63.10241577319819
2017-05-09;68.0849457060659;56.43444049957136;62.71771774096099
2017-05-10;68.45431858210615;56.94126264878228;63.59338912197472
2017-05-11;69.68506059252793;58.042320505146485;64.24540615838696
2017-05-12;69.44105408666626;58.391512493674895;64.15934411461856
2017-05-13;67.03658727366319;56.10541001127356;61.40940998772262
2017-05-14;66.45880620372375;56.66857051808057;60.31016496275144
2017-05-15;65.65595290823977;56.91157538108283;60.302894237767326
2017-05-16;68.1275486903111;58.998445429527166;62.68426891822456
2017-05-17;69.21202194786271;60.539581680324716;64.013246183496
2017-05-18;69.62841378023543;58.07622065713417;63.511639618332296
2017-05-19;68.54579263718;57.14658704722353;63.455181727568515
2017-05-20;66.47405810957639;56.14343404406043;60.841313223099895
2017-05-21;65.66366083453944;55.16100197739884;60.2968703664694
2017-05-22;68.55727222532947;57.21638899390025;62.59265951009775
2017-05-23;68.20291230150903;57.168199518860646;63.37237050444624
2017-05-24;67.9085698196497;56.389645747922614;62.379013974911715
2017-05-25;68.63244288333222;57.74998761710931;62.700677214636755
2017-05-26;71.0251266838747;56.789851725072715;62.61862713268058
2017-05-27;70.38244048246946;55.68499455301242;61.60609852909806
2017-05-28;65.33163589131142;57.1810162073501;60.45192183380715
2017-05-29;68.22351700883512;57.435968443819604;62.47284492406243
2017-05-30;71.81174381306197;56.45737347250636;62.38599578992123
2017-05-31;68.54042305290733;56.519526396223355;63.04664767575417
2017-06-01;68.69662196190608;56.11590333251041;62.39544265098345
2017-06-02;68.25189074622544;56.81039799460542;62.370417250519495
2017-06-03;66.50035323674713;55.36095778306909;60.958248108520365
2017-06-04;65.55422714804278;55.55727641018099;60.1265021805655
2017-06-05;68.24075601722934;56.154614361175064;62.415189865600766
2017-06-06;67.96206152697368;57.99176889713371;62.28905156544262
2017-06-07;67.88859807226969;57.787133530767754;62.484970768723926
2017-06-08;68.22938877081701;56.376903072810684;62.365122017353286
2017-06-09;67.93118549072634;56.46531384762207;62.60921907344446
2017-06-10;65.89338233634531;55.018915931406944;60.39298280157229
2017-06-11;65.57251011303296;54.22082415764195;59.42600832120188
2017-06-12;67.76620273388184;56.29496842983606;62.06986054500926
2017-06-13;67.70566398594066;56.38560671283671;62.83556585986214
2017-06-14;67.99890693028418;56.50305643642433;62.41036447288521
2017-06-15;67.9623684428362;58.654566918515684;62.46338415024546
2017-06-16;67.93241509599613;56.17265450045523;62.451050414340024
2017-06-17;65.87942060945474;54.37520697062634;61.21607061391166
2017-06-18;65.22380182446585;54.58791565750619;59.58100274539166
2017-06-19;68.15152779381509;56.518983444581046;62.8018606203928
2017-06-20;67.88571845491114;57.2015624835739;63.19742074359606
2017-06-21;68.23400165262102;58.09599714126656;62.560740916275385
2017-06-22;68.04873990828378;56.74401327856721;63.153934963605494
2017-06-23;68.04322143762072;57.366104643950436;62.95069620844857
2017-06-24;65.89533264121572;55.77238059714325;60.87389383481817
2017-06-25;65.45117748335885;55.709121229547875;60.17556560349149
2017-06-26;70.023334610949;57.49031130795329;63.507744453698805
2017-06-27;69.90368889394058;57.97857203844889;62.82955752981681
2017-06-28;70.5656814096553;58.64197600095565;63.33953235554751
2017-06-29;68.67696653488605;57.400624461813265;62.94267194574892
2017-06-30;69.58730056867583;55.87390046293534;62.53417205699388
2017-07-01;69.07778085282754;55.106921633854064;60.865514618195455
2017-07-02;65.02802674632824;54.3162488745656;59.71220689637774
2017-07-03;69.07714440175668;56.31123172677146;62.164226059334446
2017-07-04;68.27396248458838;56.98639320559748;62.092287508999824
2017-07-05;68.02005664880838;57.61279622157848;61.8851538431253
2017-07-06;70.29210632793536;60.15130157116646;64.46142131268527
2017-07-07;69.93058542969446;61.54756412616634;64.47362850414135
2017-07-08;66.4249249129742;55.922607602202945;60.791101010788964
2017-07-09;64.96361098532029;54.07398436628495;59.37385084337515
2017-07-10;68.62588878594562;56.07890596271958;66.54669420877931
2017-07-11;67.69924340436718;56.35816233965726;63.153109914202616
2017-07-12;67.62807454460241;55.61490126405435;62.548330038826805
2017-07-13;67.9897858642492;56.082946451616536;63.20388356017919
2017-07-14;67.80356127056828;55.7839474560391;62.14761017856502
2017-07-15;65.55779278522705;54.035955317105;60.44146963492912
2017-07-16;64.42615454866578;53.571867887260176;59.274364172130724
2017-07-17;67.79130591785122;55.42118656348841;63.06007394349525
2017-07-18;68.54865499686545;56.282827333192685;61.95970832524715
2017-07-19;68.21932431010913;57.818400536962784;62.58804432677765
2017-07-20;68.12190992662407;56.45847255167596;62.43682433971407
2017-07-21;67.62924450630395;56.386363519193964;62.005306524110615
2017-07-22;65.0610778863614;54.65868787320798;59.844192437872735
2017-07-23;63.911855040099724;53.78612361462484;59.025787795326195
2017-07-24;67.55019233365088;56.792352852359215;63.89339988623138
2017-07-25;67.67984418559136;56.39827951443418;62.64062982557472
2017-07-26;67.5380342183312;56.290053224063215;62.050518122907576
2017-07-27;67.55602012250884;56.09298971417704;62.10381706578257
2017-07-28;67.71248032653683;55.57088211308881;61.559100431286836
2017-07-29;65.20949881591045;54.61801466137284;59.43145134649795
2017-07-30;63.77228216929116;53.67063882197927;58.65006164463229
2017-07-31;67.10907697962901;55.22932822511439;61.48293477333403
2017-08-01;67.06542703145615;55.07611554022556;62.89314633373965
2017-08-02;66.93595306633094;55.27724271547197;61.370863550462964
2017-08-03;67.02927171027423;55.15427300113049;61.79143360427523
2017-08-04;66.80041100280202;55.10592145005525;61.264245371297875
2017-08-05;64.64284407351221;53.387032499940474;59.07697506374986
2017-08-06;63.3793932921908;53.597911301627015;58.416021668139535
2017-08-07;66.64250926204778;56.101846014792386;60.81404506002578
2017-08-08;66.8662059455364;54.97594337416025;61.11228328446697
2017-08-09;67.3295798486185;57.64978219459468;61.48789123120807
2017-08-10;67.36550221517552;55.591427285444794;61.15894784864477
2017-08-11;67.10734357041407;55.17979638762205;61.09093987822437
2017-08-12;64.32212418746178;53.81907155792283;58.80145484968881
2017-08-13;63.182105550611034;53.540274895416104;58.361699276466545
2017-08-14;65.74210635585125;53.95558462656606;60.064723169593684
2017-08-15;63.88440001971773;54.523082847718634;58.20144233515894
2017-08-16;66.29229775865109;54.46349608106089;60.93559679767083
2017-08-17;67.19195371322743;53.72299988480063;60.696631312106
2017-08-18;67.62715100955766;55.32856976355304;60.46002891691483
2017-08-19;64.32675488891937;52.69768025265027;59.07778127553844
2017-08-20;63.33323703544389;52.28556626149122;58.06200584730125
2017-08-21;66.87574458721356;54.92514461433941;61.78159328831262
2017-08-22;67.00257273304301;54.72423819979382;62.18129368091322
2017-08-23;66.85477777413232;54.89264356394315;61.15315830241222
2017-08-24;66.78982658360437;54.16463986578392;61.85508283181876
2017-08-25;66.46209602943163;55.19721174322501;60.89800981542435
2017-08-26;64.53363293128749;53.9595001159462;58.97719227819941
2017-08-27;64.21421561330385;53.661376678460925;58.964235607046135
2017-08-28;69.35798911538528;59.24036213251675;63.503183571796185
2017-08-29;67.7642661645236;56.0521649992512;61.855713482458505
2017-08-30;67.50538885561267;57.53058516301078;61.387691610411665
2017-08-31;67.71876900741901;58.505891882249344;61.65526152726606
2017-09-01;67.63083250025298;55.95685016608755;61.88253065120264
2017-09-02;65.78710296782523;55.03966795100982;59.86305016559857
2017-09-03;64.7144720650115;54.563843245425254;58.860786044557365
2017-09-04;67.5461764534306;56.11708551840091;61.72234119978691
2017-09-05;67.62938247547854;57.23078478664235;61.81245582521095
2017-09-06;67.63958310862411;58.073198585401535;61.89377815537914
2017-09-07;67.99813289228902;56.033232929332904;62.10139494004926
2017-09-08;67.73891708520864;56.11739229498119;61.840577094977164
2017-09-09;66.17340187650326;55.71481723732866;60.313582083049056
2017-09-10;65.08376882807056;55.59645418596766;59.35163364956267
2017-09-11;68.14531119544965;57.19400952149114;62.308141136087826
2017-09-12;68.34282988677197;56.451027396704205;62.23850328245518
2017-09-13;67.7562297610391;56.69571675501456;61.98592997331279
2017-09-14;68.10201378451038;56.05324540768741;62.5032423469598
2017-09-15;68.20560363573921;57.41710888119436;62.514192452379575
2017-09-16;67.26793382760091;55.28768883128353;60.45628522281845
2017-09-17;65.36205103730327;54.76010073318708;59.1772917294697
2017-09-18;68.09486767528436;56.43055145947266;63.27743320636821
2017-09-19;68.24762501378564;56.382992112500155;63.693468026127924
2017-09-20;68.01692614262282;57.2127333829059;62.77733185897173
2017-09-21;68.1828057704553;56.873032307955135;62.41102844563153
2017-09-22;68.30395453132597;56.652343346156;62.66931449069256
2017-09-23;66.3784751043257;55.50302190916584;60.66083894571623
2017-09-24;65.24275170552643;54.62770262528206;59.58754833956333
2017-09-25;67.98130909227172;56.37621217210573;62.66193846256937
2017-09-26;68.1001333420291;57.01716386496403;64.66283628833344
2017-09-27;68.23009876359004;58.23299247444517;65.3246448103477
2017-09-28;69.00011438933126;59.18893944595135;65.14890756956633
2017-09-29;68.28294439678028;56.605472661642686;65.83336264436073
2017-09-30;66.43565475277539;54.22403578143856;60.61211039981828
2017-10-01;65.47474633273103;55.48949717257695;59.74735088243798
2017-10-02;68.19586331216743;56.17643399238794;65.49336974182063
2017-10-03;68.60484103424794;56.304573813611896;62.95711572124006
2017-10-04;68.86251256532472;57.49489059040825;62.77857645417875
2017-10-05;69.32320480762405;60.14667151552789;63.80749901811146
2017-10-06;70.06307570455007;56.1756557774839;62.54600909287211
2017-10-07;66.20482380296274;54.43907079017089;60.80401450216239
2017-10-08;65.5428693813175;54.910748868945504;59.80759016272607
2017-10-09;68.07087886701402;59.194269071094105;62.43705130904686
2017-10-10;68.36341468877991;58.656802032087036;62.51516233347473
2017-10-11;68.77373294840508;56.52029357226263;63.10610357247996
2017-10-12;68.34209371423503;56.4290965552845;62.310943390183915
2017-10-13;67.59926554715237;56.163686154469296;61.91494924773406
2017-10-14;66.03583051127015;54.38356303097909;61.878932813185514
2017-10-15;65.46806554672949;54.042064511389995;60.2222156526572
2017-10-16;68.38511627472856;56.110967061767774;63.74521203504944
2017-10-17;68.75423634528259;56.87843073762232;62.74323264938941
2017-10-18;70.59456033779689;58.42663152461152;64.45892635128277
2017-10-19;69.09730982193302;56.720883117228844;63.05145794882574
2017-10-20;69.19628409879637;56.63560213795013;62.86062740547451
2017-10-21;67.06077063464522;55.303365016698194;61.526596699108076
2017-10-22;66.1192159202895;56.32563271441627;60.08578698138357
2017-10-23;68.49910905000459;56.3441151286142;62.372875672000774
2017-10-24;68.61250874374517;56.467562065053485;63.06587111100545
2017-10-25;68.46388128806572;57.46646115501076;62.90981935473182
2017-10-26;68.71636472174598;56.31167165539918;62.277494038881294
2017-10-27;68.80770581757888;57.10292149478525;62.29693276799231
2017-10-28;66.79902340674334;54.85827196018953;60.69746769189146
2017-10-29;65.82931046075822;55.04339131488866;59.926569708517064
2017-10-30;68.75137578574754;57.44717920187669;62.30942278653274
2017-10-31;68.74729361816766;58.91511235014644;62.54717807542393
2017-11-01;66.04260593203469;55.15095691353444;60.00388713693751
2017-11-02;68.73158295474389;56.29867282245654;62.05652838625209
2017-11-03;68.96742873580502;57.02837590926588;62.563393182261386
2017-11-04;67.75842119269409;55.05086197271293;61.38545082529124
2017-11-05;66.32887722667179;55.57708571704773;60.58105147067942
2017-11-06;69.01748669705059;56.73609415898277;62.66046079794002
2017-11-07;68.95027022433726;56.44638218595003;62.67117476675075
2017-11-08;68.3910907054329;57.077948837421;62.68602547167667
2017-11-09;67.79791469811654;55.21103750130691;62.405651366278846
2017-11-10;68.75025485298275;58.23769899313458;62.70087524796953
2017-11-11;67.44234841888948;55.3888488271675;60.71893687214864
2017-11-12;66.19327117147834;55.18850720187417;63.46069716650179
2017-11-13;68.74357328446129;57.26601343967637;62.74415280568965
2017-11-14;68.74098901312482;56.6844415163841;62.62795372319981
2017-11-15;68.69271029335577;57.08688471665626;63.27631629716899
2017-11-16;69.08621187836536;56.875974245470275;62.57009202104059
2017-11-17;68.83012760019496;56.67601126833162;62.59434740298512
2017-11-18;67.55199986393315;55.86027096431813;61.00728355293104
2017-11-19;66.25042453609628;55.445053490270396;59.86720945740301
2017-11-20;68.63771012268278;57.88287887539623;62.397137655386636
2017-11-21;68.82913365168223;57.28926410922632;62.58963213841539
2017-11-22;68.69904773570977;56.744747172036014;63.33650139812829
2017-11-23;68.83675817382455;56.10225600665656;62.85969583922722
2017-11-24;69.06105848699161;56.674820213454986;63.19815278174878
2017-11-25;67.66514576833839;55.35445674851477;61.61375858432272
2017-11-26;66.79891555386872;54.578012180488386;60.17583835421894
2017-11-27;69.01260818914272;56.50927998207381;62.7046352727361
2017-11-28;69.55524463621879;58.183607762808194;63.585303012433876
2017-11-29;72.11227437925251;57.93077346154742;63.186113121884915
2017-11-30;69.44382736637922;56.50987392237748;62.95703160892869
2017-12-01;69.46557468388114;57.21558338575667;63.49574463348041
2017-12-02;67.81990860333042;55.045932487049186;61.43330389857346
2017-12-03;66.43673774838975;54.358546617626104;59.740805835299696
2017-12-04;69.22434022205488;56.781459473442844;63.16877000381021
2017-12-05;69.43075581601848;56.47592052032556;62.850821723092025
2017-12-06;67.19505782150637;56.51024411443687;60.30871047672594
2017-12-07;68.55689445516697;57.173561813943664;62.36491419627605
2017-12-08;66.55410712513138;56.384437647304;59.974435340533496
2017-12-09;67.09689777530039;55.40282872315081;61.3152303219848
2017-12-10;66.43269281392998;58.75752095147928;60.69072478603435
2017-12-11;69.7061990706783;57.452002367297865;63.31039307699629
2017-12-12;69.5809691225692;57.88418958827759;62.83480289907477
2017-12-13;69.70072490804115;58.116175480840695;62.91510694795748
2017-12-14;69.42335340237355;56.804742957133655;62.988078888072316
2017-12-15;69.32940372828003;56.98060684002389;62.841893098859956
2017-12-16;67.87012113947968;57.14419153072204;61.82505818021751
2017-12-17;66.88622269381064;56.515123986301134;61.01357725565833
2017-12-18;69.3510080756233;58.75863922942867;62.88104167581609
2017-12-19;69.3307429835585;57.56433764147232;62.97330821302456
2017-12-20;69.34946716330249;57.48870964289626;63.189545353965435
2017-12-21;69.44042614606442;57.348790901097814;63.87668686077711
2017-12-22;69.3550094724584;60.11115936063906;63.25418777188489
2017-12-23;67.80759626494812;58.31572247632192;61.80775123670405
2017-12-24;66.37846551941819;63.04104609589616;61.49122938892468
2017-12-25;65.76220384378354;58.596998770055116;59.21662950572476
2017-12-26;69.21225855008059;57.84679252520749;63.1815785894958
2017-12-27;68.99809192833919;56.71994688793867;63.20744275367807
2017-12-28;68.82535923687813;58.79387310918371;62.58136614907414
2017-12-29;68.67712860789909;59.50000911686562;63.094970123590244
2017-12-30;67.21901114235352;58.96579873636909;61.15551638852327
2017-12-31;69.84664719885951;59.91329078925121;61.339793785361685
2018-01-01;65.4205333053231;56.874753470334284;59.81931839248038
2018-01-02;68.53503977729217;56.056776231512735;62.42045937227808
2018-01-03;68.62361042289376;57.45519118911224;62.625402408515676
2018-01-04;68.77448867824815;57.415074473531924;62.73862973601091
2018-01-05;69.06132806818427;58.920031260035245;63.117186969558254
2018-01-06;69.55692573693264;57.03222872419435;62.61415757172509
2018-01-07;68.40757604840172;55.0942628610276;62.07347569242739
2018-01-08;69.65360804769246;57.17891081897778;63.19915925446406
2018-01-09;69.96008652555906;57.753273955373785;63.54615067062828
2018-01-10;70.19424246051616;58.63716054176525;66.02314564449357
2018-01-11;69.75701765575599;57.762179944019216;64.71756214450424
2018-01-12;69.50434286585761;57.06387452181214;65.37868806436194
2018-01-13;69.5412355656092;55.97819289640129;62.945958004110324
2018-01-14;67.4007418405352;55.897792482735014;61.17452166822811
2018-01-15;69.52674884559963;56.86384792238527;63.06811592520094
2018-01-16;69.4712388042713;57.258601403580734;62.83411035738538
2018-01-17;69.1279765871465;57.71305269837058;63.11359213892986
2018-01-18;69.2536831343562;57.42068751985276;62.43741444720008
2018-01-19;69.24034256714408;57.82503977184656;62.82703440993536
2018-01-20;67.74954128910146;55.515915568031566;61.61394838903884
2018-01-21;66.69956619222971;55.44486336474395;60.750522865424486
2018-01-22;69.19062286474534;57.074743626296026;62.889870830368466
2018-01-23;69.02670395743749;57.03386012667131;63.35803789190671
2018-01-24;69.04325110703044;57.33929300740047;62.83630249716292
2018-01-25;70.14143082914062;57.63898668854284;63.71598342664079
2018-01-26;69.72045614396174;57.32645066936961;63.21240547688787
2018-01-27;67.93681942075015;55.34370478594017;61.675051577135626
2018-01-28;66.71769921164015;55.997640342494066;60.94745514128889
2018-01-29;69.10198970583127;57.000711537881585;62.60358102740733
2018-01-30;68.97321706775239;56.78432599084759;62.809090191681285
2018-01-31;69.00465014261422;57.523747571190036;62.41560279259774
2018-02-01;69.27588442277887;58.577150571133785;62.58930625204215
2018-02-02;69.44174873037214;57.4173244786251;63.163337550271415
2018-02-03;67.37228311083568;55.04615608446535;61.41236031341323
2018-02-04;69.69845429371081;56.26135369489825;63.52871003809632
2018-02-05;71.75742727439206;58.558303611923286;64.94863235412109
2018-02-06;69.74635625512644;57.10638403098766;63.347089038689205
2018-02-07;69.54533431389147;57.11704024492923;63.61462912212463
2018-02-08;69.46468934049471;57.19006683917918;62.94918487493717
2018-02-09;69.35365774391124;57.08667652103571;63.44300294530356
2018-02-10;67.52036891165388;56.52767131490285;61.332330385473774
2018-02-11;66.4282510238307;55.5659335634651;60.58783916780948
2018-02-12;69.0889095529542;56.0706684845301;62.57530638337887
2018-02-13;69.21198655386203;57.579649015380795;62.74027965749721
2018-02-14;69.38134293685216;57.774436881083844;62.91201652727149
2018-02-15;69.26697398185868;56.756305337895355;62.28897362800904
2018-02-16;68.99488012655178;57.29975149788926;62.29317735124635
2018-02-17;67.1577845680791;55.38928368437681;60.724379178270695
2018-02-18;66.06802727145286;55.63882240072463;59.81470991718032
2018-02-19;68.9240432257002;56.702091698347914;63.00230805292675
2018-02-20;68.87284369752274;56.730511550173055;62.47709315483065
2018-02-21;68.79535748307046;58.29373079733928;62.39729241768487
2018-02-22;69.63949235729041;56.77425160018841;62.528774267956216
2018-02-23;68.30783068177249;56.72581000911049;62.50335183071017
2018-02-24;67.03854792277403;54.70304292092863;60.79601152297796
2018-02-25;65.99804887498874;54.29257473772198;59.74995131503401
2018-02-26;68.52276340460507;56.38742369222293;61.951599082557856
2018-02-27;70.01567174775845;56.86054994063218;63.3393798609293
2018-02-28;71.28053965866297;59.0961632394836;64.80240040346446
2018-03-01;71.78060031904626;59.98965067893679;65.61906924480428
2018-03-02;71.64840797648641;58.67085578264556;65.1308616407866
2018-03-03;68.75582151065247;56.853460927800214;62.27942282322953
2018-03-04;67.4004575194323;55.41467848319979;60.85790466464081
2018-03-05;70.39717206592817;60.281677736080866;64.15221657886512
2018-03-06;70.10869448924421;58.932389301957116;63.67770781141915
2018-03-07;69.75531789196319;57.14721233376197;62.741428078406955
2018-03-08;69.94405877319923;57.1316644816532;63.56519910928285
2018-03-09;71.26757579602058;58.830480345728006;64.9225451384026
2018-03-10;70.30979646433593;57.85076417997054;63.57193009690148
2018-03-11;68.12839431248167;56.58134965183685;61.95428834909555
2018-03-12;69.34621531462065;57.27151213716678;64.23514103123986
2018-03-13;69.56267800750048;57.22140858398512;64.07241125642898
2018-03-14;71.15371934467939;59.122082833128;64.81853899169684
2018-03-15;69.97388106913283;58.34168251038611;63.593511386181305
2018-03-16;69.78991003532452;58.78198301551433;63.497067816304295
2018-03-17;69.39690465837815;56.48707796116658;63.200031189087554
2018-03-18;66.2865462300404;55.59198278783353;61.295909589020674
2018-03-19;70.4846050323796;58.993125919687124;64.4666733847487
2018-03-20;69.36654031498234;57.8718750556762;64.44738687265237
2018-03-21;68.98921517046371;57.77665896604965;62.66594409717078
2018-03-22;68.97746856683084;58.02055879886244;62.86023326122254
2018-03-23;69.33598802685472;58.513455828056316;62.853537458454376
2018-03-24;67.54492740398932;57.660120674568915;62.558418901593356
2018-03-25;65.95899278300229;55.7188840386127;59.47307084194419
2018-03-26;68.42527779304453;56.700931159870585;62.37542372602811
2018-03-27;68.26928318114594;56.895077061508545;61.79904003465826
2018-03-28;68.00041294858343;56.5902374071658;61.5068012460786
2018-03-29;65.50475218971171;55.4068976612964;59.05416301606907
2018-03-30;65.57155280948096;55.7123373258422;59.12278041768647
2018-03-31;65.71414327737756;54.66770790450927;59.355011066994265
2018-04-01;65.06054474246311;55.25585470931264;59.22460309058104
2018-04-02;68.17486036001952;56.70495664182803;61.77726389429648
2018-04-03;68.93632584849169;57.716796611888455;63.68237995957979
2018-04-04;68.94117234356091;58.09683854671381;63.37242831276457
2018-04-05;68.84102865219907;57.78473467688243;62.43021071314288
2018-04-06;68.9614396700278;57.5877583892719;62.75246887551319
2018-04-07;68.69963281202025;55.44063819825986;62.22053762278048
2018-04-08;66.56657170790429;55.92046424397327;60.57042540182911
2018-04-09;69.93444157564883;59.06647149218196;63.662602673301066
2018-04-10;71.75831192955323;59.33239704565777;65.12298593294008
2018-04-11;69.71747665922233;57.95424757745951;63.571809699705
2018-04-12;69.30177996629426;59.61837890676608;63.00345195271944
2018-04-13;69.33804755027325;57.4431998211583;62.888829755743714
2018-04-14;67.43907580214031;55.881235140592196;61.84552723921395
2018-04-15;66.94112368184244;54.76983488986483;60.14785697990056
2018-04-16;68.98215879883165;56.87194020544615;62.77625582475036
2018-04-17;68.55701114518625;57.792483696569796;63.416733393558424
2018-04-18;68.81298967756572;57.36495022868119;62.37179246606824
2018-04-19;68.55816194616632;58.20376623736195;62.4684200180377
2018-04-20;68.88667401447522;59.11228434409074;62.49742753854596
2018-04-21;66.75881250295483;56.25003659349234;62.61201737888477
2018-04-22;65.92973488471037;55.36591788294642;59.65623476898305
2018-04-23;68.28279091492534;57.75339902470374;63.61884169384318
2018-04-24;68.20272925918574;57.04182806137205;64.70615715699572
2018-04-25;68.06985623243403;56.54737930505931;63.051900883334106
2018-04-26;68.34045822725113;57.239772348608035;62.08528278730439
2018-04-27;68.3137543886755;57.69652623555497;62.05889758581038
2018-04-28;66.15485823832452;54.95969060239887;60.166293729058076
2018-04-29;66.65512809920342;54.76528878339069;60.68635577933467
2018-04-30;68.33359768668417;56.66722130879046;61.94700312533925
2018-05-01;65.47297892105547;54.083940408880906;58.53341546492086
2018-05-02;65.93613815337369;54.6085750938029;59.814316644452305
2018-05-03;68.62064128334178;56.71171070799426;62.571553563239384
2018-05-04;69.0940264407698;57.78670621633741;62.16888953897757
2018-05-05;67.82286032227826;56.14086428961376;60.65059698944339
2018-05-06;65.95333480297231;55.06380478996729;59.488529752821606
2018-05-07;68.76932392411555;58.135748834223804;61.83030695944119
2018-05-08;68.76157375421437;57.65218114633987;62.49387798693923
2018-05-09;68.62465520706989;57.389227436797285;61.87033420515525
2018-05-10;68.47264381606797;56.581369447716895;62.54936162199283
2018-05-11;68.45411249574086;57.50314839646106;61.86942939516775
2018-05-12;66.31238244012735;54.84571129441271;60.19440033454898
2018-05-13;65.69746659050227;55.01905031601602;59.926300443916965
2018-05-14;68.02268770302727;56.52379911571967;62.21829025381066
2018-05-15;65.57583401619237;57.300308528240045;59.46363011600682
2018-05-16;68.09034825318071;56.85393157826087;61.63340698550847
2018-05-17;68.27500456113032;56.98263463591091;61.97688738780251
2018-05-18;68.42494640668963;57.44408906626955;62.57107189065743
2018-05-19;66.54092708863777;54.90801440795195;59.93687726539235
2018-05-20;65.41996722823241;55.075377906000796;59.56130040258681
2018-05-21;68.03486611296562;57.09157057030849;61.450885454514946
2018-05-22;68.7173908942447;57.28897283252544;61.91432147019653
2018-05-23;68.5722179099747;57.76937107327797;62.03751115719073
2018-05-24;68.58421270851755;56.47056316429875;62.05326983676868
2018-05-25;70.2721875881124;58.87060721177686;63.924393439003694
2018-05-26;67.1047055922688;56.640849266875136;61.23857964243265
2018-05-27;65.9877058077843;55.53460015616441;59.24018060759158
2018-05-28;70.21161217958321;57.405719025938964;63.229590162450606
2018-05-29;68.87552211030284;58.34942207348235;62.71324813778378
2018-05-30;68.7360611490549;58.98550751173046;62.6228504129756
2018-05-31;68.80968137151156;57.61021191438108;62.10467746164522
2018-06-01;68.44907591742344;57.16589403952797;62.36348532614848
2018-06-02;67.3307646692769;56.445841752258836;61.3296772325822
2018-06-03;65.88062119627966;55.37582102711994;59.718983655982434
2018-06-04;68.65936379965846;57.01099239297509;62.068631415322606
2018-06-05;68.53353304123212;56.930009664739984;62.19195241947327
2018-06-06;69.3271242544433;57.88839724685802;62.645227123410976
2018-06-07;68.73642682869081;56.49214008056491;62.0518349701888
2018-06-08;69.74283519668073;57.425183793490945;63.23780194147829
2018-06-09;66.95562850156274;55.94800713370377;61.891404932290975
2018-06-10;66.09096831306584;54.51691947894489;59.36773569473361
2018-06-11;68.339815723845;56.02182873484901;62.4276980848837
2018-06-12;68.38140187824098;56.906803279750974;62.01890033097408
2018-06-13;68.14569731630297;56.61363352900747;61.70895803685725
2018-06-14;68.25437128993578;58.293910412835274;61.51267856038724
2018-06-15;68.35183145435545;57.31434986379319;61.605147586059594
2018-06-16;66.86142302495608;54.56816541566951;59.771847117781334
2018-06-17;65.32121285914162;54.3326708667124;58.66991009022584
2018-06-18;67.94237572310566;56.103730003447836;61.33172960576118
2018-06-19;67.90218037597236;57.78099440383102;61.56488607493876
2018-06-20;67.95462652810616;58.02220085155681;61.68759571889284
2018-06-21;68.118536326694;55.81526433205978;61.37391243634526
2018-06-22;67.77619670383964;56.32601731876999;61.58715790470816
2018-06-23;65.58888613608782;53.982155209412895;59.37732285976999
2018-06-24;65.95574614961252;54.279830618985855;58.306076301257946
2018-06-25;67.64562051507349;57.44615992274667;61.11186857522338
2018-06-26;67.83418920893874;57.19875682617429;61.33513218034173
2018-06-27;68.03693848704638;60.03220233106561;61.394740147944056
2018-06-28;68.0596736706685;56.541307793044204;61.20594329296644
2018-06-29;67.99513107607584;56.70523128059049;61.3645519345239
2018-06-30;66.10088422734889;54.89729070846276;60.000441648595846
2018-07-01;64.71069053548558;53.94538540428586;58.974250117830096
2018-07-02;67.7740079594548;56.96348591566963;61.352338270798526
2018-07-03;67.82791153351825;56.357937572541815;61.391701385197635
2018-07-04;67.77937984710765;56.896319128795724;61.362961055747746
2018-07-05;68.06522324392333;57.53950107283251;61.5749933953871
2018-07-06;67.91893691029834;58.03996124535411;61.62171296139505
2018-07-07;67.79933334656965;54.9967095199614;59.13314950748151
2018-07-08;64.5483498121488;53.97490675412094;58.66730791552442
2018-07-09;67.64767688248656;56.23172319665987;61.29987805220645
2018-07-10;67.57712567985266;56.3618930426114;61.86024465489013
2018-07-11;67.63245149800193;57.30644192088565;61.96784895302486
2018-07-12;67.79019014226117;56.8256592956394;61.461377095482526
2018-07-13;67.72954318281725;57.22748539006992;61.71161238323685
2018-07-14;65.26199653397586;54.85812686727947;60.00292529230512
2018-07-15;64.50025541201374;54.4895097696793;59.68733346445433
2018-07-16;67.4860569707251;57.5794874233341;61.62114847354435
2018-07-17;67.4711246045574;56.26389239807991;62.0825407228315
2018-07-18;67.47903832887903;56.54097878898434;61.450724842856815
2018-07-19;67.54370302099542;56.76440253818204;61.30070811407797
2018-07-20;67.50750979351915;56.218608922470565;61.37754825091494
2018-07-21;65.9481870257992;54.44497957903636;59.098773884393
2018-07-22;63.90781312959069;54.57718176388085;59.32025319161519
2018-07-23;67.22580259959463;57.86837899217126;60.92266489974182
2018-07-24;67.23913943905806;55.99819068861245;62.872130003579585
2018-07-25;67.21252120824204;59.020342889280386;62.605280078277545
2018-07-26;67.62146321701468;58.39228041799628;62.69934717961725
2018-07-27;67.29770372814994;56.120371446006025;61.01770007945674
2018-07-28;65.08223688311372;54.772464591863255;59.18697406015838
2018-07-29;63.67780424703565;55.696617805083704;58.213457481182814
2018-07-30;66.9265268928277;55.93700230672304;60.75369658151565
2018-07-31;66.82307081540398;55.93825022250009;60.514001379026354
2018-08-01;66.48030593573795;56.98198320781004;60.359681503813974
2018-08-02;66.9267469844286;55.53341562134405;60.472208813036275
2018-08-03;66.71846011827293;56.44940037790132;60.49856777131638
2018-08-04;64.08335294648944;53.3977256865432;60.426009060236495
2018-08-05;63.334975241502676;53.03129497110392;57.70704945467814
2018-08-06;66.72314894185257;57.084938763296506;60.224579020413586
2018-08-07;66.49734201089929;55.119433571151426;60.815643782135986
2018-08-08;66.57538542068949;55.671657295858;60.73691697536599
2018-08-09;66.68367374520346;58.09728225123585;60.485914091591354
2018-08-10;66.85128306850588;55.23159011605402;60.153133423208374
2018-08-11;64.01496256399751;53.53494931846615;58.29016496201548
2018-08-12;63.286880897246974;53.03627396372875;57.200829432358454
2018-08-13;66.08401865680403;56.013510862452485;60.13474006851523
2018-08-14;66.25049725766861;57.25466945792344;60.18355534836275
2018-08-15;64.04958044475387;52.738397486103125;57.979413674092406
2018-08-16;66.29777742137901;55.76712184718983;60.211239557299876
2018-08-17;65.9306419257404;55.66794234738503;59.70424665716291
2018-08-18;63.970356260115096;53.19646596323988;57.95128135057709
2018-08-19;67.66853229083573;52.744335777559066;57.230014557359766
2018-08-20;66.38203543961718;54.70569000517628;59.73689227674856
2018-08-21;66.50937831703453;56.631577807429096;59.959585938185725
2018-08-22;66.89868237473937;56.0800904003909;60.75358801199648
2018-08-23;66.82669505507339;56.07391939724002;60.0235775978259
2018-08-24;66.47574406223697;56.35783620716428;60.35578331994901
2018-08-25;64.25056469903987;53.383325867460776;57.8302392840536
2018-08-26;63.614374606610426;53.22877825295056;57.28473004394098
2018-08-27;66.66146780691965;56.07320632360132;60.00650952893858
2018-08-28;67.14768725175969;56.06669187983054;60.60711232401097
2018-08-29;67.11342273830118;55.8794417763124;60.6927847854007
2018-08-30;67.48461501789954;59.430413878682025;60.82330299278259
2018-08-31;66.94996952034644;58.3092388645322;60.41847093557112
2018-09-01;64.98674827432886;53.927375724826724;58.64551696827027
2018-09-02;64.02669361294288;53.76944522436092;58.34010309133728
2018-09-03;67.41932120421046;56.09514783420424;61.192393723386296
2018-09-04;67.45751087043797;56.292557524968316;61.264953946214014
2018-09-05;67.67343067656329;56.44851873557511;61.68952851789439
2018-09-06;67.94912106387936;56.877660356226656;61.942898204728614
2018-09-07;68.32881785618581;55.82256562390686;61.67967333104138
2018-09-08;66.25334027250263;55.19527589045801;60.4608562829602
2018-09-09;64.56058532684493;54.537760342997224;58.88031844217397
2018-09-10;67.81773200736838;55.855271192994095;61.40290798630326
2018-09-11;67.80901016078747;56.2036992592142;61.85168286531892
2018-09-12;67.74712613684443;56.6645808795732;61.92676088734211
2018-09-13;68.54366649513372;57.29640125329401;61.43379158548535
2018-09-14;67.86536542985101;55.819894702163886;61.718758809003795
2018-09-15;65.81700306490787;54.177831357696945;59.38338469625502
2018-09-16;64.08687480182279;53.50492014808345;58.603290237717275
2018-09-17;67.75483458193796;57.34410581359118;61.35605515590115
2018-09-18;68.2580533013553;55.863418393529145;61.73611447584378
2018-09-19;68.22659694463931;56.20604961461068;61.497344976678534
2018-09-20;67.93464092246747;56.1299962213281;61.56001295676362
2018-09-21;68.11392049978653;56.63229255699488;61.34917141919039
2018-09-22;65.87296818733145;55.36626555497605;59.375721582020205
2018-09-23;64.65635139164854;54.57443638986361;58.61247190354766
2018-09-24;67.77097198191701;58.1734050674357;61.51384264575427
2018-09-25;67.87053266330888;56.12037988504561;61.586586742185574
2018-09-26;68.23685321077653;56.546847290031046;61.74736180500081
2018-09-27;68.69632200195836;57.993949061687275;61.79704060846077
2018-09-28;68.1180907386764;56.251540372795546;62.36201553259577
2018-09-29;66.08501209791618;54.34040801008215;59.90779919460184
2018-09-30;64.85196783386388;54.82373832779924;59.59345578268369
2018-10-01;68.22447565109145;56.28311062315424;61.72440403193833
2018-10-02;68.38208252622756;57.94510628117847;61.96974747008572
2018-10-03;68.24465087796749;58.74276071368004;62.18080112700869
2018-10-04;68.40089070004673;56.03796972333522;61.703067340720935
2018-10-05;68.24787135470817;57.28075209065747;62.2126655230616
2018-10-06;66.44040060031257;56.09305455476216;60.58791973268854
2018-10-07;65.37044324583454;55.57826475227416;61.04125438259974
2018-10-08;70.36588421906441;57.890669149315414;62.238541960730096
2018-10-09;69.54359991030702;56.58334571723218;62.00737008344379
2018-10-10;69.24040770335247;56.68898285704407;62.41211339669959
2018-10-11;69.5571319687164;57.573399969609646;63.13498218634461
2018-10-12;67.41160811391775;54.754609434588055;61.32569058883567
2018-10-13;66.08125923839413;54.3505666037735;60.7169536678035
2018-10-14;65.93891365962827;54.543443018812994;60.88558916823846
2018-10-15;68.74995689189618;58.47463097156889;62.32400115712504
2018-10-16;73.8062309143009;56.75715485580462;62.517949995992026
2018-10-17;69.06864913561061;56.428795959280706;63.224865593958135
2018-10-18;72.01582066431004;57.57640021828482;62.527998517160206
2018-10-19;69.96040136428391;58.14277867421077;63.622874351018325
2018-10-20;68.18933697777854;55.91831382188596;62.231282849503856
2018-10-21;65.98286183352553;54.74395666641517;60.21161495995184
2018-10-22;76.59049109028278;56.67103159489319;62.37405195509734
2018-10-23;68.42579633021563;56.820952576372406;62.41359460423412
2018-10-24;68.56632802297877;57.366009050478226;62.574493127442764
2018-10-25;68.59135138976907;57.24878201412625;62.36444457676514
2018-10-26;68.36973881478892;56.49221302927459;62.85015830717984
2018-10-27;67.64676553563815;55.887361185538694;61.336244873902004
2018-10-28;66.35284328048654;55.58068384599391;60.148171318782396
2018-10-29;68.78186260320277;56.84924237908655;62.591216217452164
2018-10-30;70.7393585854282;57.880124879030305;64.35048052683241
2018-10-31;69.80981453568701;58.32150593258628;63.50255551733012
2018-11-01;66.73826972823002;55.151672584830926;60.076005897593646
2018-11-02;68.1132464119003;56.147414411749494;61.941372826788125
2018-11-03;67.04368327419175;55.2796056422591;60.95771193598218
2018-11-04;65.73140004803332;55.2029914540019;59.99375155356873
2018-11-05;70.17820195122309;57.612937190079556;63.76670578382718
2018-11-06;69.36455475666637;57.07582157477023;62.87719361822301
2018-11-07;69.86168170298036;57.629988759929574;63.941503193018185
2018-11-08;69.57759668208864;57.325040082795965;63.18056785885525
2018-11-09;67.38058409727212;55.56248747716184;61.543124153669275
2018-11-10;67.43800179566956;55.75651414804389;61.446052352421304
2018-11-11;66.52333530132813;55.054162347125285;60.393038330100836
2018-11-12;69.27985117393705;56.97097836001704;63.44922089373213
2018-11-13;69.04976608955802;56.7027439054662;62.83612607694578
2018-11-14;69.08130094826929;57.81656436681526;63.16575418333889
2018-11-15;69.17909666493136;56.76292198683385;63.02525397340482
2018-11-16;69.33153310143977;57.17286126022506;63.45010390305755
2018-11-17;67.80108501472321;55.35864280401743;61.52238762249318
2018-11-18;67.21399005248827;54.63209599832168;61.023759375815814
2018-11-19;68.94624862415026;58.587636499818096;64.6159260246596
2018-11-20;69.7435833043248;60.603291430767214;66.92181460792648
2018-11-21;69.48730126589092;57.67836729333161;63.379095962515066
2018-11-22;69.56872122566416;57.045066563520194;63.254075932854875
2018-11-23;69.66764852670087;57.244569706772445;63.44965517853915
2018-11-24;68.00300206742921;55.15964748405387;61.804143124828926
2018-11-25;67.30802914768297;55.2424587846962;60.901640381051045
2018-11-26;69.33869488054685;57.068406309369095;63.45288116311946
2018-11-27;69.15392026693425;56.54899237270426;63.17858823554174
2018-11-28;69.35387447255496;57.64580015633222;63.111744514140696
2018-11-29;69.10817563135377;60.05752625304453;63.26887988197194
2018-11-30;69.63102189184048;57.05046331353622;63.232999829389705
2018-12-01;67.75351241245262;55.20057436831854;61.65615016757855
2018-12-02;66.63436853260811;54.91736288378253;61.05830595537892
2018-12-03;69.1751968259963;57.07136093122535;63.15381931819229
2018-12-04;68.84816011633403;57.51989983755902;62.904217946149544
2018-12-05;68.89864793968674;57.48628250641866;62.90895039583316
2018-12-06;66.68750533286334;56.68939359906958;61.24634935062038
2018-12-07;68.20910989590065;57.548786948942436;62.43890635416509
2018-12-08;66.33766966849204;55.98084602941192;60.45909444622998
2018-12-09;66.8395627814176;55.90731786558169;60.50228441474864
2018-12-10;69.02416630622318;57.10676124665739;63.135018089141674
2018-12-11;68.9258641518386;56.81448041791895;62.89759833839925
2018-12-12;68.99149565978331;59.09605826956689;62.71447400452242
2018-12-13;70.63440360017668;58.547828761555955;64.6185317942137
2018-12-14;69.46287246741426;58.03053297439917;63.22684411274671
2018-12-15;67.8278241287205;56.965574294710706;62.118393453377976
2018-12-16;67.64514177557209;55.85734799905406;61.227492902752914
2018-12-17;68.91246568646449;56.89811890179715;62.97341275178833
2018-12-18;69.20791283332748;59.146475820664605;63.003683026799806
2018-12-19;69.54395923023239;57.34806532093148;63.427244873021195
2018-12-20;69.46128768194028;58.84299291271948;63.098295419655585
2018-12-21;69.20780025127993;61.01555121031556;63.04911691736319
2018-12-22;67.36586889146328;56.634666656174;61.455102726135856
2018-12-23;65.7107769849486;56.07168704715483;60.951891297431956
2018-12-24;67.70055677466318;56.676879718688234;62.83994566143625
2018-12-25;65.00844308753199;56.15482252605776;58.97119777069635
2018-12-26;68.09633899460249;57.24001875474738;62.41260075504074
2018-12-27;68.47892393328407;56.50758789225754;63.64932979094684
2018-12-28;68.54598027878617;57.12728905633284;63.11365723134054
2018-12-29;66.62577823898053;59.5558198688773;61.246152700691994
2018-12-30;65.89855621841801;56.255662951276335;61.836549027340766
2018-12-31;68.37754042314062;63.3496563512868;62.43626072971598
2019-01-01;64.88986544327288;57.34355594891754;59.65474274544632
2019-01-02;68.09864002408273;57.07707699121408;62.73278580097734
2019-01-03;68.361005425943;58.01950655494459;62.167210936989754
2019-01-04;68.33448754285351;57.280122438305376;63.40000762402187
2019-01-05;66.62578779927743;56.24052229414253;61.70026075123633
2019-01-06;65.71121789033404;56.87893877239945;59.71131721029978
2019-01-07;65.93944667997097;55.947288763706766;60.287540600227246
2019-01-08;68.35959409030298;56.706671972468115;62.29263217639765
2019-01-09;68.88719153840248;57.971669210483554;62.58486172847832
2019-01-10;68.9770445433028;57.46045327665418;63.532334724791106
2019-01-11;68.82272976511175;57.06532753529105;62.62926556693638
2019-01-12;67.2809164170983;55.74662678729135;61.07617819994515
2019-01-13;66.24560708242795;55.01536756011495;60.489333329506096
2019-01-14;68.68982690886169;56.56117381853471;63.32323857787921
2019-01-15;68.86793913095846;57.16263175159505;62.51613084610198
2019-01-16;68.84866359616454;57.144788567346524;62.74634460391305
2019-01-17;69.1180787121701;57.14579094731305;62.30891781981822
2019-01-18;68.92519093365082;56.62884043701672;62.90001694929485
2019-01-19;68.48201137342704;56.116489068262716;61.88333798545912
2019-01-20;66.53486114440736;55.11344797091919;61.05776195577269
2019-01-21;68.87046962537211;56.9564436698885;63.35439677348088
2019-01-22;69.20712662695259;58.754052730628544;63.15047160049097
2019-01-23;69.12581777969012;59.71255924918051;63.59704206478223
2019-01-24;68.71471641189365;56.48717136845672;63.184861403749665
2019-01-25;68.62469469009996;57.793136962162734;62.707759804179716
2019-01-26;67.38155925782105;55.37700305775026;60.96686803196871
2019-01-27;66.35393872894974;55.127274690641784;60.57676702039246
2019-01-28;68.8209101517794;57.181495666526985;62.69737287030584
2019-01-29;68.86584140153316;56.62163314978442;62.68418776467952
2019-01-30;68.89081308268084;56.66604893228079;62.51107116673762
2019-01-31;69.23467085068938;58.03339885228745;63.462831774262504
2019-02-01;70.88728486688119;58.30753488251963;63.72494084260504
2019-02-02;67.85753501861421;55.647885381745226;61.45951218676852
2019-02-03;66.52706430839663;55.2532456375086;60.162560820654605
2019-02-04;69.18205643409439;56.90381557928349;62.53980503526969
2019-02-05;69.40245764733884;56.98909484060376;63.38962453886153
2019-02-06;69.3725489171123;57.012967459824175;64.08888855757391
2019-02-07;68.80003049360953;57.130544165973035;62.71214438817243
2019-02-08;68.98984512616285;57.883059179208864;63.02391279913775
2019-02-09;67.3781694309122;55.64944326956477;61.24157545068045
2019-02-10;66.55090329284164;56.05219397411338;60.60742918182938
2019-02-11;68.77080192473821;58.896193118920564;64.16553548445714
2019-02-12;68.88278404108588;57.11182118893022;62.74018905730975
2019-02-13;68.7732227645925;57.55549828312407;62.61997114726142
2019-02-14;68.9463219657932;57.562746463470795;65.20518489338018
2019-02-15;68.9967041211887;57.22510378870688;66.88878139388636
2019-02-16;67.0694568945782;56.469718630295944;61.565136469090646
2019-02-17;66.18420375139917;55.76745569232659;59.69988537492851
2019-02-18;69.02875521335406;57.555247937494876;63.313057183131114
2019-02-19;68.73664892393657;57.523345042645424;62.28919839968657
2019-02-20;68.824823557847;58.31431675145347;62.89139234822997
2019-02-21;68.76992352013418;56.63309044299738;62.922826202537735
2019-02-22;68.77621406059639;57.194046293306336;63.680929600597615
2019-02-23;66.96156998469378;55.24934057076603;60.44103828198093
2019-02-24;65.70235733926108;55.03837072089486;59.76644265123929
2019-02-25;68.48923367436025;56.807532129552065;62.5898273328862
2019-02-26;68.33733078909871;56.65520711523356;63.322565693297875
2019-02-27;68.3276727796789;56.54477488716929;64.23264947286111
2019-02-28;68.48781629943707;56.984818008731885;64.03158569307887
2019-03-01;68.1193927613956;56.82672410468183;62.334521289169665
2019-03-02;66.67441426773178;55.0699699803359;60.29761708310711
2019-03-03;65.91878578943016;54.82142962154373;60.333556425258195
2019-03-04;68.50880137136156;56.90204771962322;62.43940258410813
2019-03-05;68.64769442836773;56.930288878766724;62.948060351218004
2019-03-06;70.14948174872949;58.85070544716504;64.55062823285131
2019-03-07;68.84787133759568;57.40791336050258;63.442768568892525
2019-03-08;69.3085859410618;56.96360432943643;65.7991482895741
2019-03-09;67.0958419880298;55.57092815855957;60.53638382770255
2019-03-10;66.55187251016321;55.36119614465043;59.79243938008227
2019-03-11;68.34282765225274;56.32341248189357;65.73580297156617
2019-03-12;68.22137085230243;58.13924585549643;63.599665036105584
2019-03-13;68.26927347817558;56.46667963056416;63.50710818972463
2019-03-14;68.56595159996706;56.67742472758582;62.57338646931945
2019-03-15;68.38823295999075;57.894789422802305;65.08619071461426
2019-03-16;66.49418567333113;55.286502172130895;60.52661877659568
2019-03-17;65.57985954959213;55.503921762006215;59.619014518900954
2019-03-18;68.08905899255437;57.515876521064435;64.5963048555988
2019-03-19;68.06508227482797;57.19526178459886;63.18496545313919
2019-03-20;68.23202816342442;57.60149803483078;62.439479891075614
2019-03-21;68.48081004891769;59.024525195974995;64.04131793613772
2019-03-22;68.07410225926218;57.22267226650128;63.44140460732355
2019-03-23;66.63428508066964;54.99922281081085;61.75279802126467
2019-03-24;65.25880361871872;54.490526544954385;59.31623476965251
2019-03-25;67.9145182576905;57.91655781263495;63.38191185966896
2019-03-26;68.38890705779521;58.21140441515567;63.38216866222122
2019-03-27;68.02862046615054;56.972911435283365;62.413306605850906
2019-03-28;68.08489983706824;57.566172158721216;62.19667322028859
2019-03-29;68.14387711065956;57.204069742652706;63.5665105849969
2019-03-30;66.07452889953275;55.34231211805202;60.92587448064571
2019-03-31;67.04723344554841;55.260260172944164;59.748709016929915
2019-04-01;68.11850857165184;57.001722753655244;62.816953735719146
2019-04-02;68.1253299424879;57.01497713748587;62.44132551956565
2019-04-03;68.19952386179885;57.16178355097128;62.912661855545906
2019-04-04;68.54121931552486;59.24236565418795;62.79805904871611
2019-04-05;70.14331024031475;58.828618175619035;64.7664787836534
2019-04-06;67.66329810290686;56.026212086620426;61.54862033531902
2019-04-07;66.46528982999114;55.91187029196189;60.03358896232047
2019-04-08;69.20377007259633;57.741403901249136;63.8173644620711
2019-04-09;68.83750723202958;57.53998392522292;63.047814887799504
2019-04-10;68.36781775932019;56.87515886037714;63.19845627045703
2019-04-11;68.55847312551455;56.97333206308717;63.645923305944414
2019-04-12;68.17975653092626;57.547339942999905;62.171368025708404
2019-04-13;65.51329767025913;54.49366036259769;60.706939021693785
2019-04-14;64.24838024404181;54.49273647715123;59.42991525504161
2019-04-15;67.54158679711298;56.70737929722301;61.78604607516148
2019-04-16;67.37709411394759;56.068095782330076;63.06583843961509
2019-04-17;67.0448891014758;56.250816983523464;62.183679889326754
2019-04-18;67.3700286320116;54.42307780750141;60.66859817954811
2019-04-19;66.7862587268891;55.13712235811079;60.46618692603836
2019-04-20;65.24960839587554;55.171912368037866;59.7647298825742
2019-04-21;64.87865283368207;54.05828201878457;59.499349990523704
2019-04-22;67.57461310405205;56.91021545603266;62.19290577975727
2019-04-23;68.73338869652997;57.36044687663999;63.21707801815302
2019-04-24;71.06787027916893;59.56910167743699;64.748284374705
2019-04-25;69.10642681881501;58.980080342208836;63.24353614839042
2019-04-26;68.48380522882394;57.31313276840096;63.67373719360438
2019-04-27;66.65884454093383;55.44050987472506;61.03987139344086
2019-04-28;65.28148211246132;55.229439897610305;59.715198988807174
2019-04-29;67.63356325694357;58.43860566741034;62.59699139491167
2019-04-30;68.05297644279518;57.786006978580986;61.94013367767488
2019-05-01;65.06023841462763;54.524520075725704;59.291152391089824
2019-05-02;65.17410152920017;54.739866120061;59.436582892577405
2019-05-03;66.88749388101135;55.945281027962565;61.030380948263584
2019-05-04;64.99446980721967;54.784877048383805;59.21617676558493
2019-05-05;64.76849271010198;54.56956866576619;59.34446554929683
2019-05-06;67.39214455094492;56.31673522145252;61.482857645693365
2019-05-07;68.07168399941234;57.760154050293664;61.69846782161676
2019-05-08;68.29300790674968;57.80030394322254;62.802188240080824
2019-05-09;68.14331434051465;56.72809532968185;62.64208347314768
2019-05-10;68.13510266379353;57.199563031994586;61.982496034640214
2019-05-11;66.02353517502738;55.23485571909377;60.38656187776756
2019-05-12;65.07388891319013;54.40142856760714;58.924408167845435
2019-05-13;67.72302839260433;56.20465043906134;60.96291054839173
2019-05-14;67.39458227670721;56.152717742891134;61.33443496176896
2019-05-15;65.11737262031384;55.24574087941932;59.331486040023755
2019-05-16;67.8085039706867;57.70352721158013;61.40952044085744
2019-05-17;68.04101513583647;57.797791097401515;62.443479676345106
2019-05-18;65.9241866349393;55.46743887785144;59.85871632803557
2019-05-19;64.96406246526627;54.71725059161844;59.30848060107199
2019-05-20;68.1535078051141;55.76218919614939;61.65432643512676
2019-05-21;69.88166519638297;56.06563942287892;62.39337162114515
2019-05-22;68.02392808450553;56.19715140054177;61.34536307566734
2019-05-23;69.15092677264239;56.388818298641255;61.467922938604815
2019-05-24;67.98435401244383;56.89663802580699;62.59066062343449
2019-05-25;66.00032455935288;55.40778798445082;59.924694671913
2019-05-26;65.10279167888784;55.442586315164334;59.37214417477896
2019-05-27;68.02466765059802;56.60454178565972;61.58091189807051
2019-05-28;67.96265621325496;57.35637770909225;61.62979463189161
2019-05-29;68.15060411224745;56.703569735164024;61.99794810509463
2019-05-30;68.07085335759135;58.59067645012517;62.028575151571495
2019-05-31;67.7289948397721;56.199407421015415;61.82136975231864
2019-06-01;66.27205964603826;55.041986149230596;60.10973971377288
2019-06-02;65.0278988675663;55.288513291597006;58.93198171460553
2019-06-03;67.59375382029333;57.74991880345028;61.512137288449686
2019-06-04;67.86989146002384;56.6651741807283;61.560825976359226
2019-06-05;68.11326364220979;58.25044894294541;61.95358105369002
2019-06-06;67.78581233687218;57.96431080871059;61.596304766079214
2019-06-07;68.15279325501376;56.877360767767414;62.54690293109115
2019-06-08;66.09104983125971;55.56346898352427;60.23962678343325
2019-06-09;64.73454183186347;54.94694530928652;59.04932583697541
2019-06-10;67.52187601146495;57.33305808918797;61.22012207868147
2019-06-11;68.03551085894755;57.456259109708434;62.27110718345643
2019-06-12;67.63354140997214;56.850923485989696;61.64905453893479
2019-06-13;67.76755562491319;57.62268628254773;61.84534305242826
2019-06-14;67.95309836167151;58.40634507240763;62.565469315036694
2019-06-15;65.77074697838827;56.849437209802815;60.02219115290845
2019-06-16;65.07741260644552;56.62896654300492;58.59765440311199
2019-06-17;67.38560019137051;57.55894971116636;60.99241754222528
2019-06-18;67.76294505321778;57.054296822459285;61.47787639485486
2019-06-19;68.0841587414722;57.46425369148525;61.71979907740148
2019-06-20;67.95232462405521;57.236537184633214;62.12667324597574
2019-06-21;67.80544052631265;57.01000860972391;61.644063118783485
2019-06-22;65.7404375490147;55.72709687875165;60.16869360949552
2019-06-23;64.62277495901974;56.16882500103114;58.24301286679268
2019-06-24;67.44033704622838;56.905382630642364;61.297141165849894
2019-06-25;67.59239912460579;57.15392858745611;61.297840744126155
2019-06-26;67.61961281237643;57.237832489794286;61.24537694941775
2019-06-27;67.83939116895206;58.75540573227777;62.07698836729985
2019-06-28;67.8138222400881;57.69109892473231;61.732518845555504
2019-06-29;65.15948165729357;55.15132521600972;59.57415969726023
2019-06-30;64.55699977229364;55.89582124089499;58.23897686258496
2019-07-01;67.23527165303781;56.49793194900522;61.0140979938834
2019-07-02;67.50948807154222;56.52769472408644;61.493813597781326
2019-07-03;67.74872848797604;56.58042130919802;62.25409797813437
2019-07-04;67.65032406375228;55.81674937573406;63.449036107016035
2019-07-05;67.5471440614869;56.4550074785171;61.199666620397515
2019-07-06;65.92167156259305;54.6064707898692;59.40157217724063
2019-07-07;64.20438247050713;54.90472463301398;58.28170830614927
2019-07-08;67.34310888450514;56.974080673908325;61.40433633463415
2019-07-09;67.60998011583973;58.15726446602828;61.19675923191386
2019-07-10;67.53535806529757;56.602056652636165;61.32708012287559
2019-07-11;67.49052752394229;57.107403684712345;62.323306513624686
2019-07-12;67.2495028568547;56.32710709199975;61.428295026690904
2019-07-13;64.93640139698505;54.46158591812977;59.440530004590386
2019-07-14;63.88903501500145;53.756746543446006;58.35868431247938
2019-07-15;67.29211892491276;55.79693599422712;62.29674846388946
2019-07-16;67.24966191897755;56.987914189034356;61.05654339899328
2019-07-17;67.30047031570672;55.964351258062514;61.14791019352535
2019-07-18;67.35898853992113;56.47845371527133;61.148460687023736
2019-07-19;67.19358375854823;56.75074581266979;60.993332169180334
2019-07-20;65.04428242344879;54.5841204108081;58.87357610189379
2019-07-21;63.80275321373756;53.83423615326238;57.679480595369796
2019-07-22;66.61061555247709;56.34493303640491;61.258344846639325
2019-07-23;66.92231153932912;56.90414082828016;60.64981666598412
2019-07-24;66.85636570604436;56.601066347463195;60.71697396555223
2019-07-25;67.11806462844868;56.84750330674083;60.88909767254282
2019-07-26;66.89034349589774;56.615226175440085;61.32171888462538
2019-07-27;65.54423988402591;54.44167546583011;59.092411907394855
2019-07-28;64.09481243940873;54.62866780942871;57.96573292524044
2019-07-29;66.78847479411742;55.405667656257556;60.40495111450796
2019-07-30;66.81511589020046;56.04249664926907;60.6953960462939
2019-07-31;66.9693233600252;56.90460828014469;61.15713765402756
2019-08-01;66.84936370910245;58.13429323996644;60.21639746818557
2019-08-02;66.60045931364854;55.603198212977006;61.16736791027918
2019-08-03;64.73820584796435;53.288896247964104;58.5539278180363
2019-08-04;63.926461507198425;53.78605707264123;57.71436930970186
2019-08-05;66.38750501885339;55.60317659228198;59.90565112824151
2019-08-06;66.3593138893079;56.35179228800592;60.196284112911904
2019-08-07;66.4216995072175;55.74956188821318;60.76709612817547
2019-08-08;66.67581449202957;55.972565701515904;60.099138731094015
2019-08-09;66.75084605907243;56.78168285395762;60.698083171288715
2019-08-10;64.45694384186238;53.763725219664636;59.076487055343094
2019-08-11;65.5144218682542;53.65726866398358;57.3624953532171
2019-08-12;67.01886788353795;54.88821499079044;59.94076814760119
2019-08-13;66.21186981870599;55.059727495350536;59.883095834576025
2019-08-14;66.01099635011923;55.68984422485758;60.11071724157017
2019-08-15;64.33963379831363;53.41568719450961;57.954086898978936
2019-08-16;65.46239288728049;54.55260590008187;59.065441170629626
2019-08-17;63.50507031883832;53.95744858846433;57.650276640540035
2019-08-18;63.08492201668276;53.9041841857062;56.977380012155606
2019-08-19;66.82615563139045;55.13817991946137;60.200622830483894
2019-08-20;66.53703695627601;54.7245514044992;61.24282780478374
2019-08-21;66.41072540175404;56.47426504417765;60.229653275190344
2019-08-22;66.95761316027941;55.750419543131535;61.05097209657892
2019-08-23;66.5624496109838;55.67149299999599;59.98276327447667
2019-08-24;64.43743931900799;53.7590301184799;57.83500030980042
2019-08-25;63.68606358238636;53.011977969298556;57.84381740644957
2019-08-26;67.64355563346177;57.69968006334926;61.77758412456923
2019-08-27;67.06018967026944;56.13936515046248;62.616639203111944
2019-08-28;66.77348933607797;56.039905350696905;61.41834349071615
2019-08-29;67.09843719158864;54.58187159568045;61.03119882382352
2019-08-30;67.02390944097533;55.74254478027207;61.39626616576073
2019-08-31;65.06105836577105;54.21389535015659;58.975863025376896
2019-09-01;64.33835068537387;54.84432679678942;58.91204199575539
2019-09-02;67.3289079992381;55.574913558905045;61.700716322917295
2019-09-03;67.43947884464556;57.85733476120154;61.84377329463081
2019-09-04;67.29776630239736;56.506340663569006;62.29844677690876
2019-09-05;67.93154491328661;56.49574840475859;62.315059899060174
2019-09-06;67.75364477801972;55.75071093095265;63.267656282962584
2019-09-07;65.51178629332958;56.8345813312371;59.20790541636273
2019-09-08;64.21285724059888;53.78562782547193;58.73734282635294
2019-09-09;67.51374834256004;55.86313801129096;62.218498553377806
2019-09-10;67.7861084350043;59.17454302553351;62.659944739849685
2019-09-11;67.79862287418896;58.04734027441142;62.57131814048398
2019-09-12;69.32429949155625;56.656012864143236;62.756634600399536
2019-09-13;68.58257120029712;57.023254382297004;63.52443530274418
2019-09-14;68.0252164218675;56.0083369382317;62.0871136385029
2019-09-15;65.81216292179691;54.55828007775865;60.07399982790001
2019-09-16;70.02628279609002;56.05368138434588;62.650096102792745
2019-09-17;69.1423779541122;56.883199441379844;63.18538792319674
2019-09-18;69.14333769412617;59.07610433630723;62.50938503717209
2019-09-19;69.25863231183794;56.56277207255043;62.91645534042815
2019-09-20;67.94856045187221;56.4671985679574;62.91406272051046
2019-09-21;66.59886816188502;55.12351463494731;60.01468989435105
2019-09-22;65.79644442058716;54.483196889493684;59.55432096528479
2019-09-23;69.17800421449004;56.33316669337694;62.778245420926744
2019-09-24;68.94109777639018;57.55812092998225;62.814185598779304
2019-09-25;69.12718746098867;55.77111520227607;62.87005081520219
2019-09-26;69.78483984353501;56.80065948067102;62.6581768267196
2019-09-27;68.48613627360751;56.170514830153536;62.676723618577206
2019-09-28;66.24922691574176;55.23797862470793;59.85202870090469
2019-09-29;65.23843085307918;54.65642459788697;59.22816772013513
2019-09-30;69.54067270559223;55.936979933334136;62.41428364206362
2019-10-01;69.27728261317716;56.38479956202055;62.67386823681057
2019-10-02;69.58527226455858;58.4200934962326;62.52822244571965
2019-10-03;69.63656289676578;55.884447471017864;62.212752327628536
2019-10-04;68.92767556138527;56.68209293006244;62.65318709778108
2019-10-05;66.65892378502683;55.47124593639424;60.447076816074095
2019-10-06;65.76627110300349;55.27094210916222;59.36155996418806
2019-10-07;69.79302494399802;57.73190788555746;62.31755347366332
2019-10-08;69.49188501316085;56.154804812815996;62.67142784832707
2019-10-09;70.1643672155304;59.592475035922035;62.82472245838652
2019-10-10;69.9180862799524;55.95222777408882;62.41021205302677
2019-10-11;69.70634043908818;56.254144967548434;62.75092556571424
2019-10-12;67.10208123511357;59.08069265670071;61.07233040520648
2019-10-13;65.84815639971077;54.772918380059956;60.86647390320336
2019-10-14;70.15726876743685;57.221733470096495;63.143737275643225
2019-10-15;70.15106717323164;56.27239742023959;62.87903220073217
2019-10-16;69.92807744571404;57.164575398096254;63.0403497540682
2019-10-17;71.01255474611085;56.76825870557887;63.28259948883243
2019-10-18;69.71827264433274;58.033424307671964;63.246978771960876
2019-10-19;68.44396499975383;55.53723781743372;61.11219498768206
2019-10-20;66.44894501649334;55.322042722014814;60.357601351036905
2019-10-21;69.37940361079231;57.30636896163253;63.08860304493368
2019-10-22;70.11299066425711;57.21191337549041;63.2805137318156
2019-10-23;69.45932686165926;56.66495605398907;63.789031857925316
2019-10-24;68.67892798269578;56.29838602038936;63.163026643316115
2019-10-25;68.57078914429788;56.88684748248196;63.09283156604244
2019-10-26;66.64578109082436;55.58919843439638;60.496705172836144
2019-10-27;66.02878748311004;55.009689164889586;60.211507793246206
2019-10-28;67.97614076576936;57.12995347515837;63.22001086807214
2019-10-29;68.35605333578745;57.21476013022201;62.92528819084343
2019-10-30;68.18832530113461;56.62554960243152;63.75540694813112
2019-10-31;68.22987042627183;56.65014863020852;62.88304460590956
2019-11-01;65.76692789645844;55.42837434977095;59.67388653322462
2019-11-02;66.04185756760776;55.445969938122666;60.07885804622701
2019-11-03;65.85476991554702;56.50170138683286;60.69040293294474
2019-11-04;68.57211492759754;57.547706610178146;63.98763993760894
2019-11-05;68.90438105658859;56.70376712838986;63.633848039586354
2019-11-06;68.74275153498917;56.300635955579665;63.664380753063945
2019-11-07;68.75481028972523;57.48006314229781;63.678517412176745
2019-11-08;68.92937601205391;57.35362086820452;63.88970912374844
2019-11-09;67.14592368368062;55.34370863704127;60.99505853172925
2019-11-10;66.51053101778082;55.77579367846874;60.94109023958532
2019-11-11;68.7223172402234;56.926835151156254;63.79127544369334
2019-11-12;68.55788725087234;56.51187456243113;63.0880969144254
2019-11-13;69.1451573900084;56.7110840817478;63.6835995539279
2019-11-14;69.46891721128252;58.22571033547683;64.21270875389745
2019-11-15;68.86056223176121;57.00455159986938;63.82445510018174
2019-11-16;67.9617706402057;55.702589720866136;61.3642175195826
2019-11-17;66.76987321003799;55.00154264497779;60.7469234860773
2019-11-18;68.8765919393241;56.87760035706735;63.64624046416529
2019-11-19;69.01666957466173;56.69405487824136;63.518330754936734
2019-11-20;69.28458568286224;57.34909980311382;64.01686662998239
2019-11-21;69.98648933589597;57.57825793981071;64.00117570391356
2019-11-22;70.79469645209042;58.28798796279786;65.01127508812935
2019-11-23;67.53235067524545;56.36956817923774;62.057510781706085
2019-11-24;66.52768408248774;55.26241986763881;60.45634358344665
2019-11-25;68.51872793655617;57.224594191461115;63.69056243258801
2019-11-26;68.9282646937634;56.702661332352406;63.30901589957213
2019-11-27;69.07642257675177;58.0712003341192;63.631542262769294
2019-11-28;68.95016826395809;56.35135397798683;63.569639051629565
2019-11-29;69.29268184610086;57.210455183543196;64.0175841761251
2019-11-30;67.13379695470667;55.92344740315858;61.4708643643924
2019-12-01;69.16374913314313;56.6286730178097;63.34162147605788
2019-12-02;70.01557134297634;59.21178496081397;64.51557510882276
2019-12-03;69.07816508181418;57.12929244023046;63.93175941101561
2019-12-04;70.32255383067393;57.67896404924418;64.59854537186303
2019-12-05;69.40479854242041;61.16692837088155;64.15919253980314
2019-12-06;66.33104930139454;56.77032618438946;60.778641623273764
2019-12-07;66.65621340067476;56.27838239547881;60.822756939363565
2019-12-08;67.26550810616905;54.958997050067346;60.8763373610335
2019-12-09;66.58079001179797;56.188491774987526;61.10155645287374
2019-12-10;69.20134766833563;57.099737381750586;63.60775372094213
2019-12-11;69.12502263452977;57.51440678433503;64.21166469299042
2019-12-12;69.55630290776378;58.62746328788219;64.25130702616985
2019-12-13;69.02324718240668;58.37353790617015;63.88592018644609
2019-12-14;67.65739240135866;55.75290834053171;61.72868155313495
2019-12-15;66.98467361887114;56.81095024232039;60.95286199670689
2019-12-16;68.62423196783517;57.805950418560045;64.44723655336203
2019-12-17;68.92717072611605;60.916612242413976;63.02954252440706
2019-12-18;68.8674057092267;58.55009620303751;63.011845492929204
2019-12-19;70.1321642211783;57.91643989306465;64.45286033218599
2019-12-20;70.15904165503274;58.06518100261264;64.38937288315446
2019-12-21;68.89977678399606;59.15820568639767;63.402020222219306
2019-12-22;67.23709808892073;56.3590231460512;61.022975768026726
2019-12-23;68.65224263449376;58.43509248136;62.55401871760539
2019-12-24;67.63709784789782;57.88101423562342;61.8277273034813
2019-12-25;65.53990067454153;56.15969439283937;58.80599108072009
2019-12-26;68.29117190173655;56.47732092185923;62.3673128716738
2019-12-27;68.34722897718446;57.02425369836818;62.0427420875812
2019-12-28;66.64502709813918;56.55397179393924;60.8065243958838
2019-12-29;66.16903729658668;57.0363696238782;59.96908374559432
2019-12-30;68.10001811592052;56.92261119487875;62.10596353583512
2019-12-31;68.360086250871;61.13773380207235;61.915033118806726
2020-01-01;65.69766466219433;55.03742199801265;59.59284768076053
2020-01-02;68.33726366347358;57.887470642387754;62.54954387484126
2020-01-03;68.5019493806924;57.684034902467324;63.10527114647165
2020-01-04;67.21961668767969;56.00402623624461;61.6937671884677
2020-01-05;66.58011582907831;54.87536254222104;60.97739168418908
2020-01-06;66.28504507963844;55.61030516021412;59.88324393830987
2020-01-07;68.4899950884128;58.09648803428006;62.334294685570946
2020-01-08;68.65967017803465;57.43016676631706;62.81603156310307
2020-01-09;68.8182024752319;57.05188545123641;62.93516059774252
2020-01-10;68.75772336207646;58.89236466461995;63.0258933700257
2020-01-11;67.45909879168923;55.70262636133527;61.18296593625192
2020-01-12;66.73051703975787;56.900445275458786;60.04754493230873
2020-01-13;68.92667541665266;57.01718406773685;62.791638274753474
2020-01-14;69.03438528906682;56.77749695695128;63.37703379936557
2020-01-15;69.0116776060508;57.31589971063901;63.13711455225268
2020-01-16;68.98320962287437;59.52887398638236;62.86942646838269
2020-01-17;69.06139729568899;57.720166727021805;63.06693619084841
2020-01-18;68.9022814085383;55.65515995588033;62.40943217585891
2020-01-19;67.09200034563135;55.75333293141837;61.401203907857806
2020-01-20;69.0037839120723;57.328919262822524;62.97321737704047
2020-01-21;69.84500280895145;58.389323221110814;64.16569042867982
2020-01-22;69.78677376761613;58.04170823970769;63.87068369558689
2020-01-23;69.44873840007975;57.33368617714763;63.49524772475326
2020-01-24;70.39099308024063;57.543589800103405;64.46720376889854
2020-01-25;69.51625699144701;56.3411867019677;62.80775391345468
2020-01-26;67.46167723405054;55.11031014968686;60.78685409754259
2020-01-27;69.0727661013886;56.835318534388165;64.02031628023519
2020-01-28;68.95994547821054;57.58857254915724;63.54476679011633
2020-01-29;68.87052658430697;59.26281456002019;63.780201356597075
2020-01-30;69.1749587769182;59.245113452108605;63.1871020069383
2020-01-31;69.01930836178477;57.015897344930025;63.01143127254605
2020-02-01;67.00816641187151;55.88041486913142;60.93181496511135
2020-02-02;65.95761988873639;55.00380275384059;60.17145947671277
2020-02-03;68.68761955522109;56.38334335024759;62.4862350533487
2020-02-04;68.52460195988385;56.77856413768496;62.70688130637187
2020-02-05;68.35814116690861;56.949587362594556;62.620440247514644
2020-02-06;68.79336205178956;57.1759357263629;62.85423229746005
2020-02-07;68.53389541613132;57.85752504704906;63.24625182893807
2020-02-08;67.31588603253336;55.76415708474633;60.693688529915946
2020-02-09;66.21501987302199;54.870845315077815;60.26605840906163
2020-02-10;69.12771533441101;56.60740056554667;63.21650884012658
2020-02-11;68.62156045858954;56.609709021557244;63.00325270809971
2020-02-12;68.48846607835551;56.956097523200455;62.783583320141574
2020-02-13;68.47025621681755;56.27295390382934;63.055605280508104
2020-02-14;68.6363841363468;56.84738276056072;63.19385333254125
2020-02-15;66.75723965970164;55.73025211179905;61.09211091144524
2020-02-16;65.77152249543282;55.397795932681184;59.95376505285748
2020-02-17;68.422786229749;56.40969219377763;62.80857775583321
2020-02-18;68.36915496273421;56.82348992962079;63.31762230603204
2020-02-19;68.35820743694106;57.22408114710113;62.628985872975505
2020-02-20;68.41822377966483;57.39947086680387;62.64458162761403
2020-02-21;69.27847390818015;56.87255044505556;62.47274564772778
2020-02-22;66.37781204260038;55.48707977534016;60.7606818944962
2020-02-23;65.17075905471445;55.30765734851548;59.718694920123845
2020-02-24;67.71785147578004;56.435482024085175;61.950573324987026
2020-02-25;67.9136948974729;57.83487862612568;62.6852375351494
2020-02-26;67.94900127624875;57.621678533015796;62.637030471041264
2020-02-27;68.56883793874671;57.858358097396746;62.8391080132857
2020-02-28;68.36938409879659;56.16022161549243;62.295568722312595
2020-02-29;66.48817187240456;56.203205694558974;61.118355483604404
2020-03-01;65.7913583495046;55.29507792108635;60.01490855617615
2020-03-02;69.19567031532668;57.883312628651;63.3936040853136
2020-03-03;68.73769929691379;56.935352873921246;63.44054012686854
2020-03-04;69.41801289794812;56.38549592843151;63.02492465046277
2020-03-05;68.53314180941531;57.18940101335533;63.32028166436345
2020-03-06;68.60589352635229;57.65310833089583;64.0361542798399
2020-03-07;66.44296831560067;54.96989267897944;60.72317903747952
2020-03-08;65.52366090771497;55.29102203969715;60.9904429769012
2020-03-09;68.22914679836795;56.569363687331524;62.48517596528625
2020-03-10;68.40196240188084;56.27533120593992;62.35310312142936
2020-03-11;69.00336778044627;56.569253264321716;62.290198301702226
2020-03-12;68.0435506752323;55.88372843807457;62.0209086702613
2020-03-13;67.65435614745981;55.36624203424495;61.21136595185136
2020-03-14;63.28877619413693;53.23070293681852;57.87368953403144
2020-03-15;61.118520088275346;51.35459331204069;55.97166339511233
2020-03-16;66.33302621280365;54.233269204562866;60.8757064554976
2020-03-17;65.85872877741542;53.73528193459501;60.20868083506422
2020-03-18;64.16736439440129;52.44800914420034;59.17379866658972
2020-03-19;64.0702514671354;52.52579629113185;58.76656736081908
2020-03-20;64.33354634440158;52.47479594958244;59.00467333035236
2020-03-21;61.81353420922277;51.59091341382595;57.52272862479643
2020-03-22;59.31792245924985;49.78597551024477;54.8629781806655
2020-03-23;65.88610123940987;53.3549622425813;60.285604585420096
2020-03-24;64.66764159575368;53.31891323601505;59.318682122690745
2020-03-25;63.47099810152863;52.60259834640748;59.057414532142275
2020-03-26;63.33829428393685;52.4682898632357;57.65520183801791
2020-03-27;64.17398726941971;53.86128714040751;58.836017084123505
2020-03-28;60.27120988305541;50.41456023531942;55.651999941818524
2020-03-29;59.02025982449062;50.111093812714635;54.47499198608216
2020-03-30;63.572540287164195;52.031948046376954;57.79210815144254
2020-03-31;65.7228484411067;53.9330199238571;59.72566718712089
2020-04-01;63.54322946708972;51.98083355520026;57.86337327766687
2020-04-02;62.827411277224826;52.30253857377566;57.256843334829156
2020-04-03;62.77256322662696;51.71916355818061;56.71844919017044
2020-04-04;59.99078706240439;50.79904502153945;56.14341705645268
2020-04-05;59.106087205504146;50.52401520234466;54.15553128251147
2020-04-06;63.58789108807401;52.68159646336316;57.37711898734902
2020-04-07;63.85754048782998;53.17980444757272;58.53756161933418
2020-04-08;63.6540015563933;52.869614918267104;58.0750458092039
2020-04-09;61.372713728834626;51.08878651760228;56.203465874777095
2020-04-10;62.08500238667096;51.77971537864722;56.29873337510463
2020-04-11;60.52946424341381;52.02593109240855;56.04052507159977
2020-04-12;58.61827423997961;50.925999154412764;54.54581579562874
2020-04-13;64.37171294690695;53.10947807860515;58.39000764530905
2020-04-14;64.42830996615712;55.60231357554338;59.21622928944137
2020-04-15;66.73679085922609;55.93483363274369;59.551467777650615
2020-04-16;64.33840611507118;53.75398193811069;58.68203848544922
2020-04-17;64.26777116048028;53.56123811268887;58.561730998470125
2020-04-18;60.99808584086429;52.078645449937554;56.33028272374868
2020-04-19;60.072724123204694;52.312121879032304;55.17897064777343
2020-04-20;65.14252369630769;55.003900084000115;59.464257077430574
2020-04-21;66.48226045256048;54.3499576299436;58.37211953562011
2020-04-22;65.48460499831643;53.296160776643056;58.474838075021026
2020-04-23;66.22778257388302;55.135635189329165;58.28385894850577
2020-04-24;66.89199295932006;55.31015465078141;58.386734042348785
2020-04-25;60.532815468579855;51.75623484062957;55.47895722402388
2020-04-26;59.22998063012116;51.703259431009236;55.102120210082326
2020-04-27;63.68232437314588;54.15767771715018;59.144003437303994
2020-04-28;64.50258842547615;53.55582776548685;58.67454708749894
2020-04-29;64.06470681925828;55.06422897811538;58.868583990986984
2020-04-30;63.96415954725811;54.75799313579337;59.48971051094091
2020-05-01;59.93691366135436;51.89284242149347;54.97908139911557
2020-05-02;60.54626562576008;52.164801892593815;56.938232551019674
2020-05-03;59.84852408090498;51.64201619443266;55.128839024389684
2020-05-04;64.62465194669088;54.557721616499315;58.964739766545655
2020-05-05;64.25322367445625;55.12754177752298;58.678978877104015
2020-05-06;64.4959947289931;60.17247055709398;58.78202827628287
2020-05-07;64.82137936717416;58.94125993876433;59.40371016749265
2020-05-08;64.65074433248286;54.24995366043376;59.16431528618523
2020-05-09;61.17817495875586;53.587824142311234;56.43561881323287
2020-05-10;59.44143626566604;51.773796976418836;54.996257631840784
2020-05-11;64.72421075870747;56.15736020879737;59.217252230767244
2020-05-12;66.1363801070171;54.57659882172136;60.1390082961326
2020-05-13;65.27678181379758;54.54689572520033;59.187618352689654
2020-05-14;67.04874588716856;55.86691170672562;60.562528659645125
2020-05-15;62.8658251734705;56.489162523179814;58.586450929193
2020-05-16;61.718151582679354;53.59138021441733;57.32229598961622
2020-05-17;59.53736384842712;53.340750400417804;55.35727210207263
2020-05-18;65.05875768734901;55.97618738463115;60.06968475022555
2020-05-19;64.89513969250416;55.223178959588;59.71048666760932
2020-05-20;65.0793604910184;54.23654886742354;59.51657508365395
2020-05-21;65.10525613902117;56.809752500508885;59.288015559757
2020-05-22;65.21852596320882;54.892401047078735;59.85402211843427
2020-05-23;66.40499132987802;53.675101274275;57.641172262657065
2020-05-24;60.27305297690976;52.66218868854324;56.241448527528426
2020-05-25;66.01122327201661;58.94754016448509;61.333090195176744
2020-05-26;65.85617733189981;57.40598236741186;60.25800407073135
2020-05-27;65.89430995891547;56.27899597344118;60.1577368974104
2020-05-28;65.75648172707335;55.75752433624659;60.6266304291004
2020-05-29;65.49050720774477;55.2442033404342;59.813263755702096
2020-05-30;63.767569494784304;55.31135822722335;58.110401876646655
2020-05-31;63.00319670637181;54.99601262079325;59.04400532346084
2020-06-01;65.99863414044712;55.1448989457968;60.34268299297886
2020-06-02;66.29151343849591;55.990009139849015;60.181706445965084
2020-06-03;66.28041629516167;55.45021935633622;59.938548458845375
2020-06-04;66.8492469515308;56.148863368911215;60.84946476730819
2020-06-05;66.4435336610513;55.076101367280906;59.63105368889287
2020-06-06;64.102389514753;54.67697902298221;58.2620368173476
2020-06-07;63.184408249816926;54.420609818720074;57.37966166717787
2020-06-08;66.4392266422969;54.85430607121568;60.3544768230534
2020-06-09;66.31691467338845;55.16001904687879;60.34612902362859
2020-06-10;67.55167162088429;55.674942617202525;60.27155427049407
2020-06-11;66.67580925552032;57.03316188875654;60.95293507180082
2020-06-12;66.82806337121765;58.43823651670796;60.92065226757393
2020-06-13;64.62033823453694;54.790597310691496;58.621749786251755
2020-06-14;62.95865714048059;53.69912808989029;57.76272304736566
2020-06-15;66.61547802533795;56.35778970922204;60.165056793586025
2020-06-16;66.15405969051662;58.5609113731707;60.86003110452865
2020-06-17;66.56533091290648;56.810216367410874;60.63898184074119
2020-06-18;67.02271436417831;56.433473212470176;60.30868917625242
2020-06-19;66.4471003052898;56.14155863118612;60.33980547446112
2020-06-20;63.969932988433925;54.45828816433665;58.950556439635804
2020-06-21;63.41724146107457;53.622285688082265;57.59380476566122
2020-06-22;66.40956996381448;55.721225524366375;60.637848756516604
2020-06-23;66.49139669991415;56.42791427731986;60.32710716113093
2020-06-24;67.03992705363304;56.74857789686074;60.34692943599315
2020-06-25;66.99923156218739;57.351640603015454;60.41926736623658
2020-06-26;67.9126644209149;56.76726970613224;60.68312000211933
2020-06-27;63.93772579770036;55.51841197287012;59.56034726428878
2020-06-28;63.21766979308685;55.85626231092202;58.42823550445998
2020-06-29;66.97870318281954;56.63289337094784;62.07874414148294
2020-06-30;68.3915491531483;56.223737340344144;62.22108428070233
2020-07-01;66.97982941392742;57.35903757939588;62.521636579663564
2020-07-02;67.01949492463086;56.68112786813068;61.459440921768206
2020-07-03;66.74894275732532;56.44787938833643;63.82538839252571
2020-07-04;64.08367235305973;55.09908742178911;59.39010380856193
2020-07-05;62.865725091619424;55.01912935187225;59.16209215097985
2020-07-06;66.61172364110121;61.167116078087915;64.10722420062686
2020-07-07;66.50394634502535;58.460286542597856;63.184654089518375
2020-07-08;66.62598839382765;57.12850997166635;64.60386167374156
2020-07-09;67.21130029554703;55.856760477488514;63.82443922875972
2020-07-10;66.98536668020984;57.24300349643768;62.34000450506998
2020-07-11;64.29616698080778;55.080795822578764;61.1461289540041
2020-07-12;63.241448940903275;54.21918652951903;58.40617001059245
2020-07-13;66.48525042979709;55.616608581124176;62.12560482112558
2020-07-14;66.60522686203618;55.137438282147606;61.5192984190122
2020-07-15;66.93550660549613;55.0958649075949;61.26007947912847
2020-07-16;66.71240452017241;56.20962836688484;60.87031381008573
2020-07-17;66.44301424300549;55.08178345618967;60.57241878332353
2020-07-18;64.04792078383961;53.73656762824045;58.172742713540025
2020-07-19;62.96308920598685;53.27227115074723;57.37480961320835
2020-07-20;65.99308171249132;54.94305569584302;61.46983504355333
2020-07-21;67.25455002674039;56.30454244010282;61.31202137160338
2020-07-22;67.45350174057123;55.50364695770789;60.99307466450715
2020-07-23;66.89487549691424;55.21050990914836;60.9168229013465
2020-07-24;66.65436282006621;55.149329196351566;60.26839621623259
2020-07-25;63.7753276544829;55.32635552100306;58.40378760889011
2020-07-26;62.78925846704241;53.35781214494687;57.0849200402915
2020-07-27;66.39571029192582;54.78514424531242;60.16256622825197
2020-07-28;66.80314108178175;55.728097422114196;60.06868210565572
2020-07-29;66.72545342955048;56.21617087085866;59.85022128186501
2020-07-30;68.47965340881015;55.22832171172715;60.59851833552891
2020-07-31;67.32449270724479;54.96017354507651;60.81264441140047
2020-08-01;63.83747159229734;53.82838033157335;57.75070902536173
2020-08-02;62.91214298230068;52.841602289804406;56.996670594720804
2020-08-03;67.34148140572641;55.880210644269184;60.62769755847417
2020-08-04;66.97074321062378;54.79185721816053;60.36758401883762
2020-08-05;66.07244899613508;54.736105066129184;60.65346913542224
2020-08-06;67.19550094097896;54.84419931234318;60.6934912392683
2020-08-07;66.20383395772011;55.14027370022393;59.73609186579345
2020-08-08;63.651717334113386;53.26032976969892;57.17504382036771
2020-08-09;62.043186290956086;52.37946522976942;56.515634016783274
2020-08-10;66.3313886249184;54.69145055165547;60.846965498312436
2020-08-11;68.87151615905489;58.28718897284183;64.32316621724374
2020-08-12;66.72617962088233;55.57791543665931;60.882239967807564
2020-08-13;65.67174373244153;54.24849838778076;61.638770640674146
2020-08-14;65.50657872259524;55.92165293724209;61.471966680108025
2020-08-15;62.55215350598897;54.052737297795225;56.77645338775172
2020-08-16;61.91989740065164;52.77190517112239;56.39353815087983
2020-08-17;65.66449426265697;58.301037442238865;62.01845679996729
2020-08-18;65.88005230423933;54.320471334361066;60.67405372922502
2020-08-19;66.02045738542566;57.641602977319295;61.92637106048983
2020-08-20;65.6129850231814;55.17055101836762;62.419492640318694
2020-08-21;65.58156315620587;56.069253644602455;60.89790444959295
2020-08-22;63.33995332214785;53.17547812757183;57.20796615337254
2020-08-23;62.491327786339774;53.11456472336661;56.62762826411573
2020-08-24;65.6390417264272;54.24964606964029;60.210599581178414
2020-08-25;65.64117745515615;54.88731026155088;61.1289018472031
2020-08-26;66.22046170520763;56.153292311500806;61.05194607507501
2020-08-27;66.24549829772971;55.95192590682367;60.33360249089558
2020-08-28;65.81298396713395;54.94962522343258;59.65131314171983
2020-08-29;63.95539196610332;54.3135217465059;58.03456998288957
2020-08-30;63.31631898556647;53.326025884815245;57.09840007389264
2020-08-31;66.66760509541336;56.91560240000824;60.090973385177044
2020-09-01;66.64876468787958;55.31159201949853;60.310235366860574
2020-09-02;66.57918946139229;54.87852046013131;60.89554961769422
2020-09-03;66.67085471794275;54.57460318841983;59.98448563077279
2020-09-04;66.69151076972727;55.39295206547771;60.272879029596666
2020-09-05;64.39727625532429;53.73590213481015;58.57167286853379
2020-09-06;63.26171745190605;53.66524746661537;57.399034930825515
2020-09-07;66.64947377861574;55.117598531409456;61.33892628727885
2020-09-08;67.0542418127662;55.52757994906748;60.831985645378154
2020-09-09;66.94958536841224;56.66183357064109;61.59282598555497
2020-09-10;67.08730936102019;56.84772299032161;60.98652248844764
2020-09-11;66.93173040057275;55.25343610856609;61.020762463752156
2020-09-12;64.31289543293687;53.64925524869999;58.46320340107774
2020-09-13;63.48452624783218;53.33891565107518;58.16513223435774
2020-09-14;66.7653340179458;56.73346735989408;60.77151543128997
2020-09-15;67.55440425410714;56.13554044727586;61.331906580365334
2020-09-16;67.04999429630051;55.5147773406772;61.971893328715026
2020-09-17;67.87366003240078;57.606489670393074;61.254138790460985
2020-09-18;68.11672890649272;56.96034379154553;62.57949181419194
2020-09-19;65.80106652913778;54.877166306013606;59.92322578648566
2020-09-20;64.5342947992649;54.61530646314043;58.53059658647613
2020-09-21;67.11758802883818;55.66132268826379;62.36477017306016
2020-09-22;67.41912237411428;56.92527557560206;62.41859645044771
2020-09-23;67.47815036902401;55.89405450233963;61.890314140021744
2020-09-24;68.284124448669;56.196967695603355;62.55058994056962
2020-09-25;67.52606625525627;56.82907720637698;61.97035695007497
2020-09-26;65.15709095724145;54.281460945139344;58.70302156337567
2020-09-27;63.9091768788945;54.10149858135395;58.56638171929046
2020-09-28;67.08615606129045;55.26520092631645;61.150187022545744
2020-09-29;66.99139774783302;56.721614762569665;61.27693557175634
2020-09-30;67.12083063161495;55.653148911316364;61.24972454072996
2020-10-01;67.55719695389018;55.893761922579955;61.114555036202844
2020-10-02;68.56201003309869;58.659945195308254;63.26317683003054
2020-10-03;65.09219203216705;55.2131178409148;59.644302385744
2020-10-04;64.0704902488154;54.32325218979295;58.523446464971954
2020-10-05;67.19513877918475;57.817496190373305;60.95648871686575
2020-10-06;67.22756214168334;56.7698742635842;62.115409542639355
2020-10-07;67.13914907763534;57.467610095043185;61.39039943830521
2020-10-08;67.50149008499193;59.19280362474828;61.85196076723406
2020-10-09;67.3148116371301;56.10840179288132;61.5347226497498
2020-10-10;65.12825781638301;54.53278233168191;59.26292204686928
2020-10-11;64.25960057057085;55.30525261046481;58.40562221095869
2020-10-12;66.58537419373356;54.23659439978073;59.68555937999814
2020-10-13;68.05918101609068;56.931754321116195;61.44565842548266
2020-10-14;68.12742311363306;56.09793645975734;61.10513281062527
2020-10-15;67.9323550285686;59.13764476745616;61.26895701326991
2020-10-16;67.69558851169839;58.335942782580695;62.00390256999901
2020-10-17;65.8164504681771;55.018188909778516;59.2099794096766
2020-10-18;64.11833367143758;54.79098367213261;58.55880655323649
2020-10-19;67.8345087193277;56.4555143253122;61.20846983476079
2020-10-20;69.5207428353144;58.26248013348596;62.507509208938934
2020-10-21;68.58444685275872;57.25343452629504;63.52888680723885
2020-10-22;68.81572168282878;57.881688200399864;61.76682333853981
2020-10-23;69.20641987396681;57.60114004371844;62.56360013707315
2020-10-24;66.38579722956203;55.45525968203692;60.7376154376995
2020-10-25;65.56585071127239;56.92000454709061;59.21065445125032
2020-10-26;68.61218498093228;56.41858141500258;62.16985679397191
2020-10-27;69.26731752222159;63.49864097366125;61.864793749798956
2020-10-28;67.94493585378385;62.894330755830616;61.764422937059756
2020-10-29;68.31739540633785;61.00724824578508;62.006506269648646
2020-10-30;67.92574212116834;57.94219372902817;61.6198350999803
2020-10-31;65.91468042594445;55.36055195269987;59.63718969580313
2020-11-01;64.767598790954;54.79728044236828;59.11222305880361
2020-11-02;64.88821342978405;54.98499605168867;59.59746776071537
2020-11-03;68.6820001666889;56.8188681475986;62.59251587013868
2020-11-04;69.16478823149954;57.07622153948047;62.371007540157926
2020-11-05;70.32205710039753;60.44074192521818;64.36617188598157
2020-11-06;68.519868375706;57.96988037085085;62.5836114716744
2020-11-07;66.8035009249217;55.52019416785861;60.33252927692908
2020-11-08;64.70568804567053;54.563669838976516;59.263042124844596
2020-11-09;65.88052797763989;54.89619604071816;59.96728793960773
2020-11-10;68.08352285262794;59.58404158933944;62.10563349742795
2020-11-11;68.2969349409706;59.65599865843964;61.82386805229737
2020-11-12;68.46369515062301;56.85750038055619;61.800837091995255
2020-11-13;68.03630323587922;58.30293472644015;62.66884993900813
2020-11-14;67.13230190090175;55.28530493928477;60.735206798743164
2020-11-15;64.935450746619;54.32888379746068;58.72084568093421
2020-11-16;67.80398469831091;56.393649425523414;62.18064464230984
2020-11-17;67.86695799644764;57.77129824415696;61.912114785636405
2020-11-18;67.91702892162803;55.46448901929751;61.59475275871836
2020-11-19;69.30875547992426;60.28330297550995;61.99122031172715
2020-11-20;68.26597666660919;56.822414963662254;62.6467948096494
2020-11-21;66.22812834810398;56.89466032263419;59.84539486022908
2020-11-22;67.06287805722553;55.30931295260434;59.4457510298017
2020-11-23;68.43832784705612;58.30579676196347;61.50020823610787
2020-11-24;68.53297863994483;58.37949147042284;62.022902317697735
2020-11-25;67.89124883296336;57.76333129362318;62.29595233119081
2020-11-26;69.78770170611536;58.41217478837903;63.70603469016859
2020-11-27;70.46229293592086;58.19830220258236;64.01278242402223
2020-11-28;67.02851905613682;56.01919735163748;60.601543394838075
2020-11-29;65.63903861986019;54.77206682720178;59.38878615560064
2020-11-30;68.15332023758822;56.96021800680104;62.492601401710175
2020-12-01;68.51514776388038;60.178141130673026;62.537899165554606
2020-12-02;67.90740688505569;57.242830227023234;61.8898668679094
2020-12-03;68.39616267095877;56.71540437610025;62.00246689386661
2020-12-04;69.3395739513339;57.45649299067316;62.25208258315927
2020-12-05;66.48822282279869;55.70571459540076;60.35550562922532
2020-12-06;65.96541540792485;54.700308864419036;59.78723904783506
2020-12-07;65.53975659410712;54.32918659592376;59.68030711170627
2020-12-08;65.83202514591841;56.498903498104895;59.68663746585684
2020-12-09;68.653707180724;56.74368504704298;61.991005014345426
2020-12-10;68.49490215628589;56.37745390141335;62.35536637801659
2020-12-11;68.5758718158682;57.23411196668417;62.65308776578812
2020-12-12;66.64433010077961;56.321077722774135;60.71751448115654
2020-12-13;65.45801000354716;54.378993900205586;59.27383206039791
2020-12-14;67.9383388399981;56.18461480407252;61.45357288269636
2020-12-15;68.42992223889222;57.58840134803648;62.135081208862104
2020-12-16;68.43599280730983;56.891111373407725;61.85233095012103
2020-12-17;68.27784849732343;56.05187033524289;62.11304024310589
2020-12-18;69.52000127907115;55.80267027301148;62.319688352499526
2020-12-19;67.98288909057744;55.95120771207295;61.414274366024145
2020-12-20;67.15344011398071;55.12433703947273;60.253352844680336
2020-12-21;68.50461383348589;55.84507713230369;62.81339894938086
2020-12-22;68.14341549191039;56.225286519774826;62.05408274593864
2020-12-23;67.97385134774457;55.629849470987665;61.49160845077581
2020-12-24;66.74600395145436;57.48741164986919;61.12532522465799
2020-12-25;64.17504869642059;53.465334423338376;57.131815601450526
2020-12-26;65.72110386691601;55.16399278549195;60.42955340517122
2020-12-27;64.95719505060974;54.473500801839194;59.14947131230136
2020-12-28;67.68236575071958;56.50873646484416;61.718631552733754
2020-12-29;67.58582102046587;57.98131649270935;61.761342549295364
2020-12-30;67.5979965691786;56.27118004342832;61.62758274297722
2020-12-31;66.90297366412878;56.21911443738796;61.268974778172336
2021-01-01;64.05750514353936;53.40492864527793;57.89569357743581
2021-01-02;66.05156902331929;54.38264720471389;59.73517660158902
2021-01-03;65.10299238134462;55.44395017567758;59.486120370285775
2021-01-04;67.55843434041554;55.77083150901446;61.23451670476647
2021-01-05;67.56015670978636;55.812522531682774;61.3997092444496
2021-01-06;65.30430467102829;53.92449925538712;58.2295942243606
2021-01-07;68.72088546344021;57.28218362317765;62.21765029766907
2021-01-08;68.61734151357956;57.39356081526084;61.56985111172207
2021-01-09;57.06360963332447;50.07448388503236;52.67074258525228
2021-01-10;57.29185315673027;50.63069567765659;52.14889075130458
2021-01-11;60.99575113699035;49.445349962707084;54.960434355163486
2021-01-12;62.17008882533018;49.85239793484136;54.41338398538772
2021-01-13;63.40053117260882;51.14406566169633;56.53984597906148
2021-01-14;65.14821760395849;53.922296615359606;57.66652255070268
2021-01-15;65.39190181132555;55.11719554373765;58.683454197491784
2021-01-16;64.8195868462385;52.882490053695584;58.42860017907955
2021-01-17;64.2213628503976;53.84168149157851;57.65430314762515
2021-01-18;66.85936375559083;55.46641439844375;59.82108430772465
2021-01-19;67.58005002242827;53.77786831657369;60.245658029034345
2021-01-20;69.08463766316756;55.61679257996104;61.857566971471556
2021-01-21;69.31819073580795;56.41490755106623;62.82796099769425
2021-01-22;68.96193277080441;56.96635246678058;62.44941385285445
2021-01-23;67.32208224465472;55.67324231127235;60.46586056302945
2021-01-24;65.80888245703333;54.71720434753137;59.49268947651002
2021-01-25;68.24649898339186;57.13013400015386;62.13791283712594
2021-01-26;68.01541880798587;56.120176103887744;61.57721543857861
2021-01-27;67.95173424998288;56.107827029276734;61.21591498483339
2021-01-28;67.85620035239471;56.43124113008777;61.26831316025712
2021-01-29;67.90099767695067;56.103075604844854;61.56585575207376
2021-01-30;67.4675226243803;56.5603375820372;61.319944109485974
2021-01-31;65.913706519106;54.485335445461835;59.32604095750928
2021-02-01;67.96191056579063;57.16305532024948;61.78142788895314
2021-02-02;67.89043549113171;57.22679650896821;61.4075426772936
2021-02-03;68.07827788714332;56.979830841311816;61.2200657268486
2021-02-04;67.84276143954133;55.819103991506736;61.59320964429795
2021-02-05;67.67858066733749;56.39076578348813;61.340858455951654
2021-02-06;67.15188279307021;55.71387843286419;60.42115720780267
2021-02-07;65.79714424970925;56.14457184837892;59.27135143541075
2021-02-08;68.72301451291632;57.73939482605704;62.546382837953246
2021-02-09;70.49599050432207;58.51563175046434;63.93614859546756
2021-02-10;68.51635336665696;57.212191228577744;62.55008530446966
2021-02-11;68.20174724805725;56.74012261250466;62.481114313391274
2021-02-12;68.811465953729;57.831169319560225;62.74895476197215
2021-02-13;66.66137637663907;55.42235783802024;60.32262735505064
2021-02-14;65.71030842859871;54.217801330888484;59.558882656100295
2021-02-15;67.78637304006298;56.710794870686776;62.419884305096986
2021-02-16;67.80061605841172;57.55044758065139;62.3613053970292
2021-02-17;67.94951042397729;57.52426724639177;60.92894900930599
2021-02-18;68.02320565709478;57.346217875548;61.42969249570078
2021-02-19;67.54511826207151;57.142310980071834;61.58148771701104
2021-02-20;66.24123122015057;55.97506659763476;60.540968205703585
2021-02-21;64.91907047200995;53.80335664919163;58.71007296368149
2021-02-22;68.07694919981034;55.7296164622747;61.3910938076038
2021-02-23;67.94479124451317;56.27573160611526;61.69560068089636
2021-02-24;68.30171032262018;56.98502255716761;62.05496163136807
2021-02-25;68.0439279772746;58.39594275352637;61.58621749447981
2021-02-26;67.76899887644981;56.48905811152723;61.68469660750012
2021-02-27;66.18772065086122;54.93389339472764;60.401874056948
2021-02-28;65.63074015722022;54.454174458158576;59.49040094557236
2021-03-01;68.33505387912322;57.61921694248164;61.761066802230786
2021-03-02;67.7251910939697;56.285324064076974;61.70375870657495
2021-03-03;67.85270502970863;57.37306240355739;62.09010151808279
2021-03-04;68.00147960634345;55.51893074068869;61.43857554647574
2021-03-05;67.73786626373824;55.99038462383676;61.73809647576162
2021-03-06;66.19971061739977;54.835633014504864;59.711945317249054
2021-03-07;65.16500110332139;54.61299395284548;59.14720549755514
2021-03-08;68.88936471569919;56.52099339529766;61.79497252717691
2021-03-09;67.96083825945564;56.11825265090271;62.1596014792842
2021-03-10;67.65803425794385;57.52531220503827;61.891552285503764
2021-03-11;67.69498624653505;56.94633542681178;61.64860655386878
2021-03-12;67.70307629696946;56.012160839110486;61.96815890951907
2021-03-13;66.03184448623367;56.01037352323172;60.325472567657606
2021-03-14;65.03344831501816;55.05884435777082;59.59465385897592
2021-03-15;67.42411628035543;55.81070934912911;61.21406273648361
2021-03-16;67.4547626693165;56.10686636073528;61.24342024989478
2021-03-17;67.72076322886542;57.83361952348686;61.58330237711786
2021-03-18;67.71140887273685;56.307723058875744;62.464995625833915
2021-03-19;65.70105978189935;54.81300777243716;59.38932720629394
2021-03-20;65.74839585034695;54.74499444959298;59.53249990318612
2021-03-21;64.71798309500328;54.8574525372172;58.827126848455805
2021-03-22;67.20238330052356;55.04325102053008;60.945930551980354
2021-03-23;67.13524705984605;56.60255717942369;60.982704401477434
2021-03-24;67.27990887254813;56.49778458529916;61.391133679445325
2021-03-25;67.31307958925272;56.622201242694636;60.98799020430793
2021-03-26;67.3922343240007;56.31564426154388;61.30824420702521
2021-03-27;65.7226336835863;55.30309443280753;59.7822619350614
2021-03-28;64.38243253256448;54.76726811362772;58.478217316266964
2021-03-29;69.10854765349586;56.03130606887131;60.625438463485715
2021-03-30;67.40667772860468;55.75142803224699;60.9424004485041
2021-03-31;66.70803192997623;55.72043745456825;61.01359474966459
2021-04-01;64.47939113494206;54.51653403966859;58.761500115775846
2021-04-02;66.29161730439621;55.1126794687502;60.29816674895493
2021-04-03;65.67090546164783;56.824807688426375;59.79028789369639
2021-04-04;64.54434562767455;54.50397837176047;59.007791172218475
2021-04-05;66.85625769971597;55.74270951702423;61.20717408775589
2021-04-06;67.27021375246656;57.25696505570106;61.82158700148358
2021-04-07;67.05952080151943;56.016098071125455;61.352419283524256
2021-04-08;68.26026493016288;56.259920088239326;61.40435356622255
2021-04-09;69.41475552907994;57.219953966745976;62.51439812616782
2021-04-10;65.98852482411375;55.154372717121944;60.01701831918098
2021-04-11;65.81782767199755;54.10502401386474;60.005489767482786
2021-04-12;69.58447575614444;56.658675279482694;61.14892722450037
2021-04-13;69.44838679232835;57.51190376792097;61.50377344252189
2021-04-14;69.14924700917763;57.36028946500731;61.42007716363488
2021-04-15;70.24458164889572;56.246994369970295;61.210368755105904
2021-04-16;67.57882395635461;55.99721480025682;61.79318676484584
2021-04-17;66.01025716100841;54.787710193788506;60.19255134639935
2021-04-18;64.55811836621368;54.18284345441424;59.49111301700196
2021-04-19;67.11832632807739;55.280713087622985;61.017581901715346
2021-04-20;67.64950252553244;58.744550567234306;60.913207901679
2021-04-21;67.36320017701762;55.68958709685235;60.971689941733025
2021-04-22;68.9561574753431;57.274016461922066;61.995198811111585
2021-04-23;67.97631786007324;58.20737134680642;61.67146791596327
2021-04-24;66.0818675265188;54.92982603284935;59.89023700422042
2021-04-25;67.52612214984899;54.929183846271236;60.508485715825095
2021-04-26;67.82272075995843;56.84008950240225;61.70293508353289
2021-04-27;67.42912353048168;57.357017879156885;61.15427767150251
2021-04-28;67.85255593956857;58.210289910620254;61.92781414564544
2021-04-29;68.04823334948259;57.213088958988806;61.87433968455533
2021-04-30;67.59013391899471;56.33352511467288;62.05601962671597
2021-05-01;65.31472029965;55.36840615305843;59.935871315002196
2021-05-02;65.1144455796003;55.122283158140284;59.45256259115334
2021-05-03;64.7288329531863;55.07610239483136;59.00641691558608
2021-05-04;67.29807972975922;56.925860434938976;61.36954618708878
2021-05-05;67.13345635081326;57.613791198704035;60.84919949625497
2021-05-06;67.27037078325344;56.43828571109503;60.90970297977979
2021-05-07;67.3655645421299;56.89979402247498;61.42147207049377
2021-05-08;65.80420180403254;55.373162874986406;59.55880624993885
2021-05-09;65.40291127458116;54.96268424972581;59.36281641216047
2021-05-10;67.5288521567472;55.9989410954032;61.08598409506346
2021-05-11;67.37019527984035;57.12915912238894;60.9812268546723
2021-05-12;67.50795078802882;56.68516917408518;61.56149412821952
2021-05-13;67.52912209281303;57.26659406363179;62.06363866892151
2021-05-14;67.33086746449332;57.82139628013085;62.99332375832034
2021-05-15;65.47936889926936;54.922709541552244;59.059582596475025
2021-05-16;64.39147270872164;54.600572383645556;58.760996279794
2021-05-17;66.60362183727405;55.687142231241154;61.0994086639587
2021-05-18;67.18844209426707;56.89347783316858;60.958090219743696
2021-05-19;66.98412845248222;55.93008185399703;60.842660877094545
2021-05-20;67.18140743889823;56.035331390641275;60.789856017718265
2021-05-21;67.07603020995845;57.085541331308896;60.78632005410978
2021-05-22;65.4541565052219;54.303514322851356;58.95096392168504
2021-05-23;66.07647955784724;54.169190395636804;58.83666820456206
2021-05-24;67.12545634866167;55.53512217607106;61.06342059001509
2021-05-25;66.98360111374858;55.7467638741024;61.37481972325581
2021-05-26;66.90721608431505;56.4435990463667;60.601472879381944
2021-05-27;67.0475825255063;55.78074489140743;60.51218190689638
2021-05-28;67.02171878893554;55.67560332716398;61.75052876041995
2021-05-29;65.26151312681476;55.046680478173464;59.570922700663985
2021-05-30;64.3596291694228;54.27114239346007;58.25510250616158
2021-05-31;66.64947283609499;56.610033711656335;60.514083272241606
2021-06-01;67.38522972866906;56.54806498204083;62.67836261913719
2021-06-02;67.13394870541268;56.09146283692426;60.68271040192526
2021-06-03;66.97340675895492;57.034956702804855;61.571604071834344
2021-06-04;67.30242582549094;56.672934492391;60.9255273049171
2021-06-05;65.81446873045581;54.49164714377208;60.16909547512894
2021-06-06;64.53564566867225;54.77502026614003;58.77796441995638
2021-06-07;67.72314316663264;55.85037261974837;60.60676775910703
2021-06-08;70.89315776185168;55.307082945282595;60.966039265902225
2021-06-09;69.31807898246498;56.07314402684814;60.66363453728175
2021-06-10;67.8649280840027;56.94603039740766;60.86580064661055
2021-06-11;67.37474033949854;56.36688926151527;61.11081361471126
2021-06-12;65.32601217316548;55.26754074160188;59.103145217831745
2021-06-13;64.80808908500585;54.082373404493;58.57603280883058
2021-06-14;67.89086816166457;55.30922752851027;60.5153329234254
2021-06-15;66.9654881706553;57.352849372495825;61.71474570263733
2021-06-16;67.33182458314668;60.279052460396485;61.03515667067186
2021-06-17;68.67048579061871;56.90038388422464;62.84745539993263
2021-06-18;67.7233687110174;56.67954644982284;61.790273462271216
2021-06-19;65.66842464640132;56.30221613790046;59.05050479928047
2021-06-20;64.79433887526648;54.56057041603383;58.975240844840386
2021-06-21;67.8717269381188;56.911268150104355;61.758645300376564
2021-06-22;67.20228289842782;57.04601121362038;61.18945427354231
2021-06-23;67.28950313898495;56.59761439998431;60.60172694677527
2021-06-24;67.2299753734979;56.022308957273765;60.76918839490547
2021-06-25;66.56532517921616;57.4859428288253;61.886307050030226
2021-06-26;64.91898346506403;54.84384463528852;59.10379871150197
2021-06-27;64.12903959000688;54.284165634843276;58.24861578434377
2021-06-28;66.36891654826142;55.46621479084224;60.99805090825966
2021-06-29;66.61036150899102;58.34380900561929;61.699292110303354
2021-06-30;66.67068086307779;55.69644313355234;60.57276713622442
2021-07-01;66.80781655292249;55.68459236140035;60.99615966510359
2021-07-02;66.38408175359532;62.06944938082327;60.18978989119461
2021-07-03;64.81594135681787;55.29504570404935;58.98236064926911
2021-07-04;63.84312635801669;53.64173259232282;58.15102457763803
2021-07-05;66.7151677148903;61.495602327705654;60.59188429664759
2021-07-06;66.8198347991134;59.98997990972857;61.05364091521083
2021-07-07;66.98315559954368;59.63779596014931;60.568778695303735
2021-07-08;67.01387881167084;62.01015078340899;60.52732741597314
2021-07-09;66.47946428515576;57.146977981477946;60.173066329307545
2021-07-10;64.69535013903209;54.684182431037925;60.60812554848947
2021-07-11;63.316206586366064;53.792385317295164;58.200913168166146
2021-07-12;66.31156021050111;57.36946727641076;60.63219572417389
2021-07-13;66.50394123136017;57.027939767197;60.358579253667585
2021-07-14;66.7495926601297;58.190935598482326;60.39334603296894
2021-07-15;67.05056134271479;57.0176686074403;60.861014991950555
2021-07-16;66.52365642066555;56.858851836056026;60.22925385338672
2021-07-17;64.34576999001906;54.153214189654335;58.62788333938561
2021-07-18;63.12907118210533;53.0246976004776;57.52507019411348
2021-07-19;66.18734028117768;55.710836132570094;60.35160806215241
2021-07-20;66.42861575718455;56.98538108704654;60.24378478187767
2021-07-21;66.81901079117605;55.30934593182116;60.67401210037894
2021-07-22;66.32039556812515;56.87245356395806;60.65327851974467
2021-07-23;66.07051981006342;56.58881241302925;60.01284280602828
2021-07-24;64.07770439593568;53.17236987866814;58.044088122902906
2021-07-25;62.96455573417043;53.06828568607345;57.48171644651396
2021-07-26;66.53346736464192;55.13198877921628;59.91374500587894
2021-07-27;66.46323888733946;56.597252248838075;59.79387428649633
2021-07-28;66.51165783417166;54.964151230857745;60.16795737645347
2021-07-29;66.2650119090921;56.44760802186611;60.304577262287715
2021-07-30;66.42351946205004;56.257049788708926;60.10483593070488
2021-07-31;64.32789479182607;54.13993244064664;58.57505549768021
2021-08-01;63.11706536827211;52.9285409247033;57.099966147112184
2021-08-02;65.71654114087006;55.211429404163056;59.55880040416104
2021-08-03;65.92077420453278;55.38933547598725;59.5232443051833
2021-08-04;65.8312820655523;56.2209424333702;59.98663130472736
2021-08-05;65.95928777758144;55.95414105035629;59.48174023703822
2021-08-06;65.45063374930992;65.41214838590979;59.171300197928886
2021-08-07;63.824455406287626;55.31269806304004;57.42383976919717
2021-08-08;62.49637509077444;52.63482257199546;56.58997886840779
2021-08-09;65.36997593792552;55.24622473759742;58.87693089267283
2021-08-10;65.41973639752905;55.81852043201153;59.59541810349418
2021-08-11;65.37879042266744;55.21011793435413;59.93449563477515
2021-08-12;66.16878858658555;55.179502844437636;58.994716686748134
2021-08-13;65.28996800294622;54.43250310278571;59.10581993654323
2021-08-14;63.2622917130775;53.514399476292965;57.4355466489377
2021-08-15;62.8366640077051;52.79691271308621;57.0181869862522
2021-08-16;64.933920515119;54.53055806685655;60.60734258753044
2021-08-17;64.9925300033639;55.89510460597669;62.643383542846934
2021-08-18;64.77018942071976;56.1391127023786;59.69789828738307
2021-08-19;65.22743605590867;55.62515430749133;59.109577307631625
2021-08-20;64.84586639035939;55.02495504137983;59.08090346508505
2021-08-21;63.14553281864727;53.02879159470248;56.98108287929042
2021-08-22;62.64550783421707;52.681686346703685;56.739099831198516
2021-08-23;64.96699239615127;54.005006308834815;59.47158272755364
2021-08-24;65.4465954126189;55.558818415954356;60.40692402140535
2021-08-25;65.10478045294896;59.1720755192675;60.22660890095676
2021-08-26;65.69713135860087;55.89673906680096;59.72691528517194
2021-08-27;65.21192741544832;65.3760504788598;59.0529299772693
2021-08-28;63.46749501889447;54.06545879573764;57.793524737271476
2021-08-29;62.50541366864824;53.57997552296234;57.039080787424396
2021-08-30;65.68346855171993;57.35591528779097;60.38131254429092
2021-08-31;66.11309994378935;54.92489576619019;61.45296065660631
2021-09-01;67.17338035375789;56.44142211418141;61.41061631263858
2021-09-02;67.42320857610231;57.91830946880904;61.533140613884925
2021-09-03;67.1165919285724;56.109113155126394;60.211237489149596
2021-09-04;64.36331571116648;53.90753967758076;58.19016760715081
2021-09-05;63.86800146614065;53.59439977618991;57.75740075331072
2021-09-06;66.38987549726136;56.6054336164079;60.36729653896319
2021-09-07;66.33589456895847;57.742556926243225;60.53789756035627
2021-09-08;66.4233137511678;55.999892840693875;60.736247696926206
2021-09-09;66.85109398745472;55.861292685785926;60.60025328651754
2021-09-10;66.61967676499879;55.57841464115417;60.138552288003844
2021-09-11;64.89246128251894;53.81185652424746;58.853143338055304
2021-09-12;64.54692208906371;53.74355723809429;58.14141818466359
2021-09-13;66.5920696679212;55.67328369376311;60.35281086290943
2021-09-14;68.27998850321329;56.74741200275687;62.68400812809261
2021-09-15;67.21172562769198;60.42519882873997;61.135287125241405
2021-09-16;67.22688769500272;56.05777893019905;60.58996086570902
2021-09-17;66.99801897693072;56.76616874388432;61.154973860897655
2021-09-18;65.54223364550987;54.29092681743738;59.32074245522121
2021-09-19;67.20129476289019;53.89867105014426;58.58987469261617
2021-09-20;66.2477828106;56.53973148872755;60.76912629848466
2021-09-21;67.13560752289754;58.029751684718526;61.1516258256541
2021-09-22;67.12412494204601;57.529501176942475;62.34468445230875
2021-09-23;67.1488452204884;55.567487094202654;61.793694692365975
2021-09-24;67.92175489017693;56.52554389665138;62.22735178850016
2021-09-25;66.00434193271066;54.701388339489384;59.79331149660365
2021-09-26;72.14615199389276;53.86857699647007;58.946138041506174
2021-09-27;67.30175474438502;55.21878780840304;60.83165987795961
2021-09-28;67.19817011431529;55.80334293315797;61.25625800608039
2021-09-29;67.29606579647535;58.919916428760324;61.25195666878973
2021-09-30;67.18622136745783;55.05013491959588;61.34104181323294
2021-10-01;67.31818252589451;56.149279365373495;60.81601952693351
2021-10-02;65.78995910490602;54.86913191126929;59.42724122071397
2021-10-03;66.80903923270604;54.76381086630474;60.60422468180717
2021-10-04;67.62411574390762;55.104837953458;60.96686970683973
2021-10-05;67.46305645631482;58.02442074419341;61.262700485013994
2021-10-06;67.4820383266367;59.468575749592944;61.45849994711408
2021-10-07;67.36348914587299;55.069925208491355;61.28339499191897
2021-10-08;67.11518029258693;55.988476320714355;62.32939127062327
2021-10-09;65.01452666194311;54.03887244231854;59.55825115336262
2021-10-10;64.18384295955165;55.20687823029762;58.993254622514606
2021-10-11;66.45695997042937;57.09351273554184;59.80407695837563
2021-10-12;65.45023926772271;58.67627601742801;59.64770886912095
2021-10-13;66.9602893717603;56.313890843993676;60.37925535551701
2021-10-14;67.16328829737601;55.45638473905258;60.848600874598006
2021-10-15;67.31322525192316;55.539874038218116;60.66915602427473
2021-10-16;65.47582389086281;53.88535960578671;59.347664127553664
2021-10-17;65.37180144023574;54.02091463092997;59.097972420799714
2021-10-18;67.01581437829918;55.229698672023666;61.02871566620551
2021-10-19;67.46067595678609;56.0537052806518;61.01074079349226
2021-10-20;67.26760744727598;57.122263637532896;60.89262191532963
2021-10-21;67.43154771025486;54.85374542507085;60.8950065620909
2021-10-22;67.88023399088519;56.772770216676136;61.185092663309476
2021-10-23;65.75143408469275;54.720697226179794;59.44950248520817
2021-10-24;65.06717986463431;55.13406134888704;58.90472338942334
2021-10-25;67.0398381532363;55.40959662797916;62.14539246833766
2021-10-26;67.47680703401726;56.03811251568044;61.522013512566716
2021-10-27;67.52937478651607;56.06739262605531;60.94507219727733
2021-10-28;67.51978649368328;57.210662879351624;60.808256518970644
2021-10-29;68.62432538202222;56.85163635262745;62.218284320002155
2021-10-30;66.72023380645007;54.71436507915612;60.49426059250869
2021-10-31;67.0556696131538;55.45074634560393;60.565839389579004
2021-11-01;65.5127002010945;54.701257285525806;59.59157017576244
2021-11-02;67.74092936645852;55.83900536043583;61.57620471969178
2021-11-03;67.69110674961453;57.22404039090098;61.677150859383765
2021-11-04;67.67538583524761;56.78549563693618;61.51569701579551
2021-11-05;68.00006350174993;56.64979422623983;61.94155438874702
2021-11-06;65.8672918103883;55.557458237452266;60.04847220892631
2021-11-07;65.01371710774046;54.4620026955168;58.803300628587166
2021-11-08;66.810695939496;56.3183064569827;60.84956784783362
2021-11-09;65.49742829636031;55.383034539633975;59.99588571274884
2021-11-10;67.53408270075258;56.63478952622527;61.559031974916614
2021-11-11;67.64959704407542;57.12966016575598;62.7819643331508
2021-11-12;67.52589477246873;56.21675287195834;61.548938205442745
2021-11-13;65.92077781986796;55.56557392987668;60.31975183284516
2021-11-14;66.15380451876891;55.36961537853904;58.98616577555299
2021-11-15;67.5175597886787;55.901706115272745;61.81222366167499
2021-11-16;67.61483116633718;56.9753878993192;61.86992294939675
2021-11-17;67.79700070310554;56.9999720459398;61.7766724733708
2021-11-18;67.82653173049441;58.29452411070572;62.55764057139217
2021-11-19;67.48116599948916;56.04913674165417;62.77058662249192
2021-11-20;65.80037489939318;55.01293031294571;59.998003671218754
2021-11-21;65.96320032813621;55.31292681189245;58.60790188357284
2021-11-22;68.8395226780687;57.10588665328595;62.68547677738836
2021-11-23;67.81744804308246;58.397059894238986;62.09965840855686
2021-11-24;68.04325401453134;59.54388210111497;62.09317837258646
2021-11-25;67.9123743272422;56.46574140717882;61.69779278572108
2021-11-26;67.64612454730157;57.027422755858765;62.369677968144245
2021-11-27;67.07509916558278;55.58204487904453;62.03139105488458
2021-11-28;69.12792315847071;56.29445047245007;59.83010803342377
2021-11-29;68.22078670199146;56.08002826096023;61.691177786169305
2021-11-30;67.7921324732871;58.90716116360176;62.56888088183772
2021-12-01;68.95263196055679;57.31961780582879;62.0337705399161
2021-12-02;68.06701773925967;56.74500312248271;62.55486184484891
2021-12-03;67.81310191910063;56.595373280695696;61.058242697643564
2021-12-04;66.18700886865223;55.473174734469666;62.005896212750066
2021-12-05;65.33451559265394;55.30340898830414;60.228856954814646
2021-12-06;65.04191664111391;55.740501995891655;59.11503325539495
2021-12-07;66.78058382851658;56.97939813475563;60.68442225551577
2021-12-08;65.58210828342526;57.649346310739006;59.99289090818262
2021-12-09;68.3365516129842;56.82266729144804;62.480427776903696
2021-12-10;67.65752393173493;57.45872402140022;63.325436957635695
2021-12-11;66.26746023997407;55.184274704640906;60.273232485804805
2021-12-12;66.00696615013453;54.86206551186516;59.157537315687875
2021-12-13;67.72009352866445;56.100085091320665;61.87488340223706
2021-12-14;67.64784575728291;56.45332631158439;62.159090781379604
2021-12-15;67.83628184302195;56.141614724265665;62.87836257818309
2021-12-16;67.89945906100681;56.27426411542204;61.89512775178691
2021-12-17;67.71843707083063;56.3230858636297;62.07184341043848
2021-12-18;66.34591368087968;54.857563125266545;60.27849177754131
2021-12-19;67.03711299985525;54.58372148234933;59.885233259933806
2021-12-20;67.71258554921572;55.85973613845434;61.948017109541055
2021-12-21;67.59104922352789;57.179847029346135;61.643972795571464
2021-12-22;67.3925396492459;56.28554318566067;61.348399663675735
2021-12-23;67.3314371230349;55.7043457392012;61.33360916574553
2021-12-24;67.97712057458806;56.83485258294266;62.08734981033763
2021-12-25;66.48717467261322;54.920680086499104;59.857622223356174
2021-12-26;67.32003027601932;55.44998822092691;61.34197676721791
2021-12-27;67.44848162223289;56.22848152504328;61.46636803319968
2021-12-28;66.98307818406786;57.78775047659515;61.96544078250739
2021-12-29;66.86910394308481;56.32597665765401;61.44347510404363
2021-12-30;67.25378431936805;56.74304452691671;64.7948163168061
2021-12-31;69.1607217332525;62.877567934979666;60.87992815253094
2022-01-01;63.9181452370094;56.66236361605694;58.52341864090686
2022-01-02;64.80686026689808;54.42927157990188;59.71442578749334
2022-01-03;67.12139200768021;55.95881464867407;61.75662909045169
2022-01-04;67.8017808543724;57.63169363704394;62.38137411293494
2022-01-05;67.71762166988212;56.10619502949756;62.331515392635055
2022-01-06;65.54973245790897;54.91898003452196;59.0383626275686
2022-01-07;66.96895672792286;57.06577535875926;61.00131814211203
2022-01-08;66.14073150899847;56.77480014329525;59.926927929131466
2022-01-09;64.98937610309137;55.074445722300815;59.937065706155714
2022-01-10;67.32968602038272;56.38766469552701;61.70319124689538
2022-01-11;67.42739175721916;56.09062687350424;61.8737416367597
2022-01-12;67.05691876901197;58.151302386075;61.70560860456604
2022-01-13;67.56855524602165;56.53455973015811;61.38252907513099
2022-01-14;67.65478303974359;56.08611795494858;61.72494032162592
2022-01-15;65.90091504999025;54.75166589264091;60.14076568822314
2022-01-16;64.87691930593479;54.22729893737932;59.466147166040145
2022-01-17;67.40650477804655;56.3019137952907;61.82346007189933
2022-01-18;67.2674999758728;56.357843304373894;62.12775308006974
2022-01-19;67.96225709666737;56.089388784565486;61.48989257888137
2022-01-20;67.761857046257;58.091415527368596;61.70868976797987
2022-01-21;67.52667810660584;56.821404573536284;61.21392803859729
2022-01-22;66.06334303584975;55.37446259527587;59.978109419228346
2022-01-23;67.90735864578788;53.969677573153454;59.773457649250325
2022-01-24;67.48258813388159;55.91036108402979;61.31391181126985
2022-01-25;67.41763250266635;55.50920690024407;61.899643944750906
2022-01-26;67.53607157041779;56.5109445628599;61.75353974500975
2022-01-27;67.43479199983312;56.64927699899073;61.16626909179705
2022-01-28;67.14702020178534;56.11192349858047;62.18083258746414
2022-01-29;65.5434032059715;55.008161996497535;59.92931431408594
2022-01-30;64.37585066975898;54.8068112757374;58.77109523952857
2022-01-31;67.0881181317059;56.286037519866824;62.91470955724044
2022-02-01;67.73291280559276;56.646790251144495;62.022772838922585
2022-02-02;67.25097466701334;56.922474052517074;61.46213573831535
2022-02-03;67.39944277485638;55.96699154066073;61.19640287342392
2022-02-04;67.63466478475752;56.759660803533336;61.21819089272818
2022-02-05;65.94339589562259;54.446473605497246;60.211566386292155
2022-02-06;64.72621759183527;54.94039141843328;59.474243480607385
2022-02-07;67.09342515033507;56.6037993487377;61.13804524705404
2022-02-08;67.47830919126162;55.909099390551106;61.74589078661296
2022-02-09;67.97058814953988;55.89084263510096;61.52947550099984
2022-02-10;68.04798880330702;55.797696015806636;61.60077007354492
2022-02-11;67.42026138906424;57.03007371919626;61.83421027184104
2022-02-12;65.6393112700713;54.54784531673481;59.99491890893143
2022-02-13;64.79126141969135;55.132481099209926;59.14222346752511
2022-02-14;67.59976801743781;57.07139697815534;62.72385572805546
2022-02-15;67.4740477896758;56.61505762870259;62.96346487205685
2022-02-16;67.4183077494924;57.4922079671076;61.44725150681988
2022-02-17;67.7195776821941;58.4585550447493;61.835979217886326
2022-02-18;67.79669308050005;56.70912609521511;61.38339833504355
2022-02-19;65.625650865768;54.2781682503893;59.63764909013304
2022-02-20;65.0710437314751;54.013129770015624;59.357273570936
2022-02-21;67.27228952898113;57.56873111343769;61.51978442997819
2022-02-22;66.75534152477232;57.088501185921345;60.65528245044
2022-02-23;67.48051335757944;56.553576691535774;61.10266538476828
2022-02-24;68.18462823696326;57.100446311042475;61.131617889245234
2022-02-25;68.98195093401462;56.68479225175122;62.63606602290806
2022-02-26;67.57454271038502;55.16107842814201;60.84475935841981
2022-02-27;65.9940560178491;53.889036893046374;58.98997519015345
2022-02-28;67.38475334251162;58.47852677856146;61.778298229041475
2022-03-01;67.54009945011376;56.78547753685387;61.59403545274906
2022-03-02;67.45241280842575;56.234230098233205;61.479614334754345
2022-03-03;69.73174548067144;57.43826713306794;63.43024379484744
2022-03-04;67.78935062369287;56.58486262257223;62.31414409839378
2022-03-05;65.87309407579548;54.61278118932661;59.94678609682651
2022-03-06;64.93452180247192;55.09259228237074;59.191670323148884
2022-03-07;69.16821600156494;58.64665667692117;62.960930657318066
2022-03-08;67.71531574939983;58.56068335018499;65.28374329553475
2022-03-09;67.50317735823161;57.4346972187616;63.42508223661933
2022-03-10;69.46336295754536;56.776806738219165;61.7753967713691
2022-03-11;71.52812781650267;57.18609536973199;62.862753557570116
2022-03-12;66.2667306023176;55.61244620556134;60.63843276069009
2022-03-13;65.25967293456544;54.30278558139171;59.243329048528906
2022-03-14;70.54813164111154;59.11838605666045;64.26750329533802
2022-03-15;67.51963922337899;56.77661486848905;64.16323379987791
2022-03-16;67.37864022105401;63.10483281356629;61.15454156907566
2022-03-17;67.97682073676401;61.05493122020874;61.86613391864674
2022-03-18;67.81149149826221;56.95927581644707;61.576122371001524
2022-03-19;65.95024750614013;54.78499743193565;60.06702304692248
2022-03-20;71.40402708914218;54.41962854872044;62.91106909215466
2022-03-21;70.00634562815257;57.409580146372264;63.611177364642195
2022-03-22;68.5463929086564;57.467140665836226;64.37083072664949
2022-03-23;67.80889863840318;56.982961286575325;62.686351501011416
2022-03-24;68.90187888224206;59.26495396995059;62.75160058338137
2022-03-25;68.4500382529091;56.31760008739806;64.49665586818148
2022-03-26;66.59768559655124;54.58070750250669;60.21433279022007
2022-03-27;64.9930329733087;53.93982503662593;59.12236649663755
2022-03-28;67.26792074302031;58.92726296103681;61.353733566426136
2022-03-29;67.38684947441129;56.376850156808004;62.113160298868834
2022-03-30;68.20644558621917;58.78918735779572;62.79175254307032
2022-03-31;67.86767657164017;56.946368999372794;62.15909298920275
2022-04-01;67.71581269265751;59.69080835602281;62.8332056087707
2022-04-02;66.07827726369064;56.25085284327725;60.07084398703448
2022-04-03;66.59974339087357;55.15319741378417;58.78366994458158
2022-04-04;67.46951584122259;56.39254979094385;62.21240552634619
2022-04-05;67.12749939240999;57.93398078395862;61.41250747273375
2022-04-06;67.3289093138641;56.060777685814294;62.35659036798933
2022-04-07;67.35493619373469;61.46113892307333;61.9402974275324
2022-04-08;66.98921561425769;56.3554413740399;61.628742209461755
2022-04-09;65.43652198201804;55.36040422666914;59.345599989146216
2022-04-10;64.12787389737795;55.091372448672196;58.759483851214505
2022-04-11;66.5405378808288;57.15173325956403;60.870063169902
2022-04-12;67.23174040446493;56.866090374522855;62.52030436116698
2022-04-13;66.27654522662324;56.66009454129872;61.17116777981491
2022-04-14;64.13721585372267;55.20321788336985;58.457735970610194
2022-04-15;63.28711476437548;54.46414800148365;58.1015401386535
2022-04-16;63.64670205767973;55.0626456250494;58.576272470593636
2022-04-17;63.31725775684926;54.096152876231244;58.70778528397517
2022-04-18;66.30847572897893;55.833351881864374;60.48576684180519
2022-04-19;66.81538005004077;56.87487979887456;61.96840891472669
2022-04-20;68.83016935744533;59.54740884668543;63.30262607889236
2022-04-21;67.52102884769573;58.02044690339681;62.804555677074376
2022-04-22;69.87656631045608;57.75180959935938;64.10734308897206
2022-04-23;66.76091257266415;56.01682856402442;62.51118031518451
2022-04-24;73.41801496947694;55.34423367556393;58.882657000156165
2022-04-25;66.91914614148214;56.555076484665506;61.17437261770209
2022-04-26;67.5887335443416;57.54787693941806;65.04070261163163
2022-04-27;68.30706487131263;57.6858300282424;63.08078225914215
2022-04-28;68.41552903730513;57.65338598057782;62.54960710714301
2022-04-29;67.43276595633806;56.5734516445078;61.708170617680835
2022-04-30;65.69344648005966;55.6617332461891;59.44599249336165
2022-05-01;64.31957874307587;56.307041017052626;58.872182794100326
2022-05-02;64.95290518009837;56.71750610918225;59.161832290447805
2022-05-03;67.79063541461922;61.07086053140529;61.699164803848404
2022-05-04;67.4222167479274;56.672287007802844;61.68884770878034
2022-05-05;67.53556040456569;58.19069404012364;62.0476210134039
2022-05-06;67.28460006228615;57.54788793801999;61.39104159719919
2022-05-07;65.19423132422479;55.93158946142425;59.53145730182888
2022-05-08;64.75193692998697;54.775462473539605;58.69690370522008
2022-05-09;66.83313919911251;55.962109645901315;61.80094856130057
2022-05-10;66.90468417327021;56.176187815193884;60.737981604396545
2022-05-11;66.8516141140648;56.08901277871957;62.54190125140841
2022-05-12;66.86476810539345;56.15741007295168;61.145830902456595
2022-05-13;66.94651391849406;56.18383135226921;60.962042061641775
2022-05-14;65.15749897476877;54.81207770032603;59.044872122759614
2022-05-15;64.35866636938056;54.64887152906951;58.30899956420502
2022-05-16;64.3727900289697;54.51443187657057;58.87758446271096
2022-05-17;66.83745583614756;55.93419989749119;62.86632798641
2022-05-18;66.68064377693929;56.261150812547555;62.497082051581515
2022-05-19;67.0717065172376;56.990190665119876;62.59708731868771
2022-05-20;67.053009358298;55.761042611124935;61.89584384688398
2022-05-21;64.8460758545684;54.5575196358359;59.75033408998492
2022-05-22;64.11906878476584;55.512949903852515;58.6998180120103
2022-05-23;66.72183978268768;56.78601397997405;61.408947877629856
2022-05-24;67.13425328269264;55.640536599548724;61.706809175095216
2022-05-25;67.20287839563176;57.28613590437121;61.71133848048292
2022-05-26;67.14935424359783;59.59569371683105;61.8879986800884
2022-05-27;67.19962098234974;55.9163057208805;64.29768102024116
2022-05-28;65.47537510383981;54.81467462105567;58.96180108475316
2022-05-29;65.08277815654439;54.37599673439367;58.17709570723456
2022-05-30;67.09019467756144;56.03975682677855;62.983185950515335
2022-05-31;66.86079441841804;57.157982578415215;61.51049799879771
2022-06-01;67.3253813439696;57.3081242290716;60.98243082674911
2022-06-02;67.06466713189106;56.10563022291831;61.34066028191961
2022-06-03;66.67484857996854;58.28871315564116;61.360245443231335
2022-06-04;65.16183186689494;54.57934732451164;59.36629212862658
2022-06-05;64.72205187156638;54.24725790690269;57.9803127568865
2022-06-06;66.78950712712803;55.9580619850952;60.90381985542567
2022-06-07;66.993206494573;56.60190411654896;61.9770845270987
2022-06-08;67.21256289090499;56.82722855942747;62.1477340224905
2022-06-09;67.15485101269817;57.73392054289477;61.68650447140011
2022-06-10;66.86092730591535;55.66007305484234;60.844639444599736
2022-06-11;64.898809336826;54.47694054001958;59.05004712305319
2022-06-12;63.917310080115676;54.39144980688651;58.73323497869549
2022-06-13;66.71151458738477;55.442336225186644;61.26844420335995
2022-06-14;66.77296875790552;56.16273666301431;61.04177116342221
2022-06-15;66.68505001061179;56.71065354492532;60.94527177236415
2022-06-16;67.18867961623997;55.41577352078478;64.15548099440912
2022-06-17;66.82446789259149;57.50106612319635;61.17137948288136
2022-06-18;66.03085334146495;55.295575165717175;59.35118783578517
2022-06-19;63.96769731176964;55.73806227096131;58.628513329429325
2022-06-20;66.72536678278775;56.62040685596387;64.3678464595395
2022-06-21;67.85130681962578;57.1266434832275;60.90759678234696
2022-06-22;67.3841942917551;58.11729364358291;61.26545797074607
2022-06-23;67.55908329588024;56.7442707763555;62.4971802398329
2022-06-24;66.83130842452101;56.07442164227356;61.90713570039095
2022-06-25;64.97007571455649;54.77119924905524;59.68709021975144
2022-06-26;64.13087390324851;54.78082676733666;58.682691164172525
2022-06-27;66.9272890537281;57.29040451727335;61.04433840129933
2022-06-28;67.14669618851823;56.63896852610793;61.64518610546138
2022-06-29;67.18762240254834;56.327759108825205;61.43675669471753
2022-06-30;67.45486283673559;55.24783627350068;61.09692859458281
2022-07-01;66.95350943254246;55.80110588903779;61.251386994799155
2022-07-02;64.86002625557191;55.70431434716832;59.2126497653956
2022-07-03;63.512337684712;55.0260893966528;58.413927329698296
2022-07-04;66.63833223860894;56.82701396029834;60.98609893772685
2022-07-05;66.65690658031008;56.4685464365217;61.79747695815557
2022-07-06;67.33805748087786;56.815422139873384;61.74751477529472
2022-07-07;67.12343820083736;56.50554353635041;61.99281666994655
2022-07-08;66.8512176429698;55.89203199663594;60.64690517734591
2022-07-09;65.13233593694662;55.01567507171526;58.92204573326731
2022-07-10;63.676657045789334;54.57350199077862;58.4369643239113
2022-07-11;66.78298627061491;54.9771975772844;61.3513669246269
2022-07-12;66.96056980280008;55.638645701439714;62.141261951134936
2022-07-13;67.20859564637753;56.49869189465879;61.75451755343949
2022-07-14;66.79890971579908;57.697665233610245;61.50028966356132
2022-07-15;66.53889053875193;56.38663606808886;60.87219562618269
2022-07-16;64.39084705252685;53.801763581759914;58.868448915593376
2022-07-17;63.447372368315584;53.475314921335524;58.07337132246516
2022-07-18;66.35918017490327;54.97453423489286;60.4577249213807
2022-07-19;66.53548307067199;56.48272716349026;60.52279700922655
2022-07-20;67.0853234569827;56.81256274211542;60.41155444392366
2022-07-21;66.77316047842449;54.95719165427302;60.53588489100682
2022-07-22;66.58227456232558;55.91540936281567;60.461278825053604
2022-07-23;64.0607894863454;54.97734727108836;58.08857187563473
2022-07-24;63.22169490754574;54.67980599808421;57.89748368176514
2022-07-25;63.5744950525779;53.61959985976342;57.71786098371283
2022-07-26;66.86622945508482;55.703259094683126;60.045357590298735
2022-07-27;66.48823496444645;55.93761742297804;60.4222236258193
2022-07-28;67.24944783514049;56.26691514694318;60.33718354832192
2022-07-29;66.92056727237718;56.221544251584454;60.32518342205945
2022-07-30;64.59253286477053;55.3155922629267;58.54896724043519
2022-07-31;63.60785643386478;54.379191530524054;57.953516936212814
2022-08-01;67.19902766509266;55.265648539932144;60.061894638325455
2022-08-02;66.70427479167944;55.55775287702243;60.61924323748282
2022-08-03;67.16241406073851;55.509097243651226;60.87460915303257
2022-08-04;65.85215384151125;56.68833596636588;60.63574972597105
2022-08-05;65.69807547172314;55.78842746003433;60.421649731109675
2022-08-06;63.77335783014155;53.62506301963039;58.20939163665748
2022-08-07;63.30120161840768;53.05808571702191;58.35015994046689
2022-08-08;65.6595090058687;55.857029108819134;59.801977554588895
2022-08-09;65.61219939057341;54.72581541883831;59.84660206814594
2022-08-10;65.4262566023942;55.12230397871356;60.230172147911496
2022-08-11;65.69782818322997;55.25612746578953;60.05727410783268
2022-08-12;65.20499733708996;56.08706892951443;59.898686775801124
2022-08-13;63.49855732640374;53.512871129079485;58.10714780324301
2022-08-14;62.31313633721175;54.27133544590279;57.4827210675396
2022-08-15;63.02647095501871;53.18211376993698;58.04528962816257
2022-08-16;65.25608228589749;55.32834706203068;60.52106867852355
2022-08-17;65.91672094700003;56.85910624932242;60.25137411450395
2022-08-18;65.31529066051566;56.76827323561041;60.18708590543993
2022-08-19;65.50538946649715;55.29307990121306;61.00904220489041
2022-08-20;63.449663390205245;55.484634344021785;58.1884834852221
2022-08-21;62.82905137499617;53.72880122594321;57.81245771194608
2022-08-22;65.42106632457882;56.533506458945595;60.350270771732575
2022-08-23;66.06124424768507;56.33823403577631;60.21838358912892
2022-08-24;65.42381302818302;57.20000486465736;60.21142838361607
2022-08-25;65.69294337104756;55.94536440987013;60.15532121679182
2022-08-26;65.59152081831516;56.24417669590141;59.77240772238765
2022-08-27;63.62968448915752;53.40396039530652;58.294631792906024
2022-08-28;63.20606440453706;53.838769387997154;57.530701660404105
2022-08-29;67.15692218478951;55.934875444798124;60.881186220000345
2022-08-30;67.02207498173347;57.05653433362401;61.21956698036953
2022-08-31;66.79602469645812;55.4642019883136;61.11819911411182
2022-09-01;67.89900556558693;56.148945801700236;60.86862973274104
2022-09-02;68.33428668168276;55.515327742526466;60.98134891798772
2022-09-03;64.68802215256056;55.83485292735557;58.69944602521034
2022-09-04;64.22418413915551;53.81076563559019;59.60277109256949
2022-09-05;68.57250585914109;55.54811980697334;61.69235289204454
2022-09-06;70.28287878450318;56.73461664208685;61.80877985071778
2022-09-07;66.91336998614068;56.668730183641344;61.2005095417803
2022-09-08;70.66122708846477;57.49878563670158;61.3030390527173
2022-09-09;68.52710418637264;57.902790403976844;61.72088167416195
2022-09-10;65.22634557539766;55.47136402165313;59.348990158431285
2022-09-11;63.64685466564056;54.55160435656942;58.55135906603919
2022-09-12;67.65047253564519;58.10075497187799;61.636254542900765
2022-09-13;68.87318787943401;57.430857859399225;63.66397544498526
2022-09-14;67.2678518420488;57.53176315133058;62.3709806330698
2022-09-15;68.38918963915805;57.841396842987265;62.72465508596132
2022-09-16;67.09423718831333;58.586858224628095;62.25619933118224
2022-09-17;65.4760037502842;57.34333274482509;59.56558901963143
2022-09-18;64.15109495798416;53.99615915966383;59.26480320187238
2022-09-19;67.33371981461762;63.24479670833555;61.83331455199906
2022-09-20;67.65763723674262;59.392800758974545;61.88807753626911
2022-09-21;67.20862448052806;60.18642428553133;61.616455267884795
2022-09-22;67.1237621028775;57.48258510946467;62.27049651298911
2022-09-23;67.10180108202411;58.432354717259834;62.0604473666857
2022-09-24;65.29386266786139;55.07760346456661;59.75115065554512
2022-09-25;64.3105219265637;54.2343267347463;59.116804963107626
2022-09-26;66.81946880306184;59.88002196330238;61.51359206682068
2022-09-27;67.37005668598114;58.61369667959431;61.85761348065717
2022-09-28;67.65023490991831;62.960519544823754;61.874264394340685
2022-09-29;68.0721934701445;58.81705483958689;62.52078041997304
2022-09-30;68.25277169126154;62.831544658209886;62.60454689645046
2022-10-01;65.47211406397545;54.06112652857121;59.616981169114005
2022-10-02;64.68019544946213;53.856177282362836;59.827860206672334
2022-10-03;67.92016073680941;59.29461072901789;61.80336316402314
2022-10-04;67.82526546741143;57.49433050404651;62.33551327822433
2022-10-05;68.27203601659555;60.06745635480614;62.033681509276576
2022-10-06;67.44559490340136;59.26684030814016;62.38871600952176
2022-10-07;68.6318507326775;57.24457474623641;62.1188368645229
2022-10-08;65.40029812593745;55.998089919651946;59.89509543273391
2022-10-09;64.38565648444533;53.979603982294535;60.12242296623547
2022-10-10;69.78251621421911;59.84353192099462;62.75322687474517
2022-10-11;68.36044985065001;57.706899766544154;62.55616974120737
2022-10-12;66.77980973845517;58.97772504391149;61.763876775801364
2022-10-13;67.52343297441168;62.7772224058421;61.77126136199568
2022-10-14;67.03401109647248;58.71273541885357;61.66462795273995
2022-10-15;65.17205616707835;55.850170604187795;59.874854851655556
2022-10-16;64.33048964756227;55.19149303041577;58.659658325471476
2022-10-17;67.37961803463838;59.94831015171569;62.32843399997597
2022-10-18;67.62362631605586;55.6851084825341;62.62886782475472
2022-10-19;67.19316601082414;58.004789842473244;62.40389527097045
2022-10-20;68.5432394490501;60.060325610145;64.15084582925775
2022-10-21;68.22876740180737;57.40802690892372;62.42554676581223
2022-10-22;66.26071714599567;55.26666811798915;60.28906501928982
2022-10-23;65.40988220987876;54.29990506726586;60.4904305874763
2022-10-24;67.45766248954203;60.01789022537049;62.41576721900026
2022-10-25;67.43662196175212;56.497606678470234;62.420313765535695
2022-10-26;67.35876199749922;59.83618988704802;61.86803898282151
2022-10-27;67.14055210893711;57.45880312821714;62.51130622516993
2022-10-28;67.09564394713729;56.50760115133836;61.887947908106725
2022-10-29;65.37982971304288;54.13369584946922;59.865767523351266
2022-10-30;64.57920100951235;54.62912357448986;59.477346137617594
2022-10-31;67.03154737116445;55.753824350398695;61.088519084758445
2022-11-01;65.51296195732286;53.867674506443464;59.64911404448188
2022-11-02;67.82584219014863;56.862360603040955;61.845564528156004
2022-11-03;68.29764894111881;57.71954149605662;62.72787887371615
2022-11-04;67.83262739594126;57.77190811025595;62.51716661963874
2022-11-05;65.97512133768268;54.83626652077901;60.245864666661134
2022-11-06;64.61043174807222;54.43876131976475;59.64881799394775
2022-11-07;67.12633252332769;58.15636357300767;61.832839173517435
2022-11-08;67.18251046759976;63.541729396384284;61.90236568343951
2022-11-09;67.85875597739306;56.05805266318243;61.28386857167315
2022-11-10;67.7540853156284;58.92453957886758;62.36056239320057
2022-11-11;68.00796865232785;58.28233577795661;61.94111345798953
2022-11-12;67.56969166601729;55.802138852042106;61.720208424053496
2022-11-13;68.06987044537162;55.181082241331154;59.894901311489946
2022-11-14;69.47084910720251;59.020722930342004;62.39304171075326
2022-11-15;67.90262952396769;62.51334524306596;62.993954980749
2022-11-16;69.35261566303454;59.390748546268185;63.60239556508729
2022-11-17;68.94323366141536;57.11350128459166;63.57488281597096
2022-11-18;68.60217533005323;61.77333250809403;62.91086542667976
2022-11-19;65.93192336627365;54.61047271683455;61.17972278533104
2022-11-20;66.15391841962051;54.81804824465111;60.31813255521107
2022-11-21;68.954179625031;58.441787821608735;64.34453625306683
2022-11-22;69.12095624611622;61.975371316510945;63.21211847180358
2022-11-23;68.35573286815419;63.34344919921989;62.766676372268826
2022-11-24;67.94277163263784;57.64375583412475;62.8779100294798
2022-11-25;68.73393727437563;59.29422809658233;63.18279557232373
2022-11-26;66.397351389861;56.37350762806635;63.49344864708557
2022-11-27;65.46846409131139;56.290854423130355;60.31434076647684
2022-11-28;73.04087052777005;56.08036895773009;63.9016829081192
2022-11-29;67.9802922506367;56.03029788705882;69.4506129032362
2022-11-30;67.69607778661248;59.09595179251076;68.81353312573299
2022-12-01;68.1401905640978;62.11023610310336;63.33098515686979
2022-12-02;67.84870528038144;60.62151296672226;62.29339719632961
2022-12-03;66.02145899310413;55.253077465802164;61.04024312711745
2022-12-04;66.033659150549;54.25417507130129;60.73161616239733
2022-12-05;70.26240942940905;58.58316467003767;63.927924036952966
2022-12-06;66.07822513803569;55.698786623200036;61.5838330348719
2022-12-07;67.35320371472501;57.33485789295572;62.589802674409746
2022-12-08;68.90721325239703;55.830674925509555;63.02031477163355
2022-12-09;69.87611620208307;58.39468946774666;64.60785825912117
2022-12-10;66.536925466128;54.86596853054518;60.83567241781335
2022-12-11;67.21449333617247;54.23579914611195;62.281625045106495
2022-12-12;70.63571387554921;58.017230588495366;64.68101622131915
2022-12-13;71.16618089235263;59.02787057559987;65.66747265790265
2022-12-14;70.01716683258162;59.018317434924015;64.14715538835705
2022-12-15;68.90240809880413;56.30947443385722;63.343262847411566
2022-12-16;68.76637254777134;56.632120674656875;64.01137010979808
2022-12-17;67.1236852774682;55.57870909084293;61.50570580184603
2022-12-18;66.23544027957392;54.347677749373716;61.09038090131202
2022-12-19;68.07971311943892;58.450304658962494;62.91629990613024
2022-12-20;69.87982476293654;60.59117874811048;64.54041319215607
2022-12-21;68.30665579085436;59.36385290254785;63.417650148246274
2022-12-22;68.02389064157174;57.300268834006914;63.05153343840797
2022-12-23;68.26348490050339;56.418527410575656;62.26387808052465
2022-12-24;65.51971134868145;57.08907696985763;61.99806973848929
2022-12-25;63.99745953326408;56.314952256004354;58.38011518987331
2022-12-26;65.19497445312695;55.92502779569994;60.175723470559944
2022-12-27;66.94487716753676;56.62108551582082;62.70668714474648
2022-12-28;67.0173503872184;55.9301114993475;62.14098529873115
2022-12-29;67.36136141317769;56.983736422004014;62.48403433323236
2022-12-30;67.20324941039969;55.77538656014825;61.89796267852829
2022-12-31;68.24592808225111;56.847258520538645;61.39450265715336
2023-01-01;63.51073463545787;54.5980605312901;59.35614859009345
2023-01-02;66.45785879183143;56.17348078950439;61.5018178622389
2023-01-03;66.83166712938714;58.92694413127927;62.31799080269248
2023-01-04;67.04154868569951;57.154770051692154;62.70095163251782
2023-01-05;67.46451427603033;56.58063649470869;62.45322953312245
2023-01-06;65.6403180765907;55.21043105530638;59.188951328658455
2023-01-07;65.52754567178557;54.621625480421336;60.76191558793285
2023-01-08;67.62938106052447;55.51233919838851;61.818720583823634
2023-01-09;68.3034600631788;55.86797883963037;62.75636371561174
2023-01-10;67.93979978877421;57.09943778857058;62.63412472650727
2023-01-11;68.19751821689744;58.16437849952098;62.29301433759367
2023-01-12;68.51840544242577;57.78154147920758;62.73777328984358
2023-01-13;67.97651887619878;59.6394619435727;62.48452482905147
2023-01-14;66.67926278226076;55.231896112229364;61.71643728817398
2023-01-15;65.69332527952432;54.65135736203472;59.74496334680453
2023-01-16;68.00094179264545;59.701905527649245;62.74809544408584
2023-01-17;68.16741986505497;58.81165258440605;62.81627262357738
2023-01-18;67.88865609764615;56.80571405646777;62.43323602988856
2023-01-19;68.22846185889586;58.39550052492851;62.937862154704135
2023-01-20;68.01762033732604;57.569044733173975;62.47899131889486
2023-01-21;66.70640462851156;56.41944537320401;60.88737244188482
2023-01-22;65.88114243729513;54.35945406879094;60.32486405131651
2023-01-23;67.76796655110668;56.22943836564403;61.67414317595067
2023-01-24;68.05492396474234;56.294421099925984;61.994728574228034
2023-01-25;67.59965990456337;59.28001434200952;61.823552672043704
2023-01-26;67.80263634788088;58.89443466119059;61.79683715899582
2023-01-27;68.0078601298035;57.18405057850749;62.002910705153475
2023-01-28;66.47375017480113;56.81897511511606;61.359877607367125
2023-01-29;66.24345325783486;53.58084329120129;59.962103713981996
2023-01-30;67.7586920784021;55.95750254139028;62.084616672968934
2023-01-31;67.57744196363939;56.89521346979966;62.713158076078514
2023-02-01;67.8596172593496;56.2978068183311;62.09965412279001
2023-02-02;67.73536191075505;56.90839460249094;62.275173577014684
2023-02-03;67.55880329645389;56.39019914982473;62.67488758941517
2023-02-04;66.11805353699873;54.52802208574104;60.39514282181216
2023-02-05;65.13236910433224;54.1704336453609;59.148147612888266
2023-02-06;67.42418893652294;56.419263890379305;62.36448702598268
2023-02-07;67.56013646879282;57.97914216738138;62.11751921209746
2023-02-08;67.69448506981006;56.186967253357246;62.44022250666617
2023-02-09;67.76599856088814;58.59845837234837;62.373224276685804
2023-02-10;67.76352176156126;57.277678523311344;62.22957641721977
2023-02-11;66.48077876376581;56.395833550177045;60.85543378164636
2023-02-12;66.75858798285009;54.63845319815681;59.87400236385267
2023-02-13;67.49096490128616;57.62192469953705;62.04496688244278
2023-02-14;67.85260302824801;57.761255798772495;62.74774496047927
2023-02-15;67.57627556571686;57.399468328424234;61.99419259376953
2023-02-16;67.45943487700478;58.43707161916348;62.63520484567596
2023-02-17;67.45970790387445;59.325571297669846;62.193291584768325
2023-02-18;66.01062930154657;54.65185649903914;60.07377339583868
2023-02-19;65.69368253632047;54.50814130933699;59.706369974180966
2023-02-20;67.38392988315402;57.64004439049404;63.52972628304467
2023-02-21;67.25590725957086;58.09574299012381;61.83014370752868
2023-02-22;67.46671077377674;58.401613182351426;61.772778232959524
2023-02-23;67.61306923648813;61.871622906550655;62.15297697085248
2023-02-24;67.85007717006764;56.29474151809579;61.7041054270246
2023-02-25;66.21076866928915;54.862701629527535;60.47653724567204
2023-02-26;65.70016306493153;54.57371357116635;59.98340330207202
2023-02-27;67.22744707516227;57.58988133369493;61.33636528251284
2023-02-28;67.55790252491529;55.94976915884181;61.856658646929944
2023-03-01;67.33008872831367;58.00681793455457;62.65667659020857
2023-03-02;67.51444623001403;56.42092665818659;62.63935715825143
2023-03-03;67.4059411251986;56.295772678741336;62.89183679668643
2023-03-04;66.65742986994734;54.64714293479429;60.751570782357106
2023-03-05;66.11234089043695;54.47285133353208;60.32517808482748
2023-03-06;67.65100960332448;56.5736042863565;62.95869769096197
2023-03-07;67.65907459760935;56.91326182240874;62.73089235835582
2023-03-08;68.29070324036638;56.934521458303806;63.111720263185624
2023-03-09;68.94259083080654;57.59010414685238;63.919849024248656
2023-03-10;67.42730027076348;56.16104065413072;62.27491547384173
2023-03-11;65.96160835035238;55.180320626446154;60.55414960397683
2023-03-12;67.93482979188718;54.9724803657013;59.566347119410594
2023-03-13;67.4445841561399;56.63176396032274;62.933492716738144
2023-03-14;67.6728280738599;57.02426170279978;62.29549514581959
2023-03-15;67.25720273665867;57.86163848352256;61.48473291707986
2023-03-16;67.40721959710054;56.28160409683773;61.42467333685117
2023-03-17;67.29532765045037;57.279184834109685;61.50940144134399
2023-03-18;65.33640679333294;54.752952430482125;59.990818774233816
2023-03-19;64.2030142354993;53.5621031666134;59.53162666343455
2023-03-20;64.77384331622923;54.814876761346426;59.73930068016372
2023-03-21;66.9645540082008;56.685503866737875;61.88217436605849
2023-03-22;67.54009004955218;58.80954007965774;61.68190894415573
2023-03-23;67.2800453455084;58.75432043260349;61.77884876079346
2023-03-24;67.2884966041445;56.80783031021149;61.6965939108585
2023-03-25;65.59303086522513;55.067843766216065;59.94972926417439
2023-03-26;65.66805198620305;54.27049163810457;59.835095127400265
2023-03-27;66.75846803583566;57.092936996048486;61.59520624977114
2023-03-28;66.55324664332973;58.321736126576624;61.84305495120619
2023-03-29;67.15641359330424;57.66961000745844;61.75065891717138
2023-03-30;67.36200992825248;58.5042856603621;62.15645705832037
2023-03-31;67.11867947517428;56.716007606725405;62.060414972444974
2023-04-01;64.83921042961552;57.62439330609798;59.7491817377645
2023-04-02;65.33064784407031;53.872883781260235;59.09766069556753
2023-04-03;65.95853120894502;56.584628669189385;60.952300869310776
2023-04-04;65.76296602709321;56.63448131655767;60.61858035085817
2023-04-05;65.21555277322447;55.41271556688255;60.02474198625745
2023-04-06;63.530197587545096;52.8129446697489;57.637250608876336
2023-04-07;62.92645836706751;53.28326242470431;57.22777561985738
2023-04-08;63.4406534906854;52.82527954034049;57.871331934247515
2023-04-09;63.483584075827295;52.75538384711154;58.37213203071654
2023-04-10;66.12495483458828;55.79668894820558;61.14484849203892
2023-04-11;66.88836365535313;58.198727968918014;61.53969081409631
2023-04-12;67.79245012454227;56.146205549000086;61.54103396558366
2023-04-13;67.51869252180158;56.850204461036505;62.19838325793133
2023-04-14;67.10703888687729;56.22515954691083;62.76931110099327
2023-04-15;65.2552387567853;54.705759080044714;63.02695746098025
2023-04-16;64.70171152368454;54.314139575417435;59.50148069541383
2023-04-17;66.64217213272669;55.85947153122602;60.924087959844854
2023-04-18;66.81247691341036;57.30361998142254;61.81945481342213
2023-04-19;66.94402585269907;56.76515091828878;61.65681965032925
2023-04-20;67.69556560469817;56.67962944945665;62.32199482762888
2023-04-21;67.12679272068763;56.97685145759991;62.162047000573764
2023-04-22;66.72067357046942;55.19645297686868;60.572631864846436
2023-04-23;73.70065383720365;54.39931015879792;59.583605028547055
2023-04-24;67.11076574004555;56.75498667408499;60.637392105747885
2023-04-25;67.2016368258234;56.07055270235503;61.63774954284095
2023-04-26;66.90158885063609;56.7198389988959;61.315640858316826
2023-04-27;67.02562032717627;56.46520334943642;62.042485695907885
2023-04-28;66.69598018958379;55.44756320398175;61.13932841345588
2023-04-29;65.15786867916177;54.39160932332765;59.48873619941668
2023-04-30;63.896680936252544;53.17253304143185;58.99676052271779
2023-05-01;63.42047887518393;54.06878084668844;58.60188759282319
2023-05-02;64.50611288984466;53.71881769520941;58.6407120795101
2023-05-03;66.88454464447334;56.57496077368717;61.44196241667377
2023-05-04;67.08164493402572;56.26145603214846;61.34454925709572
2023-05-05;67.07319058029046;56.09550922862031;62.682559984651284
2023-05-06;65.52152011537329;54.36070472098152;59.99274192623627
2023-05-07;64.79918190923209;53.97220363313889;59.991737338203855
2023-05-08;67.00020890945403;56.040579963227145;61.278567883083014
2023-05-09;67.05537192691585;57.073895543748286;61.558855077063996
2023-05-10;67.0244151929806;56.965661875102356;61.238177571683565
2023-05-11;67.35744030220522;55.959465403486575;61.461681764106956
2023-05-12;67.15966850084297;58.38566557281801;62.1602480067379
2023-05-13;65.01405419185184;55.507883037429515;60.20607255330627
2023-05-14;67.05313824756607;53.96467560614923;60.00036086341907
2023-05-15;64.68968679833951;55.43851465886106;59.53828284977411
2023-05-16;66.74850929390078;57.06035110938595;61.83291456139707
2023-05-17;67.16191155779948;56.433629962806805;62.139872065132295
2023-05-18;67.27895515622544;55.551353721378625;61.75790662641951
2023-05-19;67.47323776173816;56.43626134666821;62.0055145994384
2023-05-20;65.67908057436814;54.29451653875603;59.913210125502886
2023-05-21;66.00978493939206;55.01027664971762;59.38983455749941
2023-05-22;66.86384147070063;57.01775841166083;64.29521226999884
2023-05-23;67.91277079564652;59.26686185775494;62.43271003664261
2023-05-24;67.56783164164288;59.31192963273694;62.770230152053685
2023-05-25;67.77030228831768;60.33229555683124;63.614748881899985
2023-05-26;68.62719136830124;57.5610504739769;62.51220030513266
2023-05-27;66.34122970378493;55.213606581514476;60.37634672935219
2023-05-28;66.30613055540542;54.89009224547022;60.11317091769748
2023-05-29;68.19447386587457;59.524544323857185;63.97645890116631
2023-05-30;67.87096707226786;56.32866220862642;62.27987208135371
2023-05-31;67.31768311024933;57.229110274191015;61.841857977209564
2023-06-01;68.13865092410383;57.356827368457786;63.03686964478586
2023-06-02;67.26391271005996;59.9798818094564;67.42724684159944
2023-06-03;65.40058804450432;55.081662117747925;64.01957583567297
2023-06-04;64.83380484251971;53.93358995797154;58.83132808147536
2023-06-05;67.39981040435296;57.9066243059168;63.203957458922126
2023-06-06;66.97527234679178;60.319652233790045;61.206283879688044
2023-06-07;69.08723204243829;58.67387705235969;63.21558656056392
2023-06-08;68.76119772950064;57.767342540817275;64.99320835597477
2023-06-09;67.79970218134166;57.542318028220194;65.12458271482666
2023-06-10;65.53507919902347;55.177167271374465;59.92179529589973
2023-06-11;64.4186737713519;52.69432961291392;58.686432784625595
2023-06-12;66.95039002578888;57.69768884910256;63.25505008305376
2023-06-13;67.1929173455782;57.39585952959354;62.31462462864187
2023-06-14;67.02718211813715;56.42816053125789;61.80495441002354
2023-06-15;67.46973356250172;57.428492449062446;61.82034325682782
2023-06-16;67.34011852628231;58.39446256521321;61.75632453761301
2023-06-17;65.58456299154916;54.67847423957184;59.467938461646796
2023-06-18;65.20303049667424;54.54911070161084;59.37691405820229
2023-06-19;67.6603612871473;58.28308285862236;61.767271211260415
2023-06-20;67.43614408233942;58.62133979781947;62.48953275333754
2023-06-21;67.25919892382744;58.55645259091081;61.65944518344499
2023-06-22;67.73400064610743;58.17769478007341;60.990434173332815
2023-06-23;67.12811880384659;57.96467312846641;61.65094429615913
2023-06-24;65.09758806784325;54.56673704024819;59.76085397303261
2023-06-25;66.27373378028268;53.56878153620819;58.31916566610175
2023-06-26;66.95810262363028;56.26662589441386;60.821314270568394
2023-06-27;66.78835642225198;55.777279211833;61.12782408050457
2023-06-28;67.21806846516219;56.24159037052991;61.90465194972879
2023-06-29;67.03856281921287;55.68383172202462;61.56514639419707
2023-06-30;67.27500070545142;57.43021747058519;61.45045953571879
2023-07-01;65.96333008635598;54.888815602370954;59.905671996798674
2023-07-02;64.9243973962074;53.57088843668681;58.37259078097861
2023-07-03;66.75408131923416;56.459741715869896;62.36828657264225
2023-07-04;67.6781073469153;54.98920560829211;62.24732132581002
2023-07-05;67.16501874300732;55.906169943774955;61.5021108953544
2023-07-06;66.79687678215055;56.42916521892094;61.877918503964196
2023-07-07;67.23484036457225;56.13706209924029;61.056471578710585
2023-07-08;64.49984889010453;54.52828112705206;58.86689428893192
2023-07-09;63.58879021318717;54.142375945960886;59.03693597450573
2023-07-10;67.46616920370354;55.65473906241765;61.311866803804165
2023-07-11;66.94882116496095;58.15732293285453;61.68799618774959
2023-07-12;67.2467694205977;55.582329109928;61.33521233071618
2023-07-13;67.25848896417081;57.06576612140676;61.37776670731312
2023-07-14;67.2422536496221;56.01256393927841;61.354553858732416
2023-07-15;65.49501972147621;55.47802776986617;61.13248851934749
2023-07-16;63.8624126234768;53.18940900320815;58.72598047452578
2023-07-17;66.7935982500981;56.8451487838211;63.38408520513142
2023-07-18;66.83518314937324;55.99976619592667;61.32784254857303
2023-07-19;66.7806889609602;56.691153875043845;61.53579492477203
2023-07-20;67.37163870505094;55.36983769812778;60.53711054358958
2023-07-21;67.70426308494395;55.35694200360893;60.8399657882116
2023-07-22;64.64996557007919;54.318547591024426;59.20410378795685
2023-07-23;64.26329681970329;56.5125886794045;59.233330274039766
2023-07-24;66.68878728003855;54.40234359993286;60.883559359706354
2023-07-25;66.37708341184363;55.46719914124789;60.47667478926915
2023-07-26;67.01983415726556;54.706214452913045;61.32631795820068
2023-07-27;66.7591510249197;54.944255916489084;60.75103026166246
2023-07-28;66.38002677921543;55.44632212564935;60.41986042879781
2023-07-29;64.43528291685054;53.13985479163243;59.039575825066414
2023-07-30;63.828950051372864;52.13258811377503;57.75934206906055
2023-07-31;66.63099428024782;54.408407956228274;60.072172534189775
2023-08-01;65.80368153289353;57.168923919470615;60.160630340446644
2023-08-02;66.21949002905247;56.43068985069348;60.6612211779046
2023-08-03;66.21745499328823;55.51019666307332;59.85035561433756
2023-08-04;65.91875598582006;55.20489689321829;60.59892740863336
2023-08-05;63.77989443188316;52.43959024236353;58.48586447653987
2023-08-06;63.11710782473866;52.555000284551674;57.189898311465264
2023-08-07;65.62444699775423;56.05895791700358;59.58653827175361
2023-08-08;65.54494182797083;56.075479410890416;59.73952874845092
2023-08-09;65.82471948189783;54.80661514150783;60.071356818229305
2023-08-10;65.5613848631531;56.61372722451784;61.67682874036343
2023-08-11;65.73063256086057;54.197102639699075;60.8930543756398
2023-08-12;64.39198569688236;52.321287203231904;57.794087418092516
2023-08-13;63.19572778805433;51.788295848091835;56.89989901248053
2023-08-14;65.02521391254425;54.44903871065709;59.723114495280846
2023-08-15;63.397479449182235;51.98126898641951;58.47152401264403
2023-08-16;65.29591544200598;54.65147319843652;60.233920852638846
2023-08-17;65.67993371451396;56.22890042438901;60.0505080423915
2023-08-18;65.27763382066479;54.52016561449794;60.373004948512275
2023-08-19;63.90296162534396;53.61247216163371;59.1677740304561
2023-08-20;63.1586351230165;53.67044533770848;57.73682061670493
2023-08-21;65.42959105141344;55.58515395451283;61.655503701900784
2023-08-22;65.86589703110658;54.42421377547919;59.89068226230621
2023-08-23;65.65298618264993;55.85353019712663;60.53336158723237
2023-08-24;66.03484271939543;54.91543032307959;62.72237704129622
2023-08-25;66.14767429470062;55.55708738636007;60.690509794586546
2023-08-26;64.64509394219155;55.62985112619094;58.63231411895931
2023-08-27;63.76256405746357;53.92103831581388;57.98163175611884
2023-08-28;65.93469741828655;55.27531914972972;61.15043795947646
2023-08-29;66.44151128467377;57.53114497504857;61.053767227384995
2023-08-30;66.45454350614406;57.90269168194851;60.07768774478453
2023-08-31;66.54854786505237;58.31094538421786;60.52584306186391
2023-09-01;66.90083476652023;55.494773091317924;61.00235791989313
2023-09-02;65.1827920927099;54.12811049756841;59.52472646281998
2023-09-03;67.16384067336384;57.70748886829345;61.67033276643751
2023-09-04;70.11356167666848;58.20347828150098;62.98012438641075
2023-09-05;67.40043277979845;56.808404507313234;61.601896472213156
2023-09-06;68.01446061807812;55.389086243254305;61.33672555049606
2023-09-07;67.36763521862362;54.88928088607231;61.1927330938051
2023-09-08;67.14507669183149;56.996529046475075;61.207779306580406
2023-09-09;65.66061910367982;58.28742423442969;59.350678071249625
2023-09-10;64.8271854935;54.858390960853136;58.50228698386204
2023-09-11;67.25499158571226;56.42523311251681;61.785327136100264
2023-09-12;67.37390248732835;55.777628671310886;61.48855793422146
2023-09-13;67.46740098203377;55.710226586507915;62.289582996918625
2023-09-14;67.39770777552582;55.595200058215106;61.50507065390759
2023-09-15;67.58030276479697;55.75236190627892;62.423940757839574
2023-09-16;65.80114955213816;55.165491797817694;59.71085826466853
2023-09-17;66.62364533457036;55.38420064779903;62.25631072184719
2023-09-18;67.6126406231142;55.631108028353125;62.27548056939539
2023-09-19;67.60281030016228;56.41298241298864;61.9687095488125
2023-09-20;67.46667818513158;58.206262325564005;61.71022683174457
2023-09-21;67.82796232341968;56.33331716613529;62.17016898876512
2023-09-22;67.67234429987045;57.870874017036435;61.638037259691025
2023-09-23;65.48610021761107;54.3895203069426;59.37589517371872
2023-09-24;65.05079784902938;55.16233159413197;58.8235134027337
2023-09-25;67.01900240582971;54.99532504270007;61.15489378978049
2023-09-26;67.17661070992952;57.4168583381612;61.57476674450763
2023-09-27;67.75187255169223;57.26947588619196;61.688553920343125
2023-09-28;67.30077645466424;56.32340580655413;61.82698265866006
2023-09-29;67.24926063516673;59.19390968309274;61.41760453639196
2023-09-30;65.70665924902886;55.06495499437534;59.9067085885149
2023-10-01;65.2846375696902;54.34714696785865;59.60877344862667
2023-10-02;67.14335052619778;55.772642333949285;61.140933342742855
2023-10-03;67.36610722564525;57.58333097092414;61.77976071061036
2023-10-04;68.4361824038637;59.46371976554498;61.933405287517445
2023-10-05;67.45633933936018;56.376186636637875;61.403075674236305
2023-10-06;67.2357631531169;57.04850247614787;60.99601491627071
2023-10-07;65.73508121990056;54.678693644715246;60.2060168463155
2023-10-08;64.744135989804;54.26938170288385;59.72350580820955
2023-10-09;67.41498592177516;55.53855362680247;61.38808644746735
2023-10-10;67.53878071778755;55.70834454429685;61.70312646969979
2023-10-11;67.98234654724034;55.564539032847236;61.55282621403525
2023-10-12;68.75400353652353;59.09871163194054;63.23291800551415
2023-10-13;66.60145204898764;56.03646253979635;60.96595379832117
2023-10-14;65.35774700942487;54.57435018229501;60.11414583304944
2023-10-15;64.87135077879142;54.50305335440084;60.205242081830164
2023-10-16;67.56686524374173;55.69117225439533;61.34248584164943
2023-10-17;67.67728705531277;57.758172465574745;62.23003419724614
2023-10-18;68.11207276109168;56.690711883317846;61.79329389672511
2023-10-19;72.0151841332385;60.00454829338648;66.28332189553285
2023-10-20;68.88137706513162;57.107976506459096;65.11100955283997
2023-10-21;66.31874864888461;55.26652803352614;60.52822557760108
2023-10-22;65.09531060415983;54.3254881903719;60.10597993798066
2023-10-23;68.58549069105175;56.302952857606705;62.27703807337126
2023-10-24;68.72795092169126;58.49132223494547;63.15361612618345
2023-10-25;68.02092117185136;57.24167065572881;62.927725030310484
2023-10-26;69.19073882738147;59.16977039139756;65.78688157430658
2023-10-27;68.50569679170002;57.50263211784013;63.91079764698813
2023-10-28;66.165425570669;55.29426280220872;60.279890124096184
2023-10-29;65.93450074133928;54.42470556754991;59.997480302278035
2023-10-30;68.90431169064075;58.03050308281648;62.54676336302773
2023-10-31;68.06655488836748;56.66149033894146;64.28878834073375
2023-11-01;66.05995385782363;54.83843506790001;60.344615063503895
2023-11-02;70.6351907339218;60.288670848894476;65.48768105768173
2023-11-03;68.5448317772922;57.79866798125948;65.94149792346062
2023-11-04;68.64376472524421;56.655058200675576;63.156575064336195
2023-11-05;65.81177764210939;54.91294622392749;60.2102994326992
2023-11-06;68.04556274006754;56.027055018023674;69.65173599848856
2023-11-07;68.46647267692231;57.67499275898362;70.76328221264427
2023-11-08;68.13897519309158;59.02210657531077;64.11139404640943
2023-11-09;66.28042600375657;55.0943269391776;60.973677983209164
2023-11-10;67.82525250574815;57.07463355940015;63.0373025461281
2023-11-11;66.77682426966942;56.978185422417155;61.13051393369078
2023-11-12;65.4123229478046;54.869000064089406;59.70645457636592
2023-11-13;67.99948118461315;55.38162390744893;63.84792015437165
2023-11-14;67.90865584601063;56.47982129567423;62.224354814841014
2023-11-15;67.98639997976096;57.668852669472166;63.19010327488446
2023-11-16;68.20145840373469;62.05472042381463;62.08849194664536
2023-11-17;67.77805954449948;55.919995389388745;62.50988991918384
2023-11-18;66.38501461507371;55.40683890403785;61.0222508877071
2023-11-19;65.84270559804315;55.213419787167695;60.21165743755181
2023-11-20;67.73413414730572;56.917860857661495;63.38709765724126
2023-11-21;67.5501907064535;55.82115174462917;64.24609931561216
2023-11-22;67.79881217955352;58.067199816332064;62.290762693239955
2023-11-23;67.96764084864579;57.02261405162175;62.21993665043279
2023-11-24;68.09049163238781;57.03476372235515;61.934889177302324
2023-11-25;66.34072074794656;56.27988966725866;62.068939463178474
2023-11-26;65.60750280904392;54.849374459970264;60.99410310468705
2023-11-27;67.6376624778464;59.80005398275944;62.465108667579045
2023-11-28;67.67221557060037;59.25087023556945;61.82345136991273
2023-11-29;67.97255587297983;56.05402852093875;62.67649779865549
2023-11-30;69.87390239265136;59.52786283013184;63.899033934330625
2023-12-01;69.09133576219186;57.59696455202136;63.02856695412505
2023-12-02;66.71404005887756;54.87632544482722;61.09499598905377
2023-12-03;65.84283598441937;56.20280933676269;60.32700977872394
2023-12-04;68.42761033181266;56.53762611340611;62.424852621196166
2023-12-05;69.80481380710826;56.56699307147649;62.44556895543148
2023-12-06;66.11145642762851;54.35124977288184;60.232869075200725
2023-12-07;68.84013748877449;57.257032584506725;62.59677463732657
2023-12-08;66.57703892036575;55.34430457819995;60.51922278352671
2023-12-09;65.99635649575765;54.23009881994821;60.83520453898203
2023-12-10;65.66500835247807;54.546455878975955;60.0221289257927
2023-12-11;67.80566900657038;55.66912846666641;62.080481392580495
2023-12-12;68.10078441814017;56.708842037134055;62.350028418656635
2023-12-13;68.32877082524294;57.03787371155901;62.75852629949247
2023-12-14;68.35490358629359;56.29547121533272;62.594133008557336
2023-12-15;68.31878464534776;59.351308606026016;62.86368238692464
2023-12-16;66.53582148823793;55.83662293291979;61.66204061112376
2023-12-17;66.09136634501793;54.72768189091367;61.32449190890782
2023-12-18;68.20812693671428;57.879836903122666;62.631965489509525
2023-12-19;67.98653874339514;57.061908801095036;63.35967702805679
2023-12-20;68.83003700830162;57.691838723136456;63.0515576046595
2023-12-21;68.29507561026223;57.320996486924756;62.82317382180502
2023-12-22;67.91430742984895;57.329005856853556;62.30484794832981
2023-12-23;66.6528125895255;55.225387628230145;61.39817272731087
2023-12-24;65.99154742072201;55.14933893149027;60.941044946592136
2023-12-25;63.95885062835206;54.63063825300269;58.55605604483931
2023-12-26;67.25674222935798;59.318680568117856;61.66698640198089
2023-12-27;66.98086842513709;57.132260713034015;61.786589896433895
2023-12-28;67.52867349588438;58.394600919616366;61.526309978873414
2023-12-29;67.48972703690767;56.09004221214131;61.674209357479526
2023-12-30;65.4901835548935;56.68805362539046;60.9939710388263
2023-12-31;65.8873620721897;55.41098095571001;60.2883020419284
2024-01-01;64.51671595831435;56.25471481456795;58.88552142567513
2024-01-02;66.75117515362561;55.25359998543739;61.858412833664225
2024-01-03;68.96753285036262;56.31324522664553;62.8597148922218
2024-01-04;69.22407673094328;58.618782168421;63.81994394013163
2024-01-05;68.54342394643356;57.53146890960329;62.761999883622764
2024-01-06;65.20884045019828;55.143040768909344;59.84270226936389
2024-01-07;65.61941243036158;55.07695858333846;60.35960680007442
2024-01-08;67.52635502744943;56.473612624914715;62.49561441915673
2024-01-09;67.97267445603573;57.00770418631915;62.52109053398569
2024-01-10;67.89801606976158;56.606278408159895;62.579492455600274
2024-01-11;68.22571928713103;56.02029326423151;62.309395965973984
2024-01-12;68.04431486105376;56.38509560234786;62.600889512249324
2024-01-13;66.59432715194932;54.998566290704375;61.069595054825086
2024-01-14;66.88536871689065;55.16591946855489;61.957334080018086
2024-01-15;69.86394528206533;57.7178817124959;63.61588233731364
2024-01-16;68.66400705168888;56.87088075987482;63.01362376065195
2024-01-17;69.67210373288755;57.25271699920491;63.5514753329811
2024-01-18;68.14732494405354;57.76789544073202;62.288939668461964
2024-01-19;71.21317574759058;59.09220269884724;65.23929521306503
2024-01-20;66.95060295308838;55.14275519004741;61.30804527291784
2024-01-21;65.62226628674976;54.756939726138526;60.206074835267785
2024-01-22;68.52656252211555;57.65182990008807;62.21569420088625
2024-01-23;68.04434497408492;56.822417214816866;62.73447147320455
2024-01-24;68.0547641841157;56.85098557106832;62.46633954742354
2024-01-25;68.08520937895459;56.10842815698008;63.00122891458265
2024-01-26;67.60543808026947;57.28493004080534;63.32551262433398
2024-01-27;65.98118591372844;55.435295438426174;60.74674944942062
2024-01-28;65.54037448239252;54.51258678850423;60.051389869216294
2024-01-29;67.57349059379368;56.07288299498647;61.99536559823383
2024-01-30;67.72273001089333;55.91682791021522;61.92375551672668
2024-01-31;68.45285021090234;56.50444692007242;61.938684510653644
2024-02-01;67.63066037855086;56.56182273734872;62.25855479768577
2024-02-02;67.7596375653276;56.62571860942975;62.58178323892022
2024-02-03;66.57535334997867;54.90765759199584;60.875971635057354
2024-02-04;65.428396805388;54.665340430781725;60.00315886847219
2024-02-05;67.33934056650189;56.17291745014612;62.36584520702763
2024-02-06;67.72604815873149;55.82704728584191;61.81495213812209
2024-02-07;67.59285097574147;56.06279701769158;62.89454612851442
2024-02-08;67.94984006417086;56.578418813525616;62.37935662725189
2024-02-09;70.18502008453137;57.85377618037231;64.47360050244374
2024-02-10;66.82699561773313;55.35806024699143;61.47553001983474
2024-02-11;65.41727431402077;54.82247063120653;59.928260816438936
2024-02-12;68.20983946958593;56.89232293937764;62.42349612805663
2024-02-13;67.75494777669385;60.12056655183012;62.04532273180056
2024-02-14;68.06107279116675;56.01763199795391;61.74292801355105
2024-02-15;68.8044087964781;57.74736143659225;62.964358578498036
2024-02-16;67.99216678196773;55.86079950764834;62.13585704823694
2024-02-17;65.99344949073875;55.4034645348425;60.79784153241657
2024-02-18;65.42466344614657;54.85747595256473;59.90775373363205
2024-02-19;67.46705161367028;56.14014534928348;62.00852137372935
2024-02-20;67.43896775186687;56.16747593384376;62.75978320066602
2024-02-21;69.41065227897214;57.77467715178547;62.44332645282209
2024-02-22;68.05232828713287;57.72833000666404;62.12427308094149
2024-02-23;67.82013044337228;56.3987312515653;62.09845690463278
2024-02-24;66.10931073381599;54.61068206145786;60.297547366662585
2024-02-25;65.52806133617744;56.545175730025804;60.687430468166774
2024-02-26;71.52715881426238;56.60951517084568;62.3785327929872
2024-02-27;67.6191988217039;57.21591356249747;63.59314377009933
2024-02-28;67.79371645589346;56.25730880079998;62.449944757947115
2024-02-29;67.72970666389418;57.235581374079715;62.299703101199164
2024-03-01;67.69895247464747;57.286577964796265;62.57853966194885
2024-03-02;67.6829202756738;56.62403238786765;62.540231306150915
2024-03-03;65.66357449318188;55.42872859786398;60.587312830055126
2024-03-04;67.9405422425012;56.888281091373976;62.47406399698609
2024-03-05;67.91223757904889;56.58539926880888;63.15575968820039
2024-03-06;67.82962580428924;56.754037507671086;62.08910487043181
2024-03-07;69.18075138200997;57.24911525212278;63.56291413460041
2024-03-08;70.06453195753615;58.089543601797295;63.49132196160073
2024-03-09;67.71782730851848;55.777737122824604;62.080474392019276
2024-03-10;70.0098256244061;55.99625355778275;60.817286975355415
2024-03-11;67.40929389377627;56.360865431657395;62.146438479773266
2024-03-12;67.99235475823508;57.31726056750447;63.28622618180059
2024-03-13;67.84512697843905;55.830547457295474;62.46711332965213
2024-03-14;67.74725738555334;59.23862948547526;62.75794002727945
2024-03-15;67.69330959771234;56.40236268561124;62.93938038197251
2024-03-16;66.036529730745;55.176346126532174;61.42566997637096
2024-03-17;69.52536275133693;56.04515187741299;60.763261076558095
2024-03-18;67.20051280858084;56.04664584381027;61.78986030423067
2024-03-19;67.3915152655103;56.33068013278642;61.53876894502545
2024-03-20;67.22436924239878;56.77515247167221;61.308265622995066
2024-03-21;67.62687970148274;55.839990646073225;62.071541476586546
2024-03-22;67.26552114248055;55.39562277347724;62.60727589709714
2024-03-23;65.67881793823788;54.833487305435476;59.76380479402234
2024-03-24;64.85741899447984;54.834252139409045;59.3019941030587
2024-03-25;67.38498451857674;56.5350139289866;61.44965897836826
2024-03-26;66.86033780299559;56.55196352304308;61.29243580377918
2024-03-27;67.84024955032736;58.13467736723748;62.0605298684154
2024-03-28;65.51826680591363;54.433567098649355;59.38800904658556
2024-03-29;67.21499344926222;54.47623926298526;60.72734584062427
2024-03-30;66.46390299617984;54.658153485021515;60.422629905203
2024-03-31;66.84649345678255;55.03321063131608;61.24566633619679
2024-04-01;68.41568809256516;56.673019990332335;62.0591421430763
2024-04-02;68.03966774904973;56.184203782316075;63.86707862161563
2024-04-03;68.41420804517453;57.72266326984047;63.87309446272085
2024-04-04;67.5809645780541;56.14714119246877;62.30720101072512
2024-04-05;67.65508981302987;59.19525480688428;62.32140978070043
2024-04-06;65.9594306763462;55.1261493212212;59.87045600360687
2024-04-07;65.89567832822965;55.22112055234126;59.553290274338195
2024-04-08;67.77069609060723;57.03374098282883;61.866663972273074
2024-04-09;67.88202284495893;57.331779924313565;61.46329278824731
2024-04-10;67.64719555986676;59.39737729644061;62.3599397840459
2024-04-11;67.47247312731731;59.953188299858624;62.755294476410455
2024-04-12;67.09271403289306;60.186537138456735;61.495775781644106
2024-04-13;65.38780185858974;55.50097539345083;63.770594362272355
2024-04-14;64.56227649198111;55.25156747661409;59.1722207699625
2024-04-15;66.95995427921238;59.42765700974317;61.303683940153135
2024-04-16;67.31913126811652;58.444333359728745;61.264572296312416
2024-04-17;67.23746969341796;58.38709314479268;62.867795345305275
2024-04-18;67.32641988677688;57.35306724125255;63.13747319658759
2024-04-19;67.25934530781467;57.14173987977678;62.43871351602798
2024-04-20;65.52608464752271;54.673529698793246;59.89141956366103
2024-04-21;65.27517150057642;54.71957445712174;58.91159601076505
2024-04-22;67.27907309690723;57.23932759103697;62.21563807211006
2024-04-23;67.24333576755636;56.27366663295131;61.976524997908335
2024-04-24;67.55139567628036;55.943205596414074;61.57555285016479
2024-04-25;67.48348134946886;55.98358938126472;62.24974744682694
2024-04-26;68.49358820307874;56.21395517238266;63.484723570469654
2024-04-27;67.1639782305763;55.785496462259765;61.36362033007777
2024-04-28;66.66877176539704;55.46912253373729;59.509945256131395
2024-04-29;67.32721613883454;55.5647740241309;62.790982110580565
2024-04-30;67.80522000849679;56.41124670132263;61.48609011514459
2024-05-01;65.33425501571202;55.18694167963452;58.788414462151685
2024-05-02;65.3730621403996;55.105960477923794;59.246675279468626
2024-05-03;66.05602754005142;58.72027856813881;59.998877388723564
2024-05-04;65.84043495331804;55.19612641335169;59.19952886754948
2024-05-05;64.87099762200792;54.82003542380077;59.28568610815988
2024-05-06;67.73274924678735;55.52398758214811;62.58275580240671
2024-05-07;67.5458378870429;56.02888731577355;62.142008001602996
2024-05-08;68.0335524123692;57.30958638264728;62.25064322597767
2024-05-09;67.4358154226602;57.4381675372205;61.45872236569987
2024-05-10;67.53579628548411;55.45396714233629;61.955754502702064
2024-05-11;65.52338972623743;54.89886470427283;59.771223365997805
2024-05-12;65.9261639909615;54.63647970251432;58.913291426264806
2024-05-13;67.19139742436195;55.88748985917515;61.18535349046749
2024-05-14;67.2759500545908;55.58459126350875;60.88587775695257
2024-05-15;65.55593088714045;55.23698059592409;58.571850631405404
2024-05-16;67.74049063497428;56.068246859848394;62.23355554538624
2024-05-17;67.85942461217415;56.833210208322065;61.617670005475716
2024-05-18;65.74133644137416;54.95928426331229;59.61350070925245
2024-05-19;65.2375319163062;55.867944535033985;59.324869678081875
2024-05-20;67.30418514184109;60.17291903049343;61.57195352429191
2024-05-21;67.83538002023055;56.51344946769711;62.56379672602832
2024-05-22;68.3339380453333;56.73472843613932;61.522749971385984
2024-05-23;69.05460473638514;57.58593157906369;61.70427058551261
2024-05-24;67.90881283958863;58.3253853188248;61.72702836575284
2024-05-25;65.8388540163198;54.75005873911034;59.391414282465725
2024-05-26;65.3066057680117;54.42532120907235;58.759841031121866
2024-05-27;67.22171452916773;55.7086944607548;62.47441556749575
2024-05-28;67.61054848906969;54.905579799129775;63.01291271553033
2024-05-29;67.17398264181996;55.65752197228785;61.830608896854706
2024-05-30;67.27629679492449;55.473293827322074;62.289200258010446
2024-05-31;67.36443785850548;56.52085178866089;62.28228918061852
2024-06-01;65.69700042531113;56.39848855357373;59.86319892739357
2024-06-02;65.16927943101676;55.318638605482526;59.51171373108795
2024-06-03;66.87993503640264;57.62622322199947;62.228367930132706
2024-06-04;67.39746725579957;57.27887512233814;62.08594106231388
2024-06-05;67.31758904768152;56.554481236374684;61.950998609876436
2024-06-06;68.4138245452962;55.5433062883834;61.41813887564883
2024-06-07;67.37795746471407;55.73690033506037;61.37776957673708
2024-06-08;66.68767928312373;54.41993893075454;60.36459724942372
2024-06-09;65.42434777296704;54.49640192160024;59.295995378651824
2024-06-10;69.62961520830319;57.60228096367869;64.9759019345657
2024-06-11;67.27489134277766;56.13852387102514;63.72829364119902
2024-06-12;67.48979598131154;56.70530145211043;63.31186653982796
2024-06-13;68.15185458876117;57.23914429975666;63.151814672768694
2024-06-14;67.55583312005191;55.941140474030234;61.55196789268005
2024-06-15;65.60681497825576;54.42095328928822;59.47462831001995
2024-06-16;64.942866051723;54.164694798257216;58.97796109258824
2024-06-17;66.82457703813347;56.143309862716684;61.35909652034273
2024-06-18;67.43505595813677;58.08207661173496;61.76945092652821
2024-06-19;67.40170197803563;58.06521338219672;61.8191125426099
2024-06-20;68.52042366123335;57.76652883367259;63.78530446224126
2024-06-21;67.41488013455778;56.680298184519444;61.729340431016404
2024-06-22;65.24095449793788;55.0122556310076;59.675837840131074
2024-06-23;64.65814113279161;53.55634452266087;58.63767153177542
2024-06-24;67.1166854687412;57.35506286771936;61.822840896605996
2024-06-25;67.39098656589937;56.308094532309966;61.96092549752079
2024-06-26;67.11636983309643;55.447788618831915;62.176268311318516
2024-06-27;67.54692079356616;55.67181407403227;62.047457164714274
2024-06-28;67.20867806450025;55.76740102501379;60.95594111350698
2024-06-29;66.16165969565625;55.68178098733807;59.80447242178432
2024-06-30;64.67831829761353;53.53238576325802;59.37260364465165
2024-07-01;66.90070834739205;56.36105457728022;64.33792538120679
2024-07-02;67.38415365079648;56.267027080840776;61.151474012068036
2024-07-03;68.26172807876469;56.68786367717768;62.621880618752506
2024-07-04;68.19840520788583;55.604157792577695;61.3489956167232
2024-07-05;67.38098587268557;57.59033943480279;61.70734805611872
2024-07-06;65.56325015524473;54.56039862050733;59.04552665908669
2024-07-07;63.95880819751029;54.62393497440694;58.35887871614047
2024-07-08;67.46434895201571;56.62058410934733;61.05733383960025
2024-07-09;67.58224909657378;57.00372937399847;61.582013028003004
2024-07-10;68.46686479357305;56.288491030558696;61.16501779720002
2024-07-11;67.8395770385825;56.66612430134209;61.37335401001647
2024-07-12;67.16606502675955;56.452819636384525;60.83281939609114
2024-07-13;65.12825149076458;54.82697065132293;58.84205252698127
2024-07-14;64.4565335259765;53.91919545922335;58.28701917651509
2024-07-15;67.12295118088086;56.97726280947158;63.06526261841427
2024-07-16;66.83347393009922;55.5771107171139;62.91101560296076
2024-07-17;66.68362352948309;56.61692030167483;63.19745496013106
2024-07-18;67.04246665064282;56.67381968543467;61.95758296533469
2024-07-19;67.52921915106296;55.66666191270066;63.82631155050375
2024-07-20;64.7351214856292;54.714328131261674;58.78987984020489
2024-07-21;64.05262393978202;54.556579016142976;57.97392354642832
2024-07-22;66.43707130390669;55.08256684301852;63.11591384282
2024-07-23;66.7141151608168;55.47348753687095;64.22112714718762
2024-07-24;67.03547927555633;55.90987110968622;60.26468731165014
2024-07-25;64.69391712680317;53.90727958523919;58.83592810296214
2024-07-26;66.14786153218614;54.95099371943871;60.65368930954938
2024-07-27;64.4952815377789;54.66698084669446;58.17751969873943
2024-07-28;63.80313001145893;53.31335443981115;57.83359985576078
2024-07-29;66.48224993830237;55.901001923097276;61.33371196559964
2024-07-30;66.49526070057792;58.291560799796926;62.05768386903776
2024-07-31;66.57191887728015;55.52733501000382;63.90837998770521
2024-08-01;66.65186814697068;58.91194016048067;62.532146354065574
2024-08-02;67.19853899760007;60.643506839015544;61.99575315097354
2024-08-03;64.5285158413874;53.699836636529135;57.91188989550882
2024-08-04;63.13739830226506;52.81470716174625;57.76917461431006
2024-08-05;66.26509101140415;56.94653207441351;61.866184374977465
2024-08-06;66.4714022439199;56.40498272409022;62.45117522695368
2024-08-07;66.15280615479125;54.84821442388323;62.1845079628945
2024-08-08;66.11635557929196;54.33618165858065;60.355522367659525
2024-08-09;65.66048545908896;54.37742872863148;60.78435152741336
2024-08-10;63.897086345950996;53.76484915218279;57.64862436143939
2024-08-11;63.03415905685452;53.7988148220764;57.48039221538136
2024-08-12;65.95736693329543;54.61437222424695;60.45685017607873
2024-08-13;65.3774274978409;55.087811668735405;60.070854583710975
2024-08-14;65.32532123205976;55.1585747980007;59.8896505773091
2024-08-15;63.73115087773243;52.65511680488832;57.31870193279508
2024-08-16;64.82493092795407;53.87531169612103;58.206555396894196
2024-08-17;63.39219170961524;52.69890750674718;57.27072265972504
2024-08-18;62.861180804290456;53.85165657552803;57.064553226792334
2024-08-19;65.1924529810822;55.47146476303603;60.588908493458014
2024-08-20;65.75651818302916;53.90040976969359;63.18081293485555
2024-08-21;65.63123790833411;55.69924009590192;59.60195024975966
2024-08-22;65.66058905280634;56.34906002453461;59.860804555325515
2024-08-23;65.6888097758491;55.79072354142376;60.447509589829515
2024-08-24;63.869559680294415;53.71099275656333;57.93244044933472
2024-08-25;63.05972908964833;53.556691599470085;57.30414786209813
2024-08-26;65.80075283715387;55.02411550206886;65.16589073216166
2024-08-27;66.05372075848628;57.95356780236666;62.33249807744325
2024-08-28;65.9712085515496;56.42709354224956;62.05492726132802
2024-08-29;67.26535307842462;57.28658934485847;63.477148963070405
2024-08-30;66.2926448372465;55.779300856674745;62.74025459640612
2024-08-31;65.21378640053899;54.1718158382481;59.471228608867726
2024-09-01;64.45382364562418;53.01864246004481;58.3642790352075
2024-09-02;66.95248184202566;55.28346718379909;62.61705694911456
2024-09-03;66.79785326288335;55.20441990389212;62.59573304106696
2024-09-04;67.65515598994138;55.05297552261972;62.84916159635263
2024-09-05;67.36297726661337;54.552610670960455;64.31882432246144
2024-09-06;67.56503194964378;54.92157991801739;62.473569843386734
2024-09-07;65.1369249756213;55.29402688177183;60.537775653275645
2024-09-08;63.76324902487242;53.81304639068341;58.732708020075144
2024-09-09;67.56392266214331;56.808932833166224;61.18123434856016
2024-09-10;66.91642075721737;57.62849249944976;61.66102752941289
2024-09-11;66.85993921512348;58.527086272259325;62.77109500292938
2024-09-12;67.03407270280854;59.354527761385924;62.413955371755996
2024-09-13;67.32143491168021;56.73551418119217;61.66810739665968
2024-09-14;64.74269064953569;54.37034582434744;59.32447361348264
2024-09-15;64.15405294438617;54.72180681219662;58.3573312096786
2024-09-16;67.2330363412392;56.71350744001006;61.25008105307357
2024-09-17;67.91962643673698;56.4852848192282;62.00861256942339
2024-09-18;67.60313600991415;55.418178525204155;64.03241912423508
2024-09-19;67.95430320089362;58.16165574933138;63.49730780672044
2024-09-20;67.80662875103016;55.86947788566364;62.05839057917866
2024-09-21;65.98718536851605;54.25663197324197;61.81806115328243
2024-09-22;65.07843247666811;54.42682177343947;59.244556598559626
2024-09-23;68.36470616023159;56.146469189294436;63.21619498941102
2024-09-24;68.7552571293684;57.712933028799476;61.94885595244383
2024-09-25;68.01410859090039;55.779076328137656;63.31071820781102
2024-09-26;68.7192624250119;57.998333018818265;65.17712402411013
2024-09-27;68.0857536564459;55.99006659025349;63.09348092074401
2024-09-28;65.97934193039417;54.25905984031743;60.36411655452738
2024-09-29;64.86584422806168;54.163925135706;58.78963854216845
2024-09-30;68.07773901712827;56.056508892060506;61.75170164762697
2024-10-01;68.27445957420893;58.337859591003735;66.33368577353986
2024-10-02;68.9172710872464;57.191581011048754;64.72433664772748
2024-10-03;69.56976588801457;56.68993351886086;64.72841108406728
2024-10-04;67.59965454635393;56.37918859772434;62.06439075780985
2024-10-05;65.67773923076066;54.64936223641156;60.97730933414384
2024-10-06;64.62923361795394;55.49173750256017;59.31826661445307
2024-10-07;68.89718489187766;56.490263634899314;66.89374268389801
2024-10-08;69.38070055002547;57.12922042232799;64.46730001926947
2024-10-09;69.70127189284882;57.87589306546333;64.52534590777785
2024-10-10;68.6283646207413;58.87810025477197;64.13233308471212
2024-10-11;68.47220690904857;55.642257610278286;65.19514707852552
2024-10-12;67.30149747143429;56.09598149326885;63.829097621735656
2024-10-13;66.2051452987547;54.14659734724558;60.40323368057091
2024-10-14;67.58873974167558;58.748544098698794;64.69755528954003
2024-10-15;68.16424098820714;55.49124271142665;64.48969728305295
2024-10-16;69.60807352262698;57.57786683450674;64.57512682722708
2024-10-17;69.46459662967041;57.382690284909884;66.00333115758208
2024-10-18;68.33026975613647;57.41282913866402;65.11017771809973
2024-10-19;66.4212171667672;54.846520491691834;62.06233643544516
2024-10-20;65.38180682610249;54.4583738521489;59.446970590514006
2024-10-21;67.33537870163408;56.078510564500576;65.43277429371224
2024-10-22;68.11599579194863;56.27563111509172;63.96816992014135
2024-10-23;68.03030419412761;56.21067116629448;63.45763094584478
2024-10-24;67.93974285218782;57.13026922373294;62.4867101555428
2024-10-25;68.04235865537936;55.82520733892352;61.83601365059377
2024-10-26;66.884243493666;54.69142348982889;60.81983008116856
2024-10-27;65.38187607718628;55.26209234843059;60.332940676734864
2024-10-28;67.82596511091292;56.44678081045707;62.95485788340579
2024-10-29;69.67894457881013;57.77349436306881;65.06201656392483
2024-10-30;68.69892742349217;56.877674228210005;63.58904614098243
2024-10-31;68.20140219987931;55.979255663675495;62.79107212062925
2024-11-01;66.39577210436934;55.08815097100084;59.96059319055171
2024-11-02;66.03535099628124;54.49868873579884;60.22217997251417
2024-11-03;65.12962659229278;54.844477943201646;59.43506307803289
2024-11-04;67.71328641976274;56.753671081372985;62.06162862773488
2024-11-05;67.65845023129579;58.04012750761792;62.61328771803424
2024-11-06;68.20432747262647;57.822653820568284;62.31417776547195
2024-11-07;67.79345830293323;56.03342983687145;62.71463978589431
2024-11-08;67.78776037264375;57.581464138757354;62.32101257059172
2024-11-09;66.07282957069162;56.84036553664295;60.99244272795701
2024-11-10;65.83441848325731;54.13416712111105;59.751238401940874
2024-11-11;67.46290248874426;59.288718834129085;62.80488115833557
2024-11-12;67.65873583743306;57.64101415873586;62.33082477113517
2024-11-13;69.02579654077302;58.39186683536383;64.14476055103358
2024-11-14;68.0731984333175;57.90921869103919;63.849156984451234
2024-11-15;67.86557852499291;58.35171866365574;67.23664602765501
2024-11-16;66.4203433846735;55.129268667340924;60.68360054982473
2024-11-17;68.19141275590391;55.00959067394962;60.01617411316389
2024-11-18;68.23269809954085;56.17750376938956;61.883851126028766
2024-11-19;67.86448921764317;57.22510732926043;63.000337555923366
2024-11-20;68.07315066797723;57.17970117737504;62.78176635552725
2024-11-21;68.06766263646053;57.43918456927983;63.391141187858906
2024-11-22;68.18429920865684;56.223480632057075;62.9441668181627
2024-11-23;66.87960247859453;55.58190359910985;61.01530384777138
2024-11-24;65.9379207549701;55.23410548821868;60.63140772145289
2024-11-25;68.75199263917126;56.56460005663085;63.45687703287071
2024-11-26;68.29007816787401;56.81271466342999;63.444318907256985
2024-11-27;68.74220981845542;57.1708019699425;62.75894923166274
2024-11-28;68.44954244000265;56.990354455655435;62.925490458061745
2024-11-29;68.40906979395731;56.31437887277436;62.903630421538125
2024-11-30;66.37886699888024;55.51367932188381;61.52933771405678
2024-12-01;66.52187540154767;55.19337199437466;60.4797016372197
2024-12-02;67.90665332532726;55.78419262567867;62.62300984004593
2024-12-03;68.21476794451155;57.81965094692016;62.42524158643302
2024-12-04;68.4487724670117;56.459801319356096;62.44590181161969
2024-12-05;68.24958098785869;56.417324095886975;63.121698274838806
2024-12-06;65.78483005240747;54.31000847706504;60.7243632392898
2024-12-07;65.92741297096354;56.566690606853044;60.685579116291706
2024-12-08;65.29739526078785;54.46559999717227;59.957724388142665
2024-12-09;67.79728577492943;55.65260896543961;62.261132526076835
2024-12-10;68.01204300786486;57.16490874241178;62.98339902594171
2024-12-11;68.44724694376863;58.67886082932511;63.183116983839554
2024-12-12;68.28388943093162;56.31197345375047;62.998528177368286
2024-12-13;68.84247292248455;56.88125220335745;64.12700365901459
2024-12-14;66.93211648189803;54.9049673449306;61.95942942809971
2024-12-15;66.30389136094176;56.84078470631852;61.350316451304884
2024-12-16;68.00496800512528;57.08861937905945;65.7972890393694
2024-12-17;68.066152738039;57.53360855002937;65.78052057746345
2024-12-18;68.20209860355091;56.81820719236235;64.47398346919235
2024-12-19;68.35265742664409;56.82856003125137;62.887978618516236
2024-12-20;68.30402665034629;56.55450874387775;63.60036759695373
2024-12-21;66.78993740747063;55.22759482613081;61.6890350594318
2024-12-22;69.27818737633153;55.050444084616544;60.12451755810971
2024-12-23;67.72217091275311;56.37447691119765;62.11865346465815
2024-12-24;66.5068939209104;57.5687177106455;61.736445473045904
2024-12-25;64.23425541120838;54.25576368102145;58.50665458821757
2024-12-26;67.46380426160299;58.01850388707908;61.74408361933167
2024-12-27;67.23319916972154;55.833096234560884;61.70857276170568
2024-12-28;66.25753170481441;54.93207079652484;60.89893102752016
2024-12-29;65.50879899100629;54.624150411655705;60.110925337100205
2024-12-30;67.29997448128942;57.540174609927426;61.94958875377745
2024-12-31;66.22963114959101;56.96586762268848;61.40779828772604
2025-01-01;64.43499417976082;54.382942056154036;58.455617568485025
2025-01-02;67.46794434666266;56.655758837526584;61.59071390743588
2025-01-03;67.62115812053335;56.08211538553246;62.08571725857457
2025-01-04;65.92655895768397;56.083557959963535;61.86746301798153
2025-01-05;67.13229402091882;55.56259091943896;61.791424778985046
2025-01-06;66.29024994203405;60.041683860365694;60.01038182657541
2025-01-07;67.75665182628805;56.03889395395052;61.992417333990566
2025-01-08;68.94485754443829;57.11209611753374;63.06151957381185
2025-01-09;69.74184040407073;57.37271693710653;62.558155540398445
2025-01-10;67.71178595886448;56.49294972923766;61.94420107107666
2025-01-11;66.67525033785489;55.85633487504164;60.7582388910549
2025-01-12;65.38857883408282;55.32745355639844;60.59602930486234
2025-01-13;67.82568863904214;57.101355459095345;63.02380313662291
2025-01-14;67.72154292331106;56.07799551498665;62.0722381558872
2025-01-15;67.79592787409482;58.01106200952714;61.97421809679686
2025-01-16;68.05514522278338;56.5608020291328;61.913515912206734
2025-01-17;67.90167982469342;56.655199866807145;64.4322569822715
2025-01-18;66.42931535765759;55.57689001019818;60.974174590545836
2025-01-19;65.92705598940117;55.48716071572951;60.096567263012524
2025-01-20;69.96355706429836;57.24777934046196;63.73452897923967
2025-01-21;70.77110338432689;57.46828751751899;64.59674756800608
2025-01-22;70.02764066747149;57.8157513142591;64.22883419425236
2025-01-23;69.14806101326371;58.34781037336463;63.68833468534533
2025-01-24;68.6752516204229;57.208527263486076;62.75781771140068
2025-01-25;67.39221928861059;55.71174115764534;61.88912643945689
2025-01-26;66.41414793451;55.40376469388804;60.39453635826526
2025-01-27;69.49731267087157;58.493011114020234;63.88599892129918
2025-01-28;69.39820349059798;56.472614018123856;63.236482381182
2025-01-29;69.70428697347701;58.64749418590824;64.06003362096737
2025-01-30;68.43207284978371;57.92897354049324;62.822826554250625
2025-01-31;68.26964028443997;56.83871529609437;62.83690096280482
2025-02-01;66.56028299326123;55.70922792267219;61.82634307277794
2025-02-02;65.60575159919418;56.079643026915456;59.99167812644822
2025-02-03;68.11979698629574;56.43986529595341;64.2350828508788
2025-02-04;68.13664228762305;57.14416494888176;62.399821913572765
2025-02-05;68.32895071229072;57.131294874122595;62.85130054372391
2025-02-06;67.82052301256755;56.69130968264869;63.230210071985624
2025-02-07;69.28746674955421;57.46952367645931;64.70114650869878
2025-02-08;67.2338770288278;55.46181370950257;62.158082105090585
2025-02-09;65.98142531002608;55.980132478264636;60.40151282318149
2025-02-10;68.38012414393889;57.67178963836601;64.8067746154444
2025-02-11;68.18481823359267;55.5988241718833;65.70500682330811
2025-02-12;69.4562976204135;56.93134117560217;64.30405918391226
2025-02-13;68.29051491986986;57.30559469637711;63.03324293972303
2025-02-14;67.88604648404471;57.508700378598576;62.5272871229587
2025-02-15;66.2748827206072;54.719369310378696;60.616118135847444
2025-02-16;65.03377890212381;55.19129096991581;59.66605911406799
2025-02-17;68.23039557311762;57.39507967987975;62.310010860126326
2025-02-18;67.80684807077557;58.06483082794506;62.69574532963213
2025-02-19;67.9181418942221;56.19499423862861;62.313381357090655
2025-02-20;67.76924405595412;56.49604895874279;63.20350826968232
2025-02-21;67.82071134985883;57.99701510645559;62.03840587703861
2025-02-22;66.0966036423425;56.21184822126034;61.44599318503106
2025-02-23;66.07106346103402;55.34594155882161;59.4512799114796
2025-02-24;67.89692728286157;56.1860957065951;61.90169384087476
2025-02-25;67.96490252162998;56.22008954073101;63.5638683343076
2025-02-26;67.58485896881953;56.52590073059166;62.475400899093614
2025-02-27;69.48421399295445;56.34710502025344;62.9941291781121
2025-02-28;68.20766414065743;57.3152527419628;61.76313252265754
2025-03-01;68.8108054684281;55.24825309869681;62.502942751712965
2025-03-02;69.02401942060665;56.42759544285225;62.55623487605773
2025-03-03;69.66598621376738;57.66927594582209;63.638636627007834
2025-03-04;69.05035931988789;57.00043956106386;63.7156239557708
2025-03-05;68.96597446935124;56.51490036323906;63.085645106571235
2025-03-06;70.00174641268553;57.64148488066222;63.793630782285064
2025-03-07;70.46230581025662;59.30434773889468;64.42216835610198
2025-03-08;69.78021276161307;56.050128012444176;63.90701588866942
2025-03-09;67.21779814139069;55.08531665813749;61.35530096383267
2025-03-10;68.78591276927493;56.69440989842634;64.2839060506472
2025-03-11;70.42539456571936;58.26102528763989;64.87075058086846
2025-03-12;68.47753830365265;56.594298816903716;63.3730743720314
2025-03-13;68.07470797406188;57.49820805306899;63.0129397606576
2025-03-14;68.04340162085728;57.30108357089149;63.139135031008124
2025-03-15;66.24556442820067;55.62916273042565;62.04734335117248
2025-03-16;66.13922286108414;54.84339952819484;60.80893931785028
2025-03-17;68.80850759322433;59.47432942473095;63.65241240147359
2025-03-18;71.10773751227667;59.06612846269741;65.28551416740883
2025-03-19;68.27376385433662;58.219743740901386;62.66622959411998
2025-03-20;68.76612787104976;57.565011297903894;63.198694783756046
2025-03-21;69.63631889861301;58.08517082841843;64.58566386277842
2025-03-22;68.00778478000612;55.92435317703098;62.015408209630884
2025-03-23;68.45673497110951;54.913061886626615;60.19942735608125
2025-03-24;67.89807379239213;57.3974846887133;64.70443114270242
2025-03-25;68.86262630568011;57.62133274735617;62.47966223453908
2025-03-26;68.21619348061377;59.06151334248062;63.32973084401087
2025-03-27;67.7650200717674;57.09525776072701;62.33455873946128
2025-03-28;67.5329131013456;56.54849742831941;62.586513056838996
2025-03-29;66.14663920753944;55.050180634797954;60.83928935486831
2025-03-30;64.9733600848704;54.3905289519428;59.564129071877886
2025-03-31;67.01616037845945;56.45285404552848;62.72397523729728
2025-04-01;67.31361369021602;56.54626527704924;62.039710438834206
2025-04-02;67.36975658435547;56.517650096391556;61.87081468629599
2025-04-03;71.39034009765814;59.26741679294814;65.43931273911171
2025-04-04;69.68736382909624;58.06325971248519;63.72925627963206
2025-04-05;66.66602361041748;55.28957663187359;61.02715343060292
2025-04-06;68.69433392057334;54.97736499154453;60.01457029026727
2025-04-07;67.27089357758724;56.61267802273944;61.874989972139325
2025-04-08;67.43232316289803;57.24581623610081;62.02274887034251
2025-04-09;67.82506920536053;57.33986449136462;61.84188667232519
2025-04-10;67.89794846109034;57.466815004165575;61.99071548346495
2025-04-11;68.78740804058602;57.10961912784774;62.613429073389796
2025-04-12;66.97653835153855;55.346281945651405;60.607619066977556
2025-04-13;65.62122912265124;54.21355384996506;59.681807462869855
2025-04-14;67.19153226898995;56.98109519940686;64.09179851782773
2025-04-15;67.93398943282614;56.727962006875245;61.80559520208092
2025-04-16;66.93079423541353;55.75842396518578;61.90423430475512
2025-04-17;65.36760443188321;53.32581559144079;59.473254375898335
2025-04-18;64.61542702691023;53.98619159301333;58.68542189993701
2025-04-19;65.71430483188006;54.24793255682397;59.90208630032388
2025-04-20;64.66340945332347;54.095103723894;58.81981736869734
2025-04-21;66.88935759215224;55.33303522632483;61.52007275910076
2025-04-22;67.32836762596236;56.22346125040329;61.94016362130148
2025-04-23;67.27381498216836;55.992137078296025;61.286077849785286
2025-04-24;67.77845743184668;57.98010936430255;60.947884648278546
2025-04-25;67.331827268208;59.49428862613121;61.62870907446581
2025-04-26;65.89972602510122;55.36606501760309;60.249031955031136
2025-04-27;73.43240005390514;54.555191436833226;61.274517170505305
2025-04-28;68.44487400684224;61.06425863740273;63.33590387891043
2025-04-29;67.05881082477487;56.300117344498474;62.600576173599734
2025-04-30;67.52958988200851;56.17032909605928;62.19471088352216
2025-05-01;67.10022860822893;54.17727562151054;59.00102210587865
2025-05-02;67.98994678734195;59.412824613297374;63.282750136200505
2025-05-03;65.14814743078433;54.08948990156608;59.620124757505025
2025-05-04;65.86225538741004;55.0076165978719;60.085141512532275
2025-05-05;68.81733197204635;57.0974650570961;62.34952615549257
2025-05-06;68.0604639431942;56.251683110874765;62.01857714144229
2025-05-07;67.58712816218127;57.34109926812255;62.23988662684491
2025-05-08;67.87256056585667;56.5878620109507;62.25507815675927
2025-05-09;68.33129018647958;57.884828409085756;62.30879917273978
2025-05-10;66.73496790678061;55.858846488996164;61.27782314319485
2025-05-11;65.69951268240945;55.56659483500229;59.735883405336864
2025-05-12;68.60297287751962;56.545549146657514;62.29397588460739
2025-05-13;67.64035294679086;59.46785713579896;62.23915027458048
2025-05-14;68.09394186230476;57.44796279438375;63.15728641932742
2025-05-15;66.56429230518337;56.23641683967419;60.78990324957894
2025-05-16;67.26522003356696;56.18461040333209;62.619266405006314
2025-05-17;65.66291667198924;55.2640121820566;59.966295372711535
2025-05-18;65.09020606239778;55.436932716148874;59.31633484983618
2025-05-19;67.89563525473655;56.6502122144616;62.250443841799935
2025-05-20;67.89285821964165;57.30419745885349;64.1031250537936
2025-05-21;68.25279272573154;57.80241214655658;62.77644034367412
2025-05-22;67.20326577411106;56.47890298031165;61.890471581486665
2025-05-23;67.67769343297485;57.82993977985625;61.63141514608728
2025-05-24;65.54638108143274;56.07823162430159;60.55479256818934
2025-05-25;65.65111138026309;55.31170298043531;59.04597245091559
2025-05-26;67.14565184944851;56.41421892625598;61.18293166398303
2025-05-27;67.35571839417923;56.47976682021212;62.028977670092445
2025-05-28;67.71903680983118;57.22768107313232;61.31142801530453
2025-05-29;67.69119624228162;58.563653441614605;61.947113821552776
2025-05-30;67.51399653875201;56.2995271392408;61.44821216488083
2025-05-31;65.77980242822625;54.264574882081305;60.4516326170041
2025-06-01;64.76395218470968;53.92940366583821;59.308964218545164
2025-06-02;67.00890749927044;56.085402063201585;61.45448880999847
2025-06-03;67.05699536530793;58.71726072844097;61.737826629522644
2025-06-04;67.43379200359689;55.7066120555119;61.84083170634162
2025-06-05;67.32103879968517;55.295006972679786;61.480508696030476
2025-06-06;67.64623686013803;56.396360752344386;62.17110851213373
2025-06-07;65.49034867094524;53.82645269675627;59.826387534846184
2025-06-08;64.8462681391008;53.67715529371233;58.9176390289136
2025-06-09;67.21113169861744;54.902957530564166;61.884407131936726
2025-06-10;67.28489149177864;55.951290258913424;61.718734367655685
2025-06-11;67.59813307426684;58.438534305649014;62.00098072320991
2025-06-12;67.58347805902402;56.26110354470616;61.51443526660557
2025-06-13;67.1094911791227;57.09229628449996;61.36629784429835
2025-06-14;65.89440363391013;53.83701425993645;62.61977368193878
2025-06-15;64.80877441705056;53.43470308218112;58.75665470075691
2025-06-16;67.36953188054969;55.90048277803179;61.6886195945994
2025-06-17;67.0294035591861;57.5931342428442;61.786073129114065
2025-06-18;67.71930780928807;56.06582057166668;61.59338970122613
2025-06-19;67.40682038210389;56.14972077739292;62.28756532263194
2025-06-20;67.23007768475938;57.40477233951125;61.5861164961807
2025-06-21;65.12610197599103;53.80083065773536;59.73213165144949
2025-06-22;64.642145972406;53.627365498594344;58.77906697662306
2025-06-23;67.02021373873946;56.17881865279635;61.6818581797779
2025-06-24;67.23757277095535;56.89105804198506;61.744459186185836
2025-06-25;67.36746295087565;55.91172735364971;61.974245442757514
2025-06-26;67.77589527460401;58.78500169365611;61.59813272010201
2025-06-27;67.13072435238432;57.0581745797519;61.20837923717068
2025-06-28;65.33747814076652;54.880714565673216;59.73072285580258
2025-06-29;64.69274584821727;54.91041251631935;59.34685880776698
2025-06-30;67.62191027829702;57.15139133157784;61.769031268807225
2025-07-01;67.18735488767717;57.807868448166275;63.21842380518913
2025-07-02;67.3828865550285;60.10188010930935;61.3144916436599
2025-07-03;67.94485554967824;58.616087280226125;62.08077070956623
2025-07-04;67.5912221443933;61.86629064655108;62.26798147169226
2025-07-05;65.97528053993123;56.31527240328954;60.115851934553966
2025-07-06;64.25116167118789;56.215922847437525;59.48613263849155
2025-07-07;67.12166431381748;57.63782046637665;61.30597611584855
2025-07-08;66.96445722030833;57.93308348775628;62.37263946761591
2025-07-09;67.13801073652816;57.89830331981601;62.0298885203517
2025-07-10;67.62634567033449;57.87568219938912;61.9114981306869
2025-07-11;67.18907346820451;56.686945796946816;61.63309392136007
2025-07-12;64.73703250595088;54.54514727886754;59.70559143665584
2025-07-13;64.14757649969363;55.19226107994513;59.696934503634836
2025-07-14;66.88454954488158;58.77958297875293;60.93949614457898
2025-07-15;67.30692979116371;57.55640805744682;64.87887904292958
2025-07-16;67.05729112873995;56.74437781423062;62.127657439039766
2025-07-17;67.42584210257522;56.50169486173616;62.84984435991183
2025-07-18;67.000220537671;59.44096959461401;60.94772263722546
2025-07-19;64.76098390995556;56.022072504250474;59.27764881761678
2025-07-20;64.47502215616731;53.37770614959805;58.82653380449656
2025-07-21;66.61711253972409;59.176428354935254;60.75515338020754
2025-07-22;67.20487829241651;58.731780533546825;61.67661002047485
2025-07-23;68.15936420953732;55.44219076341304;62.14684295199504
2025-07-24;67.16341780233344;58.578508592897535;61.41792986206543
2025-07-25;64.13469398002191;53.84131433205419;58.65356493806736
2025-07-26;64.1525494704197;52.73687707363767;58.43346198995958
2025-07-27;63.7143315257752;53.568288293897204;57.685987506760554
2025-07-28;66.65411316957605;54.93648579463429;60.98376145286598
2025-07-29;66.81167293196565;55.88548182969176;61.024356948434416
2025-07-30;66.7846735493474;55.57521098242291;60.73857539235598
2025-07-31;66.8917582164729;56.47046448314674;60.81460317502994
2025-08-01;66.38971695714798;55.96878856638175;60.906571885120506
2025-08-02;64.23554175132688;53.65726284758517;58.67251334388499
2025-08-03;63.57363797497744;52.94570006199076;57.899490083028695
2025-08-04;66.6734746485484;54.813583508485365;59.958005713609
2025-08-05;66.45426167295568;56.68508587454406;60.29019065747243
2025-08-06;65.90102305819558;56.12922818971804;60.34070930289648
2025-08-07;66.2298289261317;54.93823144541989;61.17154375750133
2025-08-08;65.71501825026886;54.69538196326781;60.78213825919721
2025-08-09;65.38858598930831;52.60848729242754;58.06752650678264
2025-08-10;64.02962268029088;52.92830318230702;57.48279073649545
2025-08-11;65.77565781660736;53.938538125706465;61.06946190555882
2025-08-12;65.97357190130612;54.635609554670694;61.3547971749917
2025-08-13;65.667554305063;56.62458849163974;60.31903418281462
2025-08-14;66.49821241485179;55.26149959864523;60.4777955440902
2025-08-15;64.05685857872376;52.109627453746796;57.83109751042572
2025-08-16;63.82170871823763;52.86574318065466;58.06021043385171
2025-08-17;63.222906845517656;53.093940250245986;57.405287940558615
2025-08-18;66.10402629531939;54.128708427101344;59.66804928993004
2025-08-19;65.65857920338117;55.75518877802318;60.150800846175144
2025-08-20;65.7507248231731;55.73163379335938;60.22093649758734
2025-08-21;65.99477463918605;55.18544175294064;60.73090032897123
2025-08-22;65.43015395112373;55.23778017831311;60.36042448200283
2025-08-23;63.700627529747536;52.9874159513734;58.2498003718204
2025-08-24;63.18028583602806;52.108559121036386;57.500828250185336
2025-08-25;65.67251679696069;55.61251186899855;60.49811342193252
2025-08-26;66.18207838812862;55.16809783375198;60.8412118229582
2025-08-27;69.12044531014614;57.34672253979876;60.39307558052441
2025-08-28;66.40499526558881;57.37434181034135;60.262099272549705
2025-08-29;68.23934284306836;55.7727619830008;60.44885476528051
2025-08-30;64.43410714254823;53.00785477144146;58.86024177098263
2025-08-31;64.45655343656207;53.36514229754943;58.87846932761971
2025-09-01;66.54082616979038;55.6393185660498;60.93618900069984
2025-09-02;66.99348879442698;58.542011289900834;62.7982723684216
2025-09-03;66.78480928888457;57.55262320238611;61.274813508875575
2025-09-04;67.09867953063936;60.893516020686526;61.23328826274812
2025-09-05;66.82484446381407;60.28736053160462;61.149156400422584
2025-09-06;65.21178993765442;56.214886480952;59.50420359650569
2025-09-07;64.31013846646641;54.811704350587014;58.89901137309985
2025-09-08;66.6687496384057;63.313885056102805;61.05983467226692
2025-09-09;67.3523602072174;63.043758599864894;61.678483819773106
2025-09-10;67.54667593075926;61.19060825842274;61.75587816900528
2025-09-11;67.20753087224946;63.09883392790223;61.32663951985499
2025-09-12;67.15060231372733;60.43190630754679;61.641500658769885
2025-09-13;65.24928697176344;54.06055847381936;60.59394243746321
2025-09-14;64.69165534160405;53.79356256370887;58.674379715559056
2025-09-15;67.27900683375215;59.12278793702936;61.52362748083742
2025-09-16;67.82353552871473;58.81846110910147;61.87306814204022
2025-09-17;67.45321734315398;58.75220614358682;60.91627643831671
2025-09-18;67.46203679291911;58.195757233508004;61.88475059484735
2025-09-19;67.35967522023458;67.30960731072196;61.23340657911952
2025-09-20;65.32231963745947;53.93584382121806;59.49137996216586
2025-09-21;64.6565817739252;53.934793910765244;59.06142903683531
2025-09-22;67.20364200620922;65.8134098121634;60.86894624490493
2025-09-23;67.3588357683296;62.12362586595777;62.065876772834116
2025-09-24;67.35568920285645;62.99650017962633;62.05913182890983
2025-09-25;67.37073773520662;65.45624352171069;61.34656401680709
2025-09-26;67.4767586294233;58.8410248059261;61.57656090792271
2025-09-27;65.59032088789542;54.919971041600476;60.06512070097905
2025-09-28;64.62789131132376;54.114234851679356;58.67145017071117
2025-09-29;67.50384417809043;59.28846168896608;61.89607342962439
2025-09-30;67.49328324265117;59.66261907591273;62.10444855015153
2025-10-01;68.09562325003084;59.654818333267265;62.649712227056455
2025-10-02;67.79297023574026;59.39448906606736;61.93524290470976
2025-10-03;66.96232745702449;58.9485754964127;61.68855509531352
2025-10-04;66.52871527313688;54.41509776656701;60.17393325186969
2025-10-05;66.66646396622592;54.153688172351266;59.67087993526007
2025-10-06;67.67130614758709;62.089733634994325;61.94453844410673
2025-10-07;68.58343056754714;63.886448095849616;63.11908256517265
2025-10-08;67.37841322513341;64.56565828801583;62.56375871793627
2025-10-09;67.80898712560146;63.13887956969734;62.17160707696719
2025-10-10;67.82168555971192;61.26457519316012;62.515066150164046
2025-10-11;65.88984154052308;54.91503176077402;61.11843210258353
2025-10-12;67.04431949843016;55.87204561478969;60.4261927910218
2025-10-13;66.8387963977282;59.53011825333842;61.38924236600513
2025-10-14;67.25588436948551;60.023683472916616;62.80624846435484
2025-10-15;67.62996625623606;60.55223198232027;61.86165964134665
2025-10-16;67.68075501167927;61.22980085006776;61.373204872501816
2025-10-17;67.52388913730093;61.152255472807546;62.296868080037385
2025-10-18;66.26156151049138;54.531634010875784;60.232207539296
2025-10-19;65.22916979226999;54.47766290149379;59.66960178504563
2025-10-20;67.59682795310479;64.73013170866429;61.67903578240595
2025-10-21;68.32901971386632;61.28391942727315;63.0121912776631
2025-10-22;67.90450939696808;59.96482349638487;61.86337599545859
2025-10-23;67.814357698978;61.8007862988469;62.7164223828367
2025-10-24;67.38656148067344;59.67096546920754;61.86651320523181
2025-10-25;66.12785943270636;54.60398005470769;60.395370563238416
2025-10-26;66.12586242125496;54.50435676680118;60.13056929796926
2025-10-27;67.79903944943847;61.084575092790075;61.834312727415835
2025-10-28;67.80064825779725;59.43018724761288;62.78056085990705
2025-10-29;69.73334144593007;61.079160471330184;63.60419353065364
2025-10-30;68.71879184485836;60.872415042754184;62.471988040143685
2025-10-31;67.94836164238515;57.920230241114496;62.268629510908525
2025-11-01;66.05064683733046;54.26196017420354;60.94088006458344
2025-11-02;65.44990385212672;54.69398230793882;59.729466279362896
2025-11-03;67.44959402550887;63.02837618654395;61.45215891378116
2025-11-04;67.73950788644845;60.20298024480206;63.400309321441384
2025-11-05;68.33586022293704;62.19391323099991;62.87459614125139
2025-11-06;68.30018304770807;62.184725482984156;62.748025870969826
2025-11-07;68.90729058593547;60.09116156190948;63.5849766523712
2025-11-08;66.86915800259654;55.08323848068529;60.93062130991999
2025-11-09;65.75621369160358;53.757405572774644;60.11675328106879
2025-11-10;65.92938103962999;54.890870092324064;60.345306132432825
2025-11-11;68.3074202517441;62.05984976021778;62.65578047094179
2025-11-12;68.04295115334712;61.033016809874766;62.16603905967335
2025-11-13;69.97893616733126;63.7897802996964;63.64560415505451
2025-11-14;69.50514244736415;63.08600931109297;63.78343536809648
2025-11-15;69.33670694601122;58.188354201262634;63.49636004280825
2025-11-16;68.02660388564532;54.27517543047988;60.63758660473197
2025-11-17;68.20669849148098;64.00096444796179;61.81432329979085
2025-11-18;68.30207249184407;65.23460575151995;63.305110879420845
2025-11-19;68.51522212355866;64.10879549973913;62.46274869997742
2025-11-20;68.097740723641;61.83109660876778;62.3433092231915
2025-11-21;68.10398711673673;62.815972189551374;62.443452733541534
2025-11-22;67.19467547398605;54.57674452359786;61.47074188807453
2025-11-23;65.91701375335907;54.44670461230181;60.18619527868906
2025-11-24;69.67783189358286;60.73791050513804;63.225552797917246
2025-11-25;68.40393966866822;64.25693573915241;63.11528101610152
2025-11-26;68.5181829592234;65.66966808494855;62.49451922505447
2025-11-27;68.75893755363849;63.29244439012097;62.5148907278339
2025-11-28;68.34876809992784;61.13610549573512;62.63466534029631
2025-11-29;66.98871244929411;54.88614824413288;61.646142496584545
2025-11-30;66.64766624789058;55.05678626750268;61.361326250606496
2025-12-01;68.14789951560668;62.52192767281521;63.033615021274656
2025-12-02;69.26953422395549;60.95205124786003;64.03940014349705
2025-12-03;68.66652178934052;62.574785981385695;63.25935838518597
2025-12-04;69.14068739238712;61.21120752252877;62.973665306168236
2025-12-05;68.36139141109032;60.50857077199163;62.6570156174925
2025-12-06;65.83817108537099;54.67135492554958;60.1522986004247
2025-12-07;65.15737847800264;53.074966456208664;59.81627269934569
2025-12-08;65.49550905939552;53.824041625585586;59.80467803816241
2025-12-09;68.06181676330556;62.2258251271802;62.6292605856103
2025-12-10;70.3059390369674;59.394163619322484;64.16832742915913
2025-12-11;69.12226292798566;62.951309514791724;63.00648934993269
2025-12-12;68.64809629711681;59.43110554385242;63.387061519873
2025-12-13;67.47712619959239;56.556124999348555;62.10307733134049
2025-12-14;66.34430800613298;54.113106152692545;62.01306115235276
2025-12-15;68.03605899381657;61.11287646834543;63.10587052849347
2025-12-16;70.14009453633112;59.9706130608063;64.56194558224864
2025-12-17;68.80161659772314;59.71907497377477;63.32981750835552
2025-12-18;68.83808833869493;59.588918754802805;63.16484951191199
2025-12-19;68.59823918434212;60.44695954236852;62.61503171100812
2025-12-20;67.80165285102456;57.36547929176615;62.27717540356583
2025-12-21;68.57470941869154;57.337710240726366;62.50832952195593
2025-12-22;68.15847270906528;60.06907519134326;63.16017527613734
2025-12-23;68.43625937940256;58.10198543649945;63.8290949673363
2025-12-24;67.38476640241726;55.09071026850816;61.587940592054984
2025-12-25;64.80925634868426;53.75018980077741;58.58935096958889
2025-12-26;67.2522884615106;57.477472935966254;61.488001098708295
2025-12-27;66.63749450851556;55.083260695467175;61.13904338226497
2025-12-28;65.89440609528094;54.170369233478155;60.73644257711023
2025-12-29;67.99470514190938;57.10664356154821;62.03397586147652
2025-12-30;67.57486280168656;58.03656082937287;62.78292428556518
2025-12-31;67.40218556392105;58.25194442594773;61.9663446261568
